frequency_Hz,surrogate_gain_dB_normalized,ideal_gain_dB_normalized,surrogate_phase_deg
1000.0,-0.0002918933825611175,-8.62956398984607e-10,-0.21732574529711268
1001.7199225573711,-0.0002918845844002914,-8.659274919093534e-10,-0.2176995290302091
1003.4428032483445,-0.0002918757559508594,-8.689072637813006e-10,-0.21807395564383414
1005.168647160683,-0.00029186689710481323,-8.718947502729822e-10,-0.2184490262437006
1006.8974593908969,-0.0002918580077580022,-8.74894773021731e-10,-0.2188247419374222
1008.6292450442629,-0.0002918490878110972,-8.779034747176809e-10,-0.21920110383451813
1010.3640092348377,-0.00029184013715416137,-8.809266413256315e-10,-0.21957811304641545
1012.1017570854766,-0.00029183115567822215,-8.839584868807831e-10,-0.21995577068645358
1013.8424937278429,-0.0002918221432849149,-8.869990113831356e-10,-0.22033407786988637
1015.5862243024268,-0.00029181309986140965,-8.900520721425555e-10,-0.22071303571388576
1017.3329539585588,-0.00029180402530066255,-8.931167048315765e-10,-0.2210926453375451
1019.0826878544291,-0.00029179491950430896,-8.96188087812865e-10,-0.2214729078618833
1020.8354311570963,-0.0002917857823537327,-8.99270078396288e-10,-0.22185382440984652
1022.591189042507,-0.00029177661375056924,-9.023665338917116e-10,-0.22223539610631277
1024.3499666955092,-0.0002917674135762023,-9.054716683343364e-10,-0.2226176240780945
1026.111769309871,-0.00029175818172648123,-9.085893390340287e-10,-0.2230005094539427
1027.876602088291,-0.0002917489181001483,-9.117147243534554e-10,-0.22338405336454936
1029.6444702424167,-0.00029173962257762303,-9.148507172750164e-10,-0.22376825694255145
1031.415378992858,-0.00029173029504800407,-9.180011751085785e-10,-0.22415312132253357
1033.1893335692073,-0.0002917209354129268,-9.211583832344082e-10,-0.22453864764103257
1034.966339210048,-0.00029171154355088204,-9.243271632898389e-10,-0.2249248370365395
1036.7464011629754,-0.00029170211934903984,-9.275075152748706e-10,-0.22531169064950357
1038.5295246846078,-0.0002916926627128929,-9.307004035169702e-10,-0.22569920962233567
1040.3157150406087,-0.0002916831735141816,-9.339048636886707e-10,-0.22608739509941178
1042.1049775056947,-0.0002916736516410402,-9.371151098251724e-10,-0.22647624822707602
1043.8973173636555,-0.000291664096997033,-9.403417495286084e-10,-0.2268657701536439
1045.6927399073672,-0.0002916545094481138,-9.43575139524312e-10,-0.2272559620294059
1047.4912504388133,-0.00029164488889398953,-9.468229944320169e-10,-0.22764682500663203
1049.2928542690918,-0.00029163523522183013,-9.500814569418564e-10,-0.22803836023957294
1051.0975567184375,-0.0002916255483072332,-9.533495627263634e-10,-0.22843056888446497
1052.9053631162342,-0.0002916158280489412,-9.56632133422872e-10,-0.22882345209953314
1054.7162788010348,-0.0002916060743235161,-9.599233830665813e-10,-0.2292170110449948
1056.530309120571,-0.0002915962870142705,-9.632300619497586e-10,-0.2296112468830626
1058.3474594317738,-0.0002915864660131963,-9.665386694878705e-10,-0.23000616077794805
1060.1677351007859,-0.0002915766112036059,-9.698646349203835e-10,-0.23040175389586495
1061.9911415029828,-0.000291566722461097,-9.732041009374311e-10,-0.23079802740503386
1063.8176840229821,-0.0002915567996738042,-9.765522459016799e-10,-0.2311949824756835
1065.6473680546635,-0.0002915468427250398,-9.799109984680633e-10,-0.23159262028005587
1067.4801990011827,-0.0002915368515010097,-9.832832516189812e-10,-0.23199094199240888
1069.316182274992,-0.00029152682587248966,-9.866699696819004e-10,-0.2323899487890208
1071.1553232978486,-0.0002915167657276141,-9.900615093821543e-10,-0.2327896418481923
1072.9976275008366,-0.0002915066709525886,-9.93471371304276e-10,-0.23319002235025113
1074.84310032438,-0.0002914965414181892,-9.96887019191199e-10,-0.23359109147755466
1076.6917472182624,-0.0002914863770135145,-1.0003190606450568e-09,-0.23399285041449477
1078.5435736416384,-0.0002914761776112692,-1.003761709701049e-09,-0.23439530034749956
1080.3985850630513,-0.0002914659430957303,-1.0072149663591762e-09,-0.234798442465038
1082.256786960453,-0.00029145567334635283,-1.0106807592743715e-09,-0.23520227795762358
1084.1181848212143,-0.00029144536823969897,-1.0141581241191678e-09,-0.23560680801781708
1085.9827841421445,-0.00029143502765618815,-1.0176470608935656e-09,-0.23601203384023023
1087.8505904295062,-0.0002914246514694894,-1.0211466052700983e-09,-0.2364179566215297
1089.7216091990354,-0.0002914142395638796,-1.0246654361959656e-09,-0.23682457756044065
1091.5958459759515,-0.0002914037918091704,-1.0281890887591677e-09,-0.23723189785774962
1093.473306294978,-0.0002913933080848169,-1.0317252775794379e-09,-0.23763991871630868
1095.3539957003568,-0.00029138278826834553,-1.0352759313117098e-09,-0.2380486413410381
1097.2379197458686,-0.00029137223223149654,-1.0388381569735829e-09,-0.23845806693893187
1099.1250839948423,-0.00029136163985468954,-1.0424129188925242e-09,-0.2388681967190589
1101.0154940201774,-0.00029135101101159346,-1.0460021457234669e-09,-0.23927903189256802
1102.9091554043566,-0.0002913403455691267,-1.049598122846678e-09,-0.2396905736726909
1104.8060737394678,-0.00029132964341060203,-1.0532114578642906e-09,-0.24010282327474652
1106.706254627213,-0.00029131890440968835,-1.0568373291389713e-09,-0.2405157819161438
1108.60970367893,-0.0002913081284361972,-1.0604699507059202e-09,-0.2409294508163854
1110.5164265156066,-0.00029129731535994024,-1.0641199301672707e-09,-0.24134383119707165
1112.426428767902,-0.00029128646506037257,-1.067778588575823e-09,-0.24175892428190426
1114.3397160761558,-0.0002912755774034483,-1.0714565335337102e-09,-0.24217473129668932
1116.2562940904095,-0.0002912646522599434,-1.075143157438799e-09,-0.24259125346934124
1118.176168470422,-0.00029125368950738424,-1.0788432819284226e-09,-0.24300849202988642
1120.099344885689,-0.0002912426890097963,-1.0825530496927147e-09,-0.2434264482104673
1122.0258290154545,-0.00029123165064084863,-1.0862801753514086e-09,-0.24384512324534507
1123.9556265487313,-0.0002912205742674596,-1.0900169442847707e-09,-0.244264518370904
1125.8887431843154,-0.00029120945976233395,-1.0937672138026678e-09,-0.24468463482565453
1127.8251846308083,-0.0002911983069914258,-1.0975319482325667e-09,-0.24510547385023815
1129.7649566066261,-0.00029118711582261803,-1.1013072902646007e-09,-0.24552703668742942
1131.7080648400213,-0.0002911758861247578,-1.105095168553703e-09,-0.24594932458214064
1133.6545150690972,-0.00029116461776669235,-1.1088975117548075e-09,-0.2463723387814254
1135.6043130418302,-0.00029115331061630454,-1.11271239121298e-09,-0.24679608053448235
1137.5574645160787,-0.0002911419645318336,-1.1165426999106213e-09,-0.24722055109265845
1139.5139752596058,-0.0002911305793898417,-1.1203855448653309e-09,-0.2476457517094531
1141.4738510500931,-0.0002911191550504968,-1.1242399617496424e-09,-0.24807168364052112
1143.4370976751636,-0.0002911076913749312,-1.1281059505635558e-09,-0.24849834814367816
1145.40372093239,-0.00029109618823777836,-1.1319931545817378e-09,-0.24892574647890217
1147.3737266293183,-0.0002910846454943844,-1.135885180237255e-09,-0.24935387990833893
1149.347120583482,-0.00029107306301359655,-1.1397916708047742e-09,-0.24978274969630446
1151.323908622423,-0.00029106144065365415,-1.1437116619568284e-09,-0.25021235710929013
1153.3040965837033,-0.0002910497782814756,-1.1476470823483516e-09,-0.25064270341596495
1155.287690314925,-0.000291038075757229,-1.1515969676518766e-09,-0.25107378988718004
1157.2746956737508,-0.0002910263329478328,-1.1555593892124704e-09,-0.251505617795973
1159.2651185279149,-0.00029101454970477587,-1.159533382702666e-09,-0.2519381884175705
1161.2589647552445,-0.0002910027259007627,-1.1635256984147306e-09,-0.2523715030293926
1163.2562402436752,-0.00029099086138535343,-1.167529586056397e-09,-0.252805562911056
1165.256950891273,-0.0002909789560225735,-1.1715489029375324e-09,-0.2532403693443797
1167.2611026062443,-0.00029096700967451964,-1.1755768987658695e-09,-0.2536759236133861
1169.2687013069587,-0.0002909550221926806,-1.1796212881611424e-09,-0.25411222700430647
1171.2797529219633,-0.00029094299344783233,-1.1836791781409507e-09,-0.2545492808055841
1173.2942633900059,-0.0002909309232827844,-1.1877534616876944e-09,-0.25498708630787936
1175.3122386600446,-0.0002909188115683127,-1.191838352836574e-09,-0.2554256448040714
1177.3336846912703,-0.00029090665815108426,-1.195938673224922e-09,-0.25586495758926336
1179.3586074531224,-0.00029089446289608885,-1.2000544228527392e-09,-0.25630502596078597
1181.3870129253107,-0.0002908822256471004,-1.204182708737625e-09,-0.256745851218202
1183.4189070978264,-0.000290869946277788,-1.2083264238619798e-09,-0.25718743466330846
1185.4542959709634,-0.0002908576246299967,-1.2124846038983372e-09,-0.2576297776001418
1187.493185555335,-0.0002908452605619659,-1.21665339153683e-09,-0.2580728813349811
1189.535581871896,-0.00029083285392229126,-1.2208414657246585e-09,-0.258516747176353
1191.5814909519531,-0.0002908204045721052,-1.2250449691519564e-09,-0.25896137643503403
1193.6309188371872,-0.0002908079123609677,-1.2292552228715225e-09,-0.25940677042405547
1195.6838715796698,-0.0002907953771442251,-1.2334866917953585e-09,-0.2598529304587065
1197.7403552418843,-0.0002907827987666155,-1.237730696976263e-09,-0.26029985785653975
1199.8003758967386,-0.0002907701770892715,-1.2419891670691702e-09,-0.2607475539373728
1201.8639396275858,-0.0002907575119521094,-1.2462601734191464e-09,-0.26119602002329384
1203.9310525282408,-0.00029074480321529723,-1.2505504663184588e-09,-0.2616452574386647
1206.0017207030037,-0.000290732050722609,-1.25485329547484e-09,-0.2620952675101256
1208.0759502666692,-0.00029071925432649784,-1.259167696560824e-09,-0.2625460515665981
1210.1537473445503,-0.00029070641387941685,-1.2635013841961437e-09,-0.26299761093928975
1212.2351180724943,-0.00029069352922031814,-1.267849536743466e-09,-0.2634499469616971
1214.3200685969045,-0.00029068060019876187,-1.2722102255478576e-09,-0.26390306096961136
1216.4086050747528,-0.0002906676266720229,-1.2765882722466519e-09,-0.26435695430112055
1218.5007336736012,-0.00029065460847712475,-1.2809788552025153e-09,-0.26481162829661403
1220.5964605716183,-0.0002906415454636274,-1.2853839030703817e-09,-0.2652670842987868
1222.6957919576028,-0.0002906284374714474,-1.2898092018150504e-09,-0.26572332365264373
1224.7987340309935,-0.00029061528436075275,-1.2942441438343888e-09,-0.26618034770550264
1226.905293001893,-0.0002906020859618163,-1.29869644374813e-09,-0.2666381578069985
1229.0154750910835,-0.0002905888421222696,-1.3031632085738737e-09,-0.26709675530908755
1231.1292865300509,-0.0002905755526878151,-1.3076444383116205e-09,-0.26755614156605223
1233.246733560994,-0.00029056221749933377,-1.31214881190857e-09,-0.2680163179345035
1235.3678224368487,-0.0002905488364025282,-1.3166618644527226e-09,-0.2684772857733856
1237.4925594213082,-0.00029053540923635056,-1.321191310563811e-09,-0.26893904644398103
1239.6209507888357,-0.00029052193584264607,-1.3257390788967692e-09,-0.2694016013099126
1241.7530028246872,-0.00029050841606325994,-1.3303003478142637e-09,-0.26986495173714903
1243.8887218249274,-0.00029049484973714434,-1.3348780102986946e-09,-0.27032909909400815
1246.0281140964537,-0.00029048123670614447,-1.3394691733676615e-09,-0.2707940447511621
1248.1711859570069,-0.0002904675768082481,-1.344072872693698e-09,-0.27125979008163964
1250.3179437351948,-0.0002904538698833718,-1.3487016445338714e-09,-0.27172633646083133
1252.4683937705097,-0.00029044011576082404,-1.3533381309937805e-09,-0.27219368526649335
1254.62254241335,-0.0002904263142959512,-1.3579948683304935e-09,-0.27266183787875226
1256.7803960250328,-0.0002904124653064894,-1.362669927889076e-09,-0.27313079568010745
1258.941960977818,-0.0002903985686439275,-1.3673565593772613e-09,-0.27360056005543676
1261.1072436549236,-0.0002903846241327523,-1.3720615130873168e-09,-0.2740711323919994
1263.2762504505497,-0.0002903706316205952,-1.3767780387269753e-09,-0.27454251407944164
1265.448987769891,-0.00029035659093001425,-1.3815177082258373e-09,-0.27501470650979915
1267.6254620291586,-0.0002903425018999616,-1.3862670209993688e-09,-0.2754877110775017
1269.8056796555993,-0.00029032836436553196,-1.391039477632104e-09,-0.27596152917937783
1271.989647087517,-0.00029031417815506954,-1.3958254348493757e-09,-0.276436162214659
1274.1773707742852,-0.0002902999431084909,-1.4006239283237172e-09,-0.2769116115849827
1276.3688571763716,-0.00029028565905317585,-1.4054446013297961e-09,-0.27738787869439724
1278.5641127653541,-0.0002902713258203617,-1.4102778105929443e-09,-0.27786496494936586
1280.7631440239443,-0.0002902569432393571,-1.4151283777504965e-09,-0.2783428717587713
1282.9659574460006,-0.0002902425111442923,-1.4199972671299185e-09,-0.27882160053391947
1285.1725595365513,-0.0002902280293596542,-1.4248854430586777e-09,-0.27930115268854305
1287.3829568118113,-0.00029021349771668004,-1.4297880838994403e-09,-0.2797815296388067
1289.597155799207,-0.00029019891604853583,-1.434703260997273e-09,-0.2802627328033116
1291.8151630373875,-0.0002901842841777797,-1.4396377246444425e-09,-0.2807447636030976
1294.0369850762497,-0.0002901696019269697,-1.444589546186016e-09,-0.28122762346164987
1296.2626284769535,-0.0002901548691331292,-1.4495596899494592e-09,-0.2817113138049005
1298.492099811948,-0.00029014008561592346,-1.4545491202622402e-09,-0.28219583606123605
1300.7254056649829,-0.00029012525120369637,-1.459551086832091e-09,-0.2826811916614985
1302.9625526311318,-0.0002901103657161132,-1.4645723399512792e-09,-0.2831673820389913
1305.2035473168105,-0.0002900954289805537,-1.4696138439472716e-09,-0.28365440862948266
1307.4483963398015,-0.0002900804408253622,-1.4746649912179335e-09,-0.28414227287121147
1309.697106329265,-0.0002900654010673105,-1.4797383180203335e-09,-0.28463097620488925
1311.9496839257642,-0.0002900503095250994,-1.484829002717137e-09,-0.28512052007370586
1314.2061357812827,-0.0002900351660328592,-1.4899399382907447e-09,-0.28561090592333316
1316.4664685592486,-0.00029001997040061135,-1.4950624457939557e-09,-0.2861021352019306
1318.7306889345462,-0.0002900047224547714,-1.5002071328289045e-09,-0.2865942093601471
1320.998803593541,-0.0002899894220111469,-1.505367249103324e-09,-0.2870871298511272
1323.2708192341017,-0.0002899740688932603,-1.510546651927081e-09,-0.2875808981305153
1325.5467425656134,-0.00028995866291691927,-1.5157405196628418e-09,-0.2880755156564588
1327.8265803090017,-0.00028994320390082436,-1.5209556026028737e-09,-0.2885709838896132
1330.1103391967522,-0.000289927691662712,-1.5261919007471764e-09,-0.2890673042931468
1332.3980259729278,-0.00028991212601935405,-1.5314378421661496e-09,-0.28956447833274346
1334.6896473931954,-0.0002898965067846294,-1.536704998789394e-09,-0.2900625074766096
1336.9852102248367,-0.00028988083377531003,-1.5419943349443762e-09,-0.2905613931954756
1339.2847212467725,-0.0002898651068110609,-1.5472933143740287e-09,-0.29106113696260166
1341.5881872495872,-0.0002898493256970818,-1.552619294972753e-09,-0.29156174025378295
1343.8956150355405,-0.00028983349025400203,-1.5579597404834812e-09,-0.2920632045473517
1346.2070114185922,-0.00028981760029377177,-1.5633214011984809e-09,-0.29256553132418334
1348.5223832244208,-0.0002898016556293055,-1.5686955981705513e-09,-0.2930687220677005
1350.8417372904482,-0.0002897856560648386,-1.5740919746743598e-09,-0.2935727782638775
1353.1650804658525,-0.0002897696014248579,-1.5795095663824397e-09,-0.2940777014012441
1355.4924196115926,-0.00028975349150491946,-1.5849425873299905e-09,-0.2945834929708905
1357.8237616004267,-0.0002897373261246883,-1.5903948948268795e-09,-0.295090154466471
1360.1591133169377,-0.0002897211050922572,-1.5958597385808393e-09,-0.2955976873842103
1362.4984816575454,-0.00028970482821089706,-1.6013525478313378e-09,-0.2961060932229052
1364.8418735305322,-0.00028968849529062944,-1.6068617506487742e-09,-0.2966153734839312
1367.1892958560604,-0.00028967210613954695,-1.6123883113606153e-09,-0.2971255296712455
1369.5407555661998,-0.00028965566056767125,-1.617935122949261e-09,-0.29763656329139326
1371.896259604937,-0.00028963915837248696,-1.6235021854147121e-09,-0.29814847585350956
1374.2558149282047,-0.0002896225993678731,-1.6290846771196342e-09,-0.29866126886932576
1376.6194285038966,-0.00028960598335131446,-1.6346893483562948e-09,-0.29917494385317317
1378.987107311896,-0.00028958931012897505,-1.6403133061422939e-09,-0.2996895023219887
1381.3588583440855,-0.0002895725795041258,-1.6459526931677645e-09,-0.30020494579531687
1383.7346886043758,-0.00028955579128196653,-1.651616188379907e-09,-0.3007212757953168
1386.114605108722,-0.00028953894525805325,-1.6572970414864544e-09,-0.3012384938467651
1388.49861488515,-0.00028952204123662133,-1.6629962168148737e-09,-0.3017566014770619
1390.8867249737696,-0.00028950507901804863,-1.668719500329965e-09,-0.30227560021623345
1393.2789424267999,-0.000289488058402713,-1.674454355774661e-09,-0.3027954915969381
1395.6752743085885,-0.00028947097918906377,-1.6802191053708299e-09,-0.3033162771544701
1398.075727695637,-0.0002894538411765144,-1.6859944625691366e-09,-0.30383795842676503
1400.4803096766136,-0.00028943664415772793,-1.6917987495914494e-09,-0.30436053695440296
1402.8890273523805,-0.00028941938793597535,-1.6976165371983005e-09,-0.304884014280614
1405.3018878360108,-0.0002894020723010267,-1.703454575681957e-09,-0.3054083919512826
1407.7188982528162,-0.0002893846970561528,-1.709313829369886e-09,-0.3059336715149524
1410.1400657403588,-0.0002893672619901594,-1.7151923696071537e-09,-0.30645985452283026
1412.565397448477,-0.0002893497668957096,-1.7210921250486938e-09,-0.30698694252879055
1414.9949005393105,-0.0002893322115760742,-1.7270121313670392e-09,-0.3075149370893817
1417.4285821873132,-0.0002893145958123441,-1.7329504599072574e-09,-0.30804383976382815
1419.8664495792796,-0.00028929691940393285,-1.7389148252890815e-09,-0.3085736521140367
1422.3085099143655,-0.0002892791821309668,-1.7448936555829109e-09,-0.3091043757046004
1424.7547704041065,-0.00028926138379671703,-1.7508937010810126e-09,-0.3096360121028032
1427.2052382724466,-0.000289243524187096,-1.7569178547657874e-09,-0.31016856287862576
1429.6599207557497,-0.00028922560309476683,-1.762963223654835e-09,-0.3107020296047481
1432.1188251028254,-0.0002892076202931054,-1.7690240217833547e-09,-0.31123641385655504
1434.5819585749555,-0.0002891895755940619,-1.775110856753481e-09,-0.3117717172121424
1437.0493284459062,-0.0002891714687594401,-1.7812111923081458e-09,-0.31230794125231925
1439.5209420019553,-0.00028915329959154645,-1.7873423863417512e-09,-0.31284508756061363
1441.9968065419112,-0.00028913506786954314,-1.7934899739422955e-09,-0.3133831577232772
1444.4769293771396,-0.00028911677337644965,-1.7996597410745796e-09,-0.31392215332929096
1446.9613178315774,-0.00028909841590396464,-1.8058497590836699e-09,-0.3144620759703679
1449.4499792417594,-0.0002890799952264284,-1.8120600279695665e-09,-0.3150029272409592
1451.942920956837,-0.00028906151113843276,-1.8182886190773356e-09,-0.31554470873825785
1454.440150338606,-0.0002890429634017814,-1.8245451756816452e-09,-0.3160874220622053
1456.9416747615194,-0.00028902435182070953,-1.8308210188352946e-09,-0.31663106881549363
1459.4475016127158,-0.00028900567615027043,-1.8371161485382837e-09,-0.3171756506035722
1461.957638292037,-0.0002889869361937351,-1.843436350755413e-09,-0.3177211690346512
1464.4720922120564,-0.0002889681317129071,-1.8497758395218822e-09,-0.31826762571970807
1466.9908707980924,-0.0002889492624975565,-1.8561384721475581e-09,-0.3188150222724899
1469.5139814882355,-0.0002889303283143087,-1.8625203913225739e-09,-0.3193633603095198
1472.0414317333677,-0.0002889113289490764,-1.8689293116666636e-09,-0.3199126414501012
1474.5732289971909,-0.000288892264171378,-1.8753565542326267e-09,-0.32046286731632356
1477.1093807562386,-0.00028887313375651816,-1.88180597633033e-09,-0.3210140395330653
1479.6498944999057,-0.0002888539374788372,-1.88827854228724e-09,-0.32156615972800007
1482.1947777304665,-0.0002888346751146041,-1.8947713591209576e-09,-0.3221192295316008
1484.7440379631028,-0.00028881534642948004,-1.9012882841413488e-09,-0.3226732505771456
1487.2976827259176,-0.0002887959512055201,-1.9078273886934804e-09,-0.32322822450072086
1489.8557195599637,-0.0002887764892054924,-1.914387708449886e-09,-0.32378415294122787
1492.4181560192617,-0.00028875696019795103,-1.9209759937028325e-09,-0.3243410375403857
1494.9849996708294,-0.00028873736395723627,-1.927581636850186e-09,-0.32489887994273886
1497.5562580946948,-0.00028871770025190233,-1.934208495201813e-09,-0.3254576817956592
1500.131938883924,-0.0002886979688514678,-1.9408613903950483e-09,-0.3260174447493522
1502.7120496446419,-0.00028867816951580754,-1.947537429447491e-09,-0.32657817045686177
1505.296597996059,-0.00028865830201444016,-1.954234683704208e-09,-0.32713986057407557
1507.8855915704864,-0.0002886383661159198,-1.9609550818201326e-09,-0.327702516759729
1510.4790380133634,-0.0002886183615810857,-1.967699588122731e-09,-0.32826614067541005
1513.0769449832771,-0.000288598288169813,-1.9744653096296043e-09,-0.32883073398556517
1515.6793201519922,-0.0002885781456574062,-1.9812589966330196e-09,-0.32939629835750406
1518.2861712044623,-0.00028855793379506124,-1.988069077203375e-09,-0.3299628354614032
1520.8975058388617,-0.000288537652345546,-1.994907123270272e-09,-0.3305303469703125
1523.5133317666018,-0.00028851730107645046,-2.001768313196377e-09,-0.33109883456015876
1526.1336567123628,-0.0002884968797380059,-2.0086526469816904e-09,-0.3316682999097528
1528.7584884141056,-0.0002884763880900873,-2.0155581959712783e-09,-0.3322387447007918
1531.3878346231,-0.00028845582590221333,-2.022490746129941e-09,-0.3328101706178652
1534.021703103952,-0.0002884351929169004,-2.0294464401478123e-09,-0.33338257934846144
1536.6601016346171,-0.0002884144888940236,-2.0364291353347593e-09,-0.33395597258297
1539.3030380064308,-0.0002883937135963509,-2.043431117071047e-09,-0.33453035201468856
1541.9505200241263,-0.00028837286676929204,-2.0504562426665434e-09,-0.3351057193398266
1544.602555505866,-0.00028835194817561496,-2.0575112624135154e-09,-0.3356820762575124
1547.2591522832536,-0.00028833095755976504,-2.064586533037296e-09,-0.33625942446979534
1549.9203182013644,-0.00028830989467775977,-2.071684947520285e-09,-0.33683776568165325
1552.5860611187652,-0.00028828875928175936,-2.0788084345174157e-09,-0.3374171016009957
1555.2563889075432,-0.00028826755112199514,-2.0859589226836227e-09,-0.33799743393867104
1557.9313094533209,-0.00028824626994291246,-2.093131590381572e-09,-0.3385787644084694
1560.6108306552842,-0.0002882249155005289,-2.100329330593663e-09,-0.33916109472712874
1563.2949604262044,-0.0002882034875325392,-2.1075511789924296e-09,-0.33974442661433973
1565.9837066924658,-0.00028818198580074717,-2.114801957215206e-09,-0.3403287617927518
1568.6770773940818,-0.00028816041004284753,-2.1220729863147914e-09,-0.34091410198797634
1571.375080484723,-0.0002881387599946064,-2.129368123601052e-09,-0.3415004489285932
1574.0777239317379,-0.00028811703541589874,-2.13669315503879e-09,-0.34208780434615493
1576.7850157161834,-0.00028809523604345506,-2.1440413303357368e-09,-0.34267616997519357
1579.4969638328384,-0.00028807336161979186,-2.1514145781468266e-09,-0.34326554755322347
1582.2135762902337,-0.0002880514118883902,-2.158812898472059e-09,-0.34385593882074783
1584.9348611106725,-0.00028802938658790923,-2.1662343626565007e-09,-0.3444473455212631
1587.6608263302605,-0.00028800728545507934,-2.1736866853198862e-09,-0.3450397694012659
1590.3914799989204,-0.0002879851082353102,-2.181159258860081e-09,-0.3456332122102554
1593.1268301804214,-0.00028796285467015415,-2.1886578692418857e-09,-0.3462276757007408
1595.8668849524001,-0.0002879405244789831,-2.1961854094477003e-09,-0.34682316162824456
1598.6116524063914,-0.00028791811741299303,-2.2037399508225923e-09,-0.3474196717513105
1601.3611406478412,-0.00028789563320794987,-2.2113186003841606e-09,-0.34801720783150547
1604.115357796139,-0.00028787307159383374,-2.218920393804939e-09,-0.3486157716334271
1606.8743119846365,-0.0002878504323025532,-2.226550152722261e-09,-0.3492153649247073
1609.638011360679,-0.0002878277150689101,-2.234207877136127e-09,-0.3498159894760195
1612.4064640856202,-0.00028780491961999133,-2.2418858524268027e-09,-0.35041764706108214
1615.179678334852,-0.0002877820456973491,-2.2495975791788232e-09,-0.3510203394566643
1617.957662297826,-0.00028775909302324867,-2.257333414117521e-09,-0.3516240684425908
1620.7404241780832,-0.00028773606132477677,-2.2650962502252955e-09,-0.35222883580174935
1623.5279721932704,-0.0002877129503348066,-2.2728841588472143e-09,-0.3528346433200925
1626.3203145751686,-0.00028768975977753195,-2.2807000329656775e-09,-0.3534414927866455
1629.1174595697155,-0.0002876664893810041,-2.2885409795982846e-09,-0.35404938599351005
1631.9194154370366,-0.0002876431388645952,-2.296410856054903e-09,-0.3546583247358716
1634.7261904514587,-0.0002876197079669644,-2.3043067693531325e-09,-0.3552683108120025
1637.5377929015397,-0.0002875961963901253,-2.31223257680284e-09,-0.3558793460232676
1640.354231090099,-0.0002875726038765946,-2.3201795994568253e-09,-0.35649143217413154
1643.17551333423,-0.0002875489301341721,-2.3281594092446886e-09,-0.35710457107216165
1646.0016479653332,-0.0002875251748899447,-2.336164291546697e-09,-0.35771876452803436
1648.8326433291388,-0.00028750133785749845,-2.344198103672717e-09,-0.3583340143555407
1651.6685077857287,-0.0002874774187629558,-2.352257952640348e-09,-0.3589503223715914
1654.5092497095688,-0.0002874534173199028,-2.3603467314319912e-09,-0.35956769039622255
1657.3548774895235,-0.00028742933323903236,-2.3684615470652463e-09,-0.36018612025260044
1660.205399528885,-0.0002874051662464669,-2.37660625684998e-09,-0.36080561376702674
1663.060824245404,-0.00028738091605097087,-2.3847741104939254e-09,-0.3614261727689463
1665.9211600713038,-0.0002873565823632369,-2.3929766799266835e-09,-0.36204779909094836
1668.7864154533124,-0.00028733216490649466,-2.4012023932186533e-09,-0.36267049456877537
1671.6565988526831,-0.00028730766337793607,-2.4094608936445025e-09,-0.3632942610413269
1674.5317187452283,-0.0002872830775027193,-2.4177454309119637e-09,-0.3639191003506664
1677.4117836213316,-0.000287258406979965,-2.4260550406935703e-09,-0.36454501434202446
1680.296801985982,-0.00028723365151940176,-2.4344032235738575e-09,-0.3651720048638063
1683.1867823587945,-0.00028720881083654434,-2.4427668356936227e-09,-0.36580007376759555
1686.0817332740423,-0.0002871838846266558,-2.4511661279296677e-09,-0.3664292229081622
1688.9816632806717,-0.00028715887259753603,-2.45959627864466e-09,-0.3670594541434651
1691.8865809423341,-0.0002871337744656641,-2.468055359183665e-09,-0.3676907693346591
1694.7964948374088,-0.0002871085899214815,-2.4765366192544146e-09,-0.36832317034610035
1697.711413559033,-0.0002870833186766455,-2.4850525951139796e-09,-0.3689566590453523
1700.6313457151196,-0.0002870579604215974,-2.4935965364700903e-09,-0.36959123730319005
1703.5562999283873,-0.00028703251486606596,-2.5021723006326147e-09,-0.3702269069936062
1706.4862848363841,-0.0002870069817062787,-2.510772172981819e-09,-0.3708636699938172
1709.4213090915187,-0.0002869813606403919,-2.519408689774771e-09,-0.3715015281842685
1712.361381361076,-0.00028695565136559756,-2.528068350426935e-09,-0.37214048344863954
1715.30651032725,-0.0002869298535800519,-2.5367588695580473e-09,-0.3727805376738497
1718.2567046871657,-0.00028690396697901826,-2.5454850688054406e-09,-0.373421692750064
1721.2119731529112,-0.00028687799125486676,-2.5542324832571135e-09,-0.374063950570699
1724.172324451554,-0.0002868519260999676,-2.563011720515201e-09,-0.3747073130324276
1727.1377673251732,-0.00028682577120861974,-2.5718285665445037e-09,-0.37535178203518504
1730.1083105308817,-0.0002867995262722289,-2.580665663450619e-09,-0.3759973594821742
1733.083962840859,-0.0002867731909802722,-2.589542297782884e-09,-0.3766440472798725
1736.064733042367,-0.00028674676501740505,-2.5984449689567627e-09,-0.3772918473380354
1739.050629937783,-0.0002867202480788908,-2.6073784986095897e-09,-0.37794076156970385
1742.0416623446217,-0.0002866936398464915,-2.6163419224138974e-09,-0.3785907918912088
1745.0378390955684,-0.0002866669400116132,-2.6253381333520875e-09,-0.3792419402221787
1748.039169038495,-0.0002866401482473389,-2.6343642384417595e-09,-0.3798942084855416
1751.0456610364906,-0.0002866132642508606,-2.643416380373045e-09,-0.38054759860753473
1754.0573239678943,-0.00028658628769429696,-2.6525051667480806e-09,-0.3812021125177084
1757.0741667263085,-0.00028655921826519653,-2.661624811602065e-09,-0.38185775214893086
1760.0961982206352,-0.0002865320556366424,-2.6707772435899315e-09,-0.38251451943739595
1763.123427375098,-0.0002865047994971473,-2.679958605401813e-09,-0.38317241632262716
1766.155863129268,-0.0002864774495178657,-2.689167932710244e-09,-0.38383144474748365
1769.1935144380973,-0.000286450005378631,-2.698415833117358e-09,-0.38449160665816784
1772.236390271934,-0.0002864224667563841,-2.707692663348487e-09,-0.38515290400422864
1775.2844996165547,-0.0002863948333184216,-2.717000352058566e-09,-0.3858153387385676
1778.3378514731967,-0.00028636710475518526,-2.7263398635750615e-09,-0.38647891281744745
1781.3964548585723,-0.0002863392807223997,-2.7357111978979726e-09,-0.3871436282004935
1784.4603188049043,-0.0002863113608941124,-2.7451201409921013e-09,-0.3878094868507027
1787.5294523599487,-0.0002862833449443709,-2.7545522279454455e-09,-0.38847649073444807
1790.6038645870278,-0.0002862552325424009,-2.764021923670007e-09,-0.38914464182148584
1793.683564565047,-0.0002862270233593567,-2.7735224778735184e-09,-0.38981394208495945
1796.768561388528,-0.00028619871705096324,-2.783059676520781e-09,-0.3904843935014056
1799.8588641676336,-0.00028617031329319654,-2.7926248406645928e-09,-0.3911559980507618
1802.9544820282,-0.0002861418117456389,-2.8022276135796233e-09,-0.3918287577163712
1806.0554241117536,-0.0002861132120746229,-2.8118573876637367e-09,-0.3925026744849874
1809.1616995755458,-0.000286084513937802,-2.821524770519068e-09,-0.3931777503467819
1812.2733175925757,-0.00028605571700247325,-2.8312239761808174e-09,-0.3938539872953491
1815.390287351625,-0.00028602682091953964,-2.8409569333039176e-09,-0.394531387327713
1818.5126180572734,-0.0002859978253582268,-2.8507226775609027e-09,-0.39520995244433216
1821.6403189299342,-0.0002859687299694379,-2.860523137606706e-09,-0.39588968464910596
1824.7733992058766,-0.00028593953441371936,-2.8703525274765255e-09,-0.3965705859493801
1827.9118681372615,-0.00028591023834004546,-2.880221454772499e-09,-0.3972526583559544
1831.055734992157,-0.0002858808414070341,-2.8901212405474237e-09,-0.39793590388308614
1834.2050090545738,-0.00028585134326848124,-2.9000528491287664e-09,-0.3986203245484973
1837.359699624488,-0.0002858217435714325,-2.910025923791196e-09,-0.3993059223733804
1840.5198160178768,-0.0002857920419658267,-2.9200250352952425e-09,-0.39999269938240545
1843.6853675667344,-0.00028576223810835276,-2.9300675415353107e-09,-0.40068065760372384
1846.8563636191075,-0.00028573233163834154,-2.9401389775993963e-09,-0.4013697990689761
1850.0328135391185,-0.0002857023222076604,-2.9502412721424338e-09,-0.4020601258132963
1853.214726707001,-0.0002856722094652836,-2.9603831041116255e-09,-0.4027516398753209
1856.4021125191168,-0.0002856419930428271,-2.9705596518696367e-09,-0.4034443432971911
1859.5949803879896,-0.0002856116725979445,-2.980768022434067e-09,-0.4041382381245615
1862.7933397423312,-0.0002855812477632159,-2.991015930424652e-09,-0.40483332640660485
1865.9972000270748,-0.0002855507181808653,-3.0012966255491227e-09,-0.4055296101960194
1869.2065707033926,-0.00028552008349311644,-3.011613000789881e-09,-0.4062270915490336
1872.4214612487297,-0.0002854893433364071,-3.021961198837058e-09,-0.4069257725254117
1875.6418811568371,-0.0002854584973442819,-3.03234893431039e-09,-0.4076256551884628
1878.8678399377886,-0.000285427545159929,-3.0427762072098776e-09,-0.4083267416050441
1882.0993471180168,-0.00028539648641014273,-3.053231445605917e-09,-0.4090290338455676
1885.3364122403386,-0.00028536532073618245,-3.063727185755579e-09,-0.4097325339840066
1888.5790448639818,-0.0002853340477600206,-3.074254748711661e-09,-0.4104372440979014
1891.8272545646219,-0.00028530266711423747,-3.0848218490938984e-09,-0.41114316626836706
1895.081050934397,-0.00028527117843334213,-3.0954265582473576e-09,-0.41185030258009697
1898.3404435819436,-0.0002852395813518437,-3.106064054534704e-09,-0.41255865512137063
1901.60544213243,-0.0002852078754801422,-3.1167420525756737e-09,-0.41326822598405993
1904.8760562275731,-0.00028517606045274675,-3.1274528377505314e-09,-0.41397901726363445
1908.152295525675,-0.0002851441358954872,-3.1382002673691437e-09,-0.414691031059168
1911.4341697016491,-0.0002851121014245498,-3.1489862700864458e-09,-0.41540426947334524
1914.721688447047,-0.00028507995666480015,-3.159810845902438e-09,-0.41611873461246673
1918.0148614700947,-0.0002850477012382106,-3.1706701375072515e-09,-0.41683442858645736
1921.3136984957102,-0.00028501533476578937,-3.1815689665382222e-09,-0.4175513535088705
1924.6182092655372,-0.0002849828568617939,-3.1924986540481478e-09,-0.4182695114968942
1927.92840353798,-0.00028495026713758887,-3.203474629276498e-09,-0.4189889046713596
1931.2442910882214,-0.0002849175652170754,-3.2144833916387377e-09,-0.4197095351567448
1934.5658817082583,-0.00028488475071161804,-3.2255316914271347e-09,-0.4204314050811822
1937.8931852069268,-0.00028485182323161707,-3.2366166356592877e-09,-0.42115451657646474
1941.2262114099399,-0.0002848187823874727,-3.247741117317599e-09,-0.421878871778053
1944.5649701599039,-0.00028478562779247807,-3.2588993504372665e-09,-0.4226044728250793
1947.9094713163556,-0.0002847523590483544,-3.270100013965493e-09,-0.42333132186035616
1951.2597247557874,-0.00028471897577321667,-3.2813431079022776e-09,-0.4240594210303815
1954.6157403716848,-0.0002846854775601067,-3.292617060318018e-09,-0.4247887724853464
1957.9775280745425,-0.0002846518640232822,-3.3039344074697854e-09,-0.4255193783791389
1961.3450977919038,-0.00028461813475964246,-3.3152855060829095e-09,-0.42625124086935245
1964.7184594683831,-0.00028458428937283716,-3.3266799994320598e-09,-0.4269843621172916
1968.0976230657063,-0.0002845503274694093,-3.338112101552435e-09,-0.42771874428797935
1971.4825985627253,-0.0002845162486337213,-3.3495856697539023e-09,-0.4284543895501613
1974.8733959554581,-0.0002844820524752093,-3.3610929894167284e-09,-0.42919130007631434
1978.270025257112,-0.0002844477385830576,-3.3726456324705144e-09,-0.42992947804265114
1981.6724964981227,-0.00028441330656091615,-3.384238777277928e-09,-0.43066892562912934
1985.0808197261717,-0.00028437875599314754,-3.3958676022016324e-09,-0.4314096450194547
1988.4950050062234,-0.0002843440864747224,-3.4075369288789637e-09,-0.4321516384010893
1991.9150624205513,-0.00028430929759386085,-3.4192448286549883e-09,-0.4328949079652579
1995.3410020687757,-0.0002842743889455335,-3.430996123167041e-09,-0.4336394559069554
1998.7728340678814,-0.0002842393601121744,-3.4427869551052534e-09,-0.4343852844249505
2002.210568552253,-0.00028420421068200367,-3.4546144314872253e-09,-0.43513239572179446
2005.654215673713,-0.00028416894023841963,-3.4664891599150937e-09,-0.4358807920038282
2009.1037856015366,-0.0002841335483657851,-3.4783995684592548e-09,-0.4366304754811864
2012.5592885224924,-0.0002840980346484628,-3.4903533717394446e-09,-0.43738144836780535
2016.020734640869,-0.00028406239866020757,-3.5023457481183286e-09,-0.4381337128814299
2019.4881341785035,-0.00028402663998923955,-3.5143824835607084e-09,-0.43888727124361926
2022.9614973748205,-0.0002839907582064206,-3.52645875642925e-09,-0.439642125679755
2026.4408344868486,-0.0002839547528893629,-3.53857553105142e-09,-0.4403982784190447
2029.9261557892585,-0.00028391862361278573,-3.550735700409619e-09,-0.44115573169453115
2033.417471574398,-0.00028388236995333707,-3.5629354071939806e-09,-0.44191448774309866
2036.9147921523113,-0.0002838459914770569,-3.5751785087143717e-09,-0.44267454880547835
2040.418127850777,-0.00028380948775962885,-3.5874640406433262e-09,-0.44343591712625574
2043.9274890153365,-0.0002837728583641998,-3.5997891099984432e-09,-0.44419859495387753
2047.4428860093226,-0.0002837361028616318,-3.6121623957269248e-09,-0.4449625845406568
2050.964329213899,-0.0002836992208179647,-3.624571361571702e-09,-0.4457278881427824
2054.4918290280775,-0.00028366221179731,-3.637026615134911e-09,-0.44649450802032326
2058.0253958687554,-0.0002836250753628147,-3.6495214061242828e-09,-0.4472624464372349
2061.5650401707526,-0.000283587811072804,-3.6620605561771526e-09,-0.44803170566136874
2065.11077238683,-0.00028355041848946057,-3.674643100966054e-09,-0.4488022879644757
2068.6626029877284,-0.00028351289717303837,-3.6872709691459205e-09,-0.4495741956222147
2072.2205424621948,-0.00028347524667607664,-3.6999354817695507e-09,-0.4503474309141585
2075.7846013170233,-0.0002834374665588292,-3.7126549610588158e-09,-0.451121996123802
2079.354790077072,-0.00028339955637094236,-3.725408191809443e-09,-0.4518978935385673
2082.931119285303,-0.0002833615156668838,-3.738207710278505e-09,-0.4526751254498104
2086.51359950281,-0.00028332334399244226,-3.751054480793466e-09,-0.45345369415282916
2090.1022413088563,-0.0002832850409049787,-3.7639407887345925e-09,-0.45423360194687007
2093.6970553008955,-0.0002832466059435313,-3.776870491411751e-09,-0.4550148511351336
2097.298052094609,-0.0002832080386606393,-3.789848410462278e-09,-0.4557974440247823
2100.905242323935,-0.0002831693386020914,-3.802870688576305e-09,-0.45658138292694667
2104.5186366411067,-0.0002831305053040328,-3.8159382900813e-09,-0.4573666701567338
2108.1382457166737,-0.0002830915383083947,-3.829044464684994e-09,-0.45815330803323184
2111.7640802395385,-0.00028305243716000156,-3.842199819989522e-09,-0.4589412988795182
2115.3961509169867,-0.00028301320139306985,-3.85540049868502e-09,-0.4597306450226659
2119.0344684747247,-0.00028297383054470913,-3.868649393753887e-09,-0.4605213487937517
2122.6790436569013,-0.00028293432415202904,-3.881938790576387e-09,-0.4613134125278612
2126.3298872261457,-0.00028289468174731724,-3.895273510789855e-09,-0.46210683856409623
2129.987009963596,-0.0002828549028609329,-3.908655483049227e-09,-0.4629016292455823
2133.65042266894,-0.0002828149870251639,-3.922084707354502e-09,-0.46369778691947666
2137.3201361604324,-0.00028277493376651177,-3.9355592550507456e-09,-0.4644953139369716
2140.996161274936,-0.000282734742610514,-3.949080090465426e-09,-0.4652942126533046
2144.678508867958,-0.0002826944130884941,-3.962644320616142e-09,-0.46609448542776566
2148.367189813669,-0.0002826539447153814,-3.976260624450097e-09,-0.46689613462370094
2152.0622150049453,-0.000282613337018642,-3.989918394365154e-09,-0.4676991626085225
2155.7635953533986,-0.000282572589519956,-4.0036301666183855e-09,-0.4685035717537151
2159.471341789404,-0.0002825317017323241,-4.01737954764285e-09,-0.4693093644348411
2163.185465262144,-0.00028249067318321234,-4.031181966678022e-09,-0.4701165430315515
2166.9059767396257,-0.00028244950337790684,-4.045031637759099e-09,-0.4709251099275884
2170.63288720872,-0.0002824081918303726,-4.058921810593812e-09,-0.4717350675107946
2174.366207675202,-0.00028236673805650354,-4.072866950094167e-09,-0.4725464181731212
2178.105949163768,-0.00028232514156833626,-4.086858377312961e-09,-0.4733591643106326
2181.852122718079,-0.00028228340186826353,-4.100899949560062e-09,-0.47417330832351484
2185.6047394007896,-0.0002822415184702506,-4.114987809525601e-09,-0.4749888526160825
2189.36381029358,-0.00028219949087669044,-4.129120992882114e-09,-0.4758057995967856
2193.129346497196,-0.00028215731858804733,-4.143305285594401e-09,-0.4766241516782182
2196.9013591314692,-0.00028211500111153593,-4.157537794680061e-09,-0.47744391127712255
2200.6798593353565,-0.0002820725379389414,-4.171819484466563e-09,-0.4782650808143985
2204.4648582669793,-0.00028202992857651407,-4.186150354953906e-09,-0.4790876627151104
2208.2563671036446,-0.0002819871725218253,-4.200528477487157e-09,-0.47991165940849395
2212.0543970418844,-0.00028194426926183826,-4.214956745048717e-09,-0.4807370733279631
2215.8589592974868,-0.00028190121830087476,-4.2294341933111186e-09,-0.48156390691111683
2219.6700651055353,-0.00028185801912300517,-4.243963715256765e-09,-0.4823921625997485
2223.4877257204316,-0.000281814671213264,-4.258540489248319e-09,-0.4832218428398504
2227.311952415936,-0.00028177117407308,-4.273168372595649e-09,-0.48405295008162297
2231.142756485196,-0.0002817275271759156,-4.287847365298758e-09,-0.48488548677947974
2234.98014924079,-0.00028168373001066294,-4.302576503030176e-09,-0.4857194553920583
2238.824142014746,-0.000281639782063321,-4.3173538571349715e-09,-0.4865548583822239
2242.674746158584,-0.000281595682809281,-4.332182320595544e-09,-0.4873916982170781
2246.5319730433466,-0.0002815514317316489,-4.347060929084428e-09,-0.48822997736796603
2250.395834059639,-0.0002815070283096734,-4.361992575584025e-09,-0.4890696983104854
2254.266340617652,-0.00028146247201488823,-4.376973402784467e-09,-0.48991086352449026
2258.143504147203,-0.0002814177623217202,-4.392008232323088e-09,-0.4907534754941014
2262.0273360977644,-0.0002813728987007388,-4.407092242562555e-09,-0.49159753670771067
2265.917847938509,-0.00028132788062154904,-4.422229290812736e-09,-0.4924430496579935
2269.815051158328,-0.0002812827075585779,-4.437417448418696e-09,-0.4932900168419103
2273.718957265876,-0.00028123737896985825,-4.4526596083628374e-09,-0.49413844076071756
2277.6295777895975,-0.0002811918943249952,-4.467950949007826e-09,-0.49498832391997327
2281.5469242777735,-0.0002811462530878078,-4.4832943633360605e-09,-0.4958396688295468
2285.4710082985393,-0.00028110045471632894,-4.498692744329945e-09,-0.49669247800362365
2289.4018414399275,-0.0002810544986695558,-4.514141270352144e-09,-0.49754675396071346
2293.339435309907,-0.0002810083844084145,-4.529643798712525e-09,-0.49840249922366014
2297.283801536405,-0.00028096211137840135,-4.54520322239349e-09,-0.4992597163196447
2301.2349517673506,-0.0002809156790452641,-4.560810862447837e-09,-0.5001184077801965
2305.1928976707063,-0.00028086908685257043,-4.576476362150235e-09,-0.5009785761411993
2309.1576509344995,-0.00028082233425738893,-4.592192006880948e-09,-0.5018402239428981
2313.1292232668675,-0.0002807754206984655,-4.607962618277313e-09,-0.5027033537299084
2317.1076263960786,-0.0002807283456241897,-4.623788196339329e-09,-0.5035679680512224
2321.0928720705715,-0.00028068110848295083,-4.639666812412063e-09,-0.5044340694602162
2325.084972058999,-0.0002806337087077088,-4.6555994308229815e-09,-0.5053016605146591
2329.083938150248,-0.00028058614575167493,-4.671587015899552e-09,-0.5061707437767192
2333.089782153483,-0.00028053841904298715,-4.687630531969244e-09,-0.5070413218129723
2337.102515898181,-0.0002804905280252134,-4.703727086049653e-09,-0.5079133971944084
2341.1221512341604,-0.00028044247212359846,-4.7198824641055834e-09,-0.5087869724964398
2345.1487000316292,-0.0002803942507788173,-4.7360889515172995e-09,-0.5096620502989105
2349.182174181203,-0.00028034586341515045,-4.752351369922137e-09,-0.5105386331861002
2353.222585593949,-0.0002802973094645935,-4.7686677906651604e-09,-0.5114167237467341
2357.2699462014275,-0.00028024858835142723,-4.785046892693576e-09,-0.5122963245739919
2361.324267955712,-0.000280199699501861,-4.8014780684052455e-09,-0.5131774382655117
2365.385562829437,-0.0002801506423353539,-4.81796421078257e-09,-0.5140600674234015
2369.453842815825,-0.0002801014162829372,-4.834509177135417e-09,-0.5149442146542437
2373.5291199287335,-0.0002800520207467114,-4.851111038808855e-09,-0.5158298825691063
2377.611406202676,-0.0002800024551577079,-4.8677678671479485e-09,-0.5167170737835469
2381.700713692867,-0.0002799527189180273,-4.884478697825232e-09,-0.5176057909176236
2385.7970544752516,-0.0002799028114548436,-4.901251245460441e-09,-0.5184960365958989
2389.9004406465533,-0.0002798527321654355,-4.9180816527437094e-09,-0.5193878134474536
2394.0108843242924,-0.0002798024804663693,-4.934967991020101e-09,-0.5202811241058873
2398.1283976468335,-0.00027975205575588805,-4.951914117599486e-09,-0.5211759712093318
2402.2529927734163,-0.0002797014574447719,-4.968914246517064e-09,-0.5220723574004555
2406.3846818841994,-0.00027965068493705016,-4.985977056720035e-09,-0.522970285326474
2410.5234771802843,-0.00027959973762903755,-5.003093869261198e-09,-0.5238697576391557
2414.669390883759,-0.0002795486149170487,-5.0202752917426916e-09,-0.5247707769948295
2418.8224352377315,-0.00027949731620511317,-5.037510716562377e-09,-0.5256733460543945
2422.982622506372,-0.0002794458408789377,-5.054804965357592e-09,-0.5265774674833273
2427.149964974939,-0.00027939418833387267,-5.0721618954382025e-09,-0.5274831439516886
2431.3244749498217,-0.0002793423579575536,-5.089576685166874e-09,-0.5283903781341321
2435.506164758574,-0.0002792903491434022,-5.107048370216142e-09,-0.5292991727099116
2439.6950467499587,-0.00027923816127037483,-5.12458562953321e-09,-0.5302095303628918
2443.89113329397,-0.00027918579372900016,-5.142177855515938e-09,-0.5311214537815516
2448.094436781882,-0.0002791332458905197,-5.159831798456599e-09,-0.5320349456589957
2452.304969626275,-0.00027908051714931964,-5.177546494027724e-09,-0.5329500086929603
2456.5227442610885,-0.000279027606866998,-5.1953190492469136e-09,-0.5338666455858234
2460.7477731416384,-0.000278974514427333,-5.213157178733903e-09,-0.5347848590446106
2464.9800687446655,-0.000278921239200602,-5.231056060851361e-09,-0.5357046517810041
2469.2196435683672,-0.0002788677805580466,-5.249012802616882e-09,-0.5366260265113497
2473.466510132444,-0.0002788141378718729,-5.267032225667805e-09,-0.5375489859566679
2477.720680978123,-0.00027876031050175025,-5.285115294331597e-09,-0.5384735328426579
2481.9821686681994,-0.0002787062978131344,-5.303254293988521e-09,-0.5393996698997071
2486.250985787085,-0.00027865209917244516,-5.321462725223116e-09,-0.5403273998629016
2490.527144940826,-0.0002785977139374234,-5.339730944760712e-09,-0.54125672547203
2494.810658757155,-0.0002785431414638812,-5.35806280991118e-09,-0.5421876494715956
2499.101539885521,-0.00027848838111052386,-5.3764525347097136e-09,-0.543120174610821
2503.3998009971288,-0.0002784334322264129,-5.394910726758456e-09,-0.5440543036436583
2507.705454784982,-0.00027837829416543184,-5.413430635765134e-09,-0.5449900393287982
2512.0185139639093,-0.00027832296627374934,-5.432013226057218e-09,-0.5459273844296748
2516.338991270607,-0.0002782674479013914,-5.450657533307238e-09,-0.5468663417144765
2520.6668994636857,-0.0002782117383858476,-5.4693674148250665e-09,-0.5478069139561536
2525.002251323692,-0.00027815583708293013,-5.488144799265636e-09,-0.5487491039324265
2529.3450596531566,-0.00027809974331662756,-5.506981007681744e-09,-0.5496929144257927
2533.695337276629,-0.0002780434564321443,-5.525883754693126e-09,-0.5506383482235363
2538.0530970407144,-0.0002779869757631125,-5.544850147317383e-09,-0.551585408117736
2542.4183518141203,-0.00027793030064509304,-5.563883078536917e-09,-0.5525340969052747
2546.79111448768,-0.00027787343040207454,-5.58298158402426e-09,-0.5534844173878443
2551.1713979743968,-0.00027781636437154667,-5.602141806469543e-09,-0.5544363723719561
2555.559215209493,-0.00027775910187364074,-5.621371460492506e-09,-0.5553899646689512
2559.9545791504293,-0.000277701642228488,-5.6406676531107465e-09,-0.5563451970950043
2564.3575027769557,-0.0002776439847629703,-5.66002556268693e-09,-0.5573020724711357
2568.767999091143,-0.00027758612879818324,-5.6794500108583936e-09,-0.5582605936232167
2573.186081117433,-0.0002775280736436504,-5.6989429262800685e-09,-0.5592207633819818
2577.61176190266,-0.00027746981861661,-5.718505273279426e-09,-0.5601825845830337
2582.0450545161016,-0.0002774113630343005,-5.7381322302191285e-09,-0.561146060066852
2586.4859720495097,-0.00027735270619467313,-5.7578266900815795e-09,-0.5621111926788027
2590.934527617161,-0.00027729384741303754,-5.777588652866778e-09,-0.5630779852691479
2595.3907343558817,-0.00027723478599505995,-5.7974123326099236e-09,-0.5640464406930508
2599.8546054250924,-0.0002771755212415847,-5.817311229895555e-09,-0.5650165618105862
2604.3261540068456,-0.0002771160524515277,-5.837273772794067e-09,-0.5659883514867484
2608.805393305873,-0.0002770563789180183,-5.857308640252665e-09,-0.5669618125914618
2613.2923365496117,-0.0002769964999428656,-5.877408117651613e-09,-0.5679369479995857
2617.786996988248,-0.0002769364148211279,-5.8975779909557135e-09,-0.5689137605909249
2622.2893878947584,-0.00027687612283436254,-5.9178182601649665e-09,-0.5698922532502378
2626.7995225649533,-0.0002768156232766637,-5.938128925279374e-09,-0.5708724288672463
2631.3174143175047,-0.0002767549154276602,-5.958507093316533e-09,-0.5718542903366418
2635.8430764939926,-0.00027669399857758873,-5.978951799948978e-09,-0.5728378405580953
2640.3765224589424,-0.0002766328720051137,-5.999470759796447e-09,-0.5738230824362656
2644.9177655998724,-0.0002765715349792562,-6.020060115549073e-09,-0.5748100188808088
2649.466819327319,-0.00027650998679121724,-6.040719867206854e-09,-0.5757986528063856
2654.023697074884,-0.0002764482266984457,-6.0614451931324555e-09,-0.5767889871326694
2658.5884122992807,-0.00027638625398057045,-6.082243807945617e-09,-0.5777810247843582
2663.1609784803595,-0.00027632406790082656,-6.103119568956205e-09,-0.5787747686911788
2667.7414091211585,-0.0002762616677369142,-6.124057046924747e-09,-0.5797702217878988
2672.329717747939,-0.00027619905273374557,-6.14507070676325e-09,-0.5807673870143335
2676.9259179102237,-0.00027613622216130635,-6.166156691161849e-09,-0.581766267315355
2681.530023180849,-0.0002760731752751167,-6.187314035793073e-09,-0.5827668656409026
2686.1420471559854,-0.0002760099113345543,-6.2085456336393265e-09,-0.5837691849459883
2690.762003455189,-0.00027594642958742445,-6.229848591718209e-09,-0.5847732281907075
2695.389905721449,-0.000275882729287319,-6.251220981374785e-09,-0.5857789983402493
2700.0257676212095,-0.0002758188096772214,-6.27267148155626e-09,-0.5867864983649007
2704.669602844425,-0.000275754670003973,-6.294194306297833e-09,-0.5877957312400598
2709.321425104593,-0.00027569030951537935,-6.31579041992697e-09,-0.5888066999462426
2713.981248138796,-0.00027562572744381633,-6.3374598224436725e-09,-0.5898194074690911
2718.6490857077524,-0.00027556092303226775,-6.35920251384794e-09,-0.5908338567993857
2723.3249515958373,-0.00027549589550925226,-6.381019458467243e-09,-0.591850050933049
2728.008859611136,-0.0002754306441119675,-6.402912584956513e-09,-0.5928679928711575
2732.700823585489,-0.00027536516806989656,-6.4248809289882845e-09,-0.5938876856199518
2737.4008573745205,-0.00027529946660095016,-6.4469225619076255e-09,-0.594909132190842
2742.108974857686,-0.00027523353893846867,-6.469036519387068e-09,-0.5959323356004187
2746.8251899383104,-0.0002751673843013274,-6.491232444701283e-09,-0.5969572988704613
2751.5495165436405,-0.00027510100191033016,-6.513500694575604e-09,-0.5979840250279492
2756.2819686248677,-0.0002750343909747086,-6.535848019302296e-09,-0.5990125171050669
2761.0225601571806,-0.00027496755071237375,-6.558269597244027e-09,-0.6000427781392146
2765.7713051398027,-0.0002749004803296642,-6.580768321383198e-09,-0.6010748111730178
2770.5282175960424,-0.0002748331790415979,-6.603343227392343e-09,-0.6021086192543375
2775.293311573319,-0.0002747656460477631,-6.625992386616529e-09,-0.6031442054362752
2780.066601143215,-0.00027469788054871247,-6.6487235136754926e-09,-0.6041815727771858
2784.8481004015125,-0.00027462988174982043,-6.6715317869319e-09,-0.605220724340684
2789.637823468245,-0.0002745616488448893,-6.694418170713218e-09,-0.6062616631956561
2794.4357844877236,-0.0002744931810306144,-6.717379772037045e-09,-0.6073043924162664
2799.241997628589,-0.00027442447749211876,-6.740424305523122e-09,-0.6083489150819672
2804.056477083848,-0.0002743555374232049,-6.763544056551709e-09,-0.6093952342775082
2808.879237070927,-0.0002742863600070672,-6.786746739742546e-09,-0.6104433530929466
2813.710291831697,-0.0002742169444278645,-6.810028497785765e-09,-0.6114932746236537
2818.5496556325256,-0.00027414728986300526,-6.833379687406692e-09,-0.6125450019703259
2823.3973427643155,-0.0002740773954976128,-6.856820559482143e-09,-0.6135985382389929
2828.2533675425575,-0.0002740072604946303,-6.880341470737444e-09,-0.6146538865410289
2833.1177443073548,-0.00027393688403243066,-6.9039395281901936e-09,-0.6157110499931593
2837.9904874234744,-0.00027386626527877887,-6.927617624822796e-09,-0.6167700317174697
2842.8716112803986,-0.00027379540340240443,-6.95137961794512e-09,-0.6178308348414191
2847.7611302923497,-0.0002737242975604645,-6.9752187572648955e-09,-0.6188934624978444
2852.659058898344,-0.0002736529469139736,-6.999142757401861e-09,-0.6199579178249718
2857.5654115622324,-0.00027358135062587535,-7.023148725373615e-09,-0.6210242039664259
2862.4802027727387,-0.0002735095078436834,-7.04723280387029e-09,-0.622092324071239
2867.403447043516,-0.00027343741772841264,-7.0714046361665615e-09,-0.6231622812938615
2872.3351589131694,-0.00027336507941214713,-7.095654578987752e-09,-0.6242340787941693
2877.2753529453116,-0.00027329249205590173,-7.119993239936008e-09,-0.6253077197374722
2882.22404372861,-0.00027321965479176074,-7.144409047081719e-09,-0.6263832072945288
2887.1812458768163,-0.00027314656676723817,-7.168907786389691e-09,-0.627460544641549
2892.1469740288185,-0.00027307322711634703,-7.193493315169794e-09,-0.6285397349602072
2897.1212428486833,-0.00027299963497406476,-7.21816466909456e-09,-0.6296207814376517
2902.104067025695,-0.0002729257894628322,-7.242919919509057e-09,-0.6307036872665116
2907.095461274411,-0.00027285168971859133,-7.267752316121013e-09,-0.6317884556449107
2912.0954403346877,-0.0002727773348695692,-7.292677288169907e-09,-0.6328750897764724
2917.1040189717337,-0.00027270272402759877,-7.317687121036001e-09,-0.6339635928703306
2922.1212119761612,-0.0002726278563180144,-7.3427769930819585e-09,-0.6350539681411422
2927.1470341640115,-0.00027255273085264903,-7.367955583254987e-09,-0.6361462188090908
2932.181500376812,-0.0002724773467481579,-7.3932199985726836e-09,-0.6372403480999015
2937.2246254816137,-0.00027240170310865926,-7.418571203362519e-09,-0.6383363592448471
2942.2764243710453,-0.00027232579904695086,-7.444007268969557e-09,-0.6394342554807606
2947.336911963342,-0.0002722496336623295,-7.469533981358604e-09,-0.6405340400500414
2952.4061032024006,-0.00027217320605312753,-7.495148447547256e-09,-0.6416357162006675
2957.4840130578154,-0.000272096515324428,-7.520844881570714e-09,-0.6427392871862032
2962.570656524938,-0.00027201956056202684,-7.546633891031118e-09,-0.6438447562658113
2967.6660486249007,-0.00027194234086039916,-7.57250583265379e-09,-0.6449521267042596
2972.770204404675,-0.0002718648553082341,-7.59846745673101e-09,-0.6460614017719326
2977.8831389371085,-0.0002717871029903633,-7.624522620572647e-09,-0.6471725847448402
2983.0048673209812,-0.0002717090829896899,-7.650662645231492e-09,-0.6482856789046292
2988.1354046810343,-0.00027163079437658033,-7.676892352344884e-09,-0.6494006875385898
2993.2747661680246,-0.0002715522362358664,-7.703209813257892e-09,-0.6505176139396683
2998.4229669587635,-0.0002714734076340574,-7.729620813935315e-09,-0.6516364614064741
3003.5800222561757,-0.00027139430764055555,-7.756120532739822e-09,-0.6527572332432942
3008.7459472893233,-0.00027131493532476315,-7.782710898326349e-09,-0.6538799327600958
3013.920757313465,-0.00027123528974354604,-7.809393839349826e-09,-0.6550045632725431
3019.104467610094,-0.00027115536996244916,-7.836162605517988e-09,-0.6561311281020012
3024.297093486997,-0.00027107517503255227,-7.86302587577804e-09,-0.6572596305755525
3029.4986502782767,-0.00027099470401265003,-7.889983650129982e-09,-0.6583900740259995
3034.7091533444127,-0.00027091395593935693,-7.917030142609013e-09,-0.6595224617918783
3039.92861807231,-0.0002708329298724321,-7.944167281870067e-09,-0.6606567972174707
3045.157059875331,-0.00027075162485234755,-7.971400853877949e-09,-0.661793083652809
3050.3944941933482,-0.00027067003990993184,-7.998727965650258e-09,-0.6629313244536881
3055.640936492792,-0.00027058817408951455,-8.026143795549659e-09,-0.6640715229816778
3060.8964022666896,-0.0002705060264228887,-8.053656058195888e-09,-0.6652136826041282
3066.160907034724,-0.00027042359593702563,-8.081259931951616e-09,-0.6663578066941845
3071.4344663432626,-0.000270340881662754,-8.108961202781642e-09,-0.6675038986307935
3076.7170957654102,-0.0002702578826212592,-8.136754084721166e-09,-0.6686519617987129
3082.008810901066,-0.0002701745978308335,-8.164644363734992e-09,-0.6698019995885263
3087.3096273769515,-0.0002700910263030186,-8.192628182513251e-09,-0.6709540153966477
3092.619560846666,-0.00027000716706285753,-8.220705541055945e-09,-0.6721080126253349
3097.9386269907336,-0.00026992301910646244,-8.248881261000411e-09,-0.6732639946826976
3103.266841516643,-0.0002698385814530903,-8.277156306674119e-09,-0.6744219649827077
3108.6042201589094,-0.0002697538530940317,-8.305524892112263e-09,-0.6755819269452127
3113.9507786790996,-0.0002696688330340782,-8.333988945969782e-09,-0.6767438839959408
3119.30653286589,-0.0002695835202664494,-8.36254943257414e-09,-0.677907839566513
3124.671498535121,-0.0002694979137872577,-8.391209244907744e-09,-0.6790737970944559
3130.045691529826,-0.0002694120125810437,-8.419965489988192e-09,-0.6802417600232078
3135.42912772029,-0.0002693258156342763,-8.448822025125353e-09,-0.6814117318021309
3140.8218230040916,-0.0002692393219314962,-8.477774028681893e-09,-0.6825837158865208
3146.2237933061597,-0.0002691525304456716,-8.506830179605018e-09,-0.683757715737619
3151.6350545788046,-0.00026906544016134316,-8.535979870292589e-09,-0.6849337348226188
3157.0556228017763,-0.0002689780500360496,-8.565231779691811e-09,-0.6861117766146795
3162.4855139823053,-0.0002688903590466168,-8.594577228855482e-09,-0.6872918445929341
3167.9247441551624,-0.0002688023661573342,-8.624032611350548e-09,-0.6884739422425025
3173.373329382689,-0.0002687140703286338,-8.65358249793753e-09,-0.6896580730544983
3178.8312857548544,-0.00026862547051226845,-8.68323460323617e-09,-0.6908442405260417
3184.298629389301,-0.0002685365656657772,-8.712985069936597e-09,-0.6920324481602674
3189.77537643139,-0.00026844735473802,-8.742844505640958e-09,-0.6932226994663376
3195.2615430542614,-0.0002683578366788212,-8.77280133841964e-09,-0.6944149979594524
3200.757145458858,-0.00026826801042450436,-8.802857496927582e-09,-0.6956093471608567
3206.262199873999,-0.00026817787491910773,-8.833022624439459e-09,-0.6968057505978543
3211.7767225564085,-0.00026808742909509764,-8.863283220370728e-09,-0.6980042118038172
3217.300729790773,-0.0002679966718839758,-8.893652785305932e-09,-0.6992047343181947
3222.8342378897864,-0.0002679056022172443,-8.924118782988e-09,-0.7004073216865253
3228.377263194198,-0.0002678142190138685,-8.95469567832894e-09,-0.7016119774604467
3233.9298220728697,-0.0002677225212005288,-8.985372863726614e-09,-0.702818705197708
3239.4919309228076,-0.00026763050769233325,-9.016158053800762e-09,-0.7040275084621768
3245.0636061692203,-0.00026753817739281783,-9.047047391241516e-09,-0.7052383908238511
3250.6448642655746,-0.0002674455292248057,-9.078039911721409e-09,-0.7064513558588732
3256.2357216936275,-0.0002673525620908686,-9.109139472550311e-09,-0.7076664071495352
3261.836194963486,-0.00026725927488586347,-9.140346073728225e-09,-0.7088835482842915
3267.446300613653,-0.00026716566651332655,-9.17165682227275e-09,-0.7101027828577708
3273.066055211074,-0.00026707173586907934,-9.203072682511354e-09,-0.7113241144707844
3278.6954753511973,-0.00026697748183833556,-9.234600404736308e-09,-0.7125475467303402
3284.334577658004,-0.0002668829033159524,-9.26623131000041e-09,-0.7137730832496494
3289.983378784069,-0.00026678799917460703,-9.297973112923398e-09,-0.7150007276481384
3295.6418954106157,-0.0002666927683004777,-9.329824849177808e-09,-0.7162304835514631
3301.3101442475495,-0.00026659720956720624,-9.361779768471366e-09,-0.7174623545915136
3306.9881420335187,-0.0002665013218436125,-9.39384462109635e-09,-0.7186963444064293
3312.675905535961,-0.000266405104002374,-9.426019407052758e-09,-0.7199324566406081
3318.3734515511487,-0.00026630855489688125,-9.458306054995526e-09,-0.7211706949447162
3324.080796904253,-0.0002662116733959545,-9.490698778959851e-09,-0.7224110629757035
3329.797958449373,-0.0002661144583510556,-9.523208186547877e-09,-0.7236535643968065
3335.5249530695946,-0.00026601690861943284,-9.555823670157462e-09,-0.7248982028775663
3341.261797677053,-0.00026591902304290465,-9.588551980080884e-09,-0.7261449820938368
3347.0085092129602,-0.00026582080046618276,-9.621391187663203e-09,-0.7273939057277955
3352.7651046476685,-0.0002657222397272284,-9.654339364249488e-09,-0.728644977467952
3358.531600980719,-0.00026562333966786045,-9.687406153114417e-09,-0.7298982010091645
3364.3080152408857,-0.00026552409911543244,-9.720578053673443e-09,-0.731153580052645
3370.0943644862427,-0.0002654245168992267,-9.75386663785618e-09,-0.7324111183059749
3375.890665804192,-0.0002653245918437039,-9.787269012680225e-09,-0.7336708194831127
3381.6969363115236,-0.00026522432276464557,-9.82078614247305e-09,-0.7349326873044052
3387.513193154479,-0.0002651237084807264,-9.854418991562124e-09,-0.736196725496602
3393.3394535087773,-0.00026502274780097773,-9.888159845327701e-09,-0.7374629377928612
3399.1757345796846,-0.0002649214395392526,-9.922019311371932e-09,-0.7387313279327646
3405.0220536020565,-0.0002648197824910814,-9.955993532384948e-09,-0.7400018996623262
3410.878427840389,-0.00026471777546067395,-9.990083472694213e-09,-0.7412746567340057
3416.7448745888823,-0.0002646154172425965,-1.0024289132299736e-08,-0.7425496029067178
3422.62141117147,-0.00026451270662562927,-1.0058612439856445e-08,-0.7438267419458439
3428.5080549418817,-0.00026440964239951695,-1.0093054359691817e-08,-0.7451060776232412
3434.4048232837044,-0.0002643062233405034,-1.0127608141513573e-08,-0.7463876137172588
3440.311733610414,-0.00026420244823640465,-1.0162286321578798e-08,-0.7476713540127445
3446.2288033654395,-0.0002640983158547857,-1.0197074434975482e-08,-0.7489573023010571
3452.156050022206,-0.00026399382496417555,-1.02319879109431e-08,-0.7502454623800764
3458.0934910842043,-0.0002638889743388899,-1.0267018070534451e-08,-0.7515358380542193
3464.0411440850185,-0.00026378376273009964,-1.030216684240447e-08,-0.7528284331344447
3469.999026588388,-0.00026367818890344133,-1.0337436155208096e-08,-0.7541232514382679
3475.9671561882733,-0.0002635722516062288,-1.0372824080290389e-08,-0.7554202967897735
3481.9455505088827,-0.0002634659495896334,-1.040833351063376e-08,-0.7567195730196233
3487.9342272047406,-0.0002633592816000047,-1.0443964446238206e-08,-0.7580210839650694
3493.933203960737,-0.00026325224637501344,-1.0479716887103732e-08,-0.7593248334699653
3499.9424984921734,-0.000263144842646544,-1.0515586975920467e-08,-0.7606308253847762
3505.9621285448316,-0.00026303706915323157,-1.055158435596309e-08,-0.7619390635665948
3511.9921118950047,-0.0002629289246163531,-1.058770131261186e-08,-0.7632495518791459
3518.032466349559,-0.0002628204077620072,-1.0623941703176649e-08,-0.7645622941928018
3524.0832097459975,-0.00026271151730472043,-1.0660307456312398e-08,-0.7658772943845955
3530.1443599524923,-0.00026260225196577,-1.0696793750381765e-08,-0.767194556338228
3536.2159348679506,-0.0002624926104452173,-1.073340540702209e-08,-0.7685140839440809
3542.2979524220655,-0.00026238259145373193,-1.077014628354325e-08,-0.7698358810992305
3548.3904305753617,-0.00026227219369041107,-1.08070057723431e-08,-0.7711599517074554
3554.493387319268,-0.00026216141585145913,-1.0843989659386444e-08,-0.7724862996792532
3560.606840676145,-0.00026205025662633005,-1.0881100837655692e-08,-0.7738149289318463
3566.7308086993503,-0.00026193871470447797,-1.0918340271478311e-08,-0.7751458433891958
3572.8653094733027,-0.0002618267887666779,-1.0955708925181772e-08,-0.7764790469820168
3579.0103611135146,-0.0002617144774927405,-1.09932000484738e-08,-0.7778145436477832
3585.165981766658,-0.00026160177955283323,-1.1030822320301606e-08,-0.7791523373307445
3591.3321896106186,-0.00026148869362001655,-1.1068568990372921e-08,-0.7804924319819352
3597.509002854539,-0.0002613752183548144,-1.1106445844652551e-08,-0.7818348315591864
3603.6964397388942,-0.00026126135242257283,-1.1144450954485563e-08,-0.7831795400271401
3609.8945185355187,-0.00026114709447031486,-1.1182582391217022e-08,-0.7845265613572577
3616.1032575476747,-0.00026103244315374327,-1.122084883379414e-08,-0.7858758995278321
3622.3226751101142,-0.0002609173971121666,-1.1259241603269707e-08,-0.787227558524003
3628.5527895891128,-0.00026080195499839467,-1.1297767449936002e-08,-0.7885815423377635
3634.793619382539,-0.00026068611543823535,-1.133642444513809e-08,-0.7899378549679755
3641.0451829199037,-0.00026056987706714026,-1.1375211624548508e-08,-0.79129650042038
3647.307498662411,-0.0002604532385167037,-1.141412995249472e-08,-0.7926574827076098
3653.5805851030295,-0.0002603361983973043,-1.1453179428976733e-08,-0.794020805849202
3659.864460766521,-0.0002602187553376435,-1.149236680428682e-08,-0.7953864738716069
3666.1591442095105,-0.00026010090794810015,-1.1531684363805239e-08,-0.7967544908082023
3672.464654020549,-0.0002599826548323028,-1.1571134036186933e-08,-0.798124860699307
3678.781008820147,-0.00025986399459484435,-1.1610721607396706e-08,-0.7994975875921875
3685.108227260845,-0.00025974492584128234,-1.1650440327142287e-08,-0.8008726755410763
3691.446328027261,-0.00025962544715402977,-1.1690293088406081e-08,-0.8022501286071779
3697.79532983616,-0.00025950555712900085,-1.1730282784170493e-08,-0.8036299508586866
3704.1552514364867,-0.0002593852543476446,-1.1770407485780588e-08,-0.8050121463707931
3710.526111609433,-0.00025926453738851687,-1.1810673943528649e-08,-0.8063967192256999
3716.907929168505,-0.0002591434048340315,-1.1851070585485054e-08,-0.8077836735126341
3723.300722959553,-0.00025902185523574264,-1.1891608983579429e-08,-0.8091730133278557
3729.704511860847,-0.00025889988717606426,-1.1932281423192024e-08,-0.8105647427746728
3736.1193147831254,-0.0002587774992017292,-1.1973094654615122e-08,-0.8119588659634532
3742.5451506696472,-0.00025865468987104265,-1.2014043856211384e-08,-0.8133553870116343
3748.9820384962636,-0.00025853145773555963,-1.2055135778273087e-08,-0.8147543100437405
3755.4299972714525,-0.0002584078013381559,-1.2096363670507959e-08,-0.8161556391913902
3761.8890460363837,-0.00025828371922170736,-1.2137735247535741e-08,-0.8175593785933086
3768.359203864989,-0.0002581592099117319,-1.2179247616374036e-08,-0.8189655323953443
3774.8404898639933,-0.00025803427194724833,-1.2220894991058036e-08,-0.8203741047504762
3781.332923172988,-0.0002579089038441311,-1.226268894351736e-08,-0.8217850998188282
3787.8365229644837,-0.0002577831041259697,-1.23046236877872e-08,-0.8231985217676825
3794.3513084439605,-0.0002576568713096032,-1.2346702116849964e-08,-0.8246143747714885
3800.8772988499436,-0.0002575302039012629,-1.238892133772325e-08,-0.8260326630118814
3807.4145134540354,-0.00025740310040042985,-1.2431286172044398e-08,-0.8274533906776871
3813.962971560983,-0.0002572755593104427,-1.2473794691158477e-08,-0.8288765619649382
3820.522692508749,-0.0002571475791221035,-1.2516443037755613e-08,-0.8303021810768891
3827.093695668543,-0.00025701915832717883,-1.2559243748092896e-08,-0.8317302522240232
3833.676000444896,-0.00025689029540972074,-1.2602183321585774e-08,-0.8331607796240678
3840.2696262757136,-0.0002567609888441376,-1.2645271401508934e-08,-0.8345937675020072
3846.874592632328,-0.00025663123710098083,-1.2688504130552496e-08,-0.8360292200900936
3853.4909190195744,-0.0002565010386527305,-1.2731883437371407e-08,-0.8374671416278631
3860.1186249758207,-0.00025637039195740155,-1.2775415107930474e-08,-0.8389075363621428
3866.7577300730413,-0.00025623929547204474,-1.2819091427609955e-08,-0.8403504085470666
3873.4082539168826,-0.0002561077476527467,-1.2862912396409855e-08,-0.8417957624440893
3880.070216146702,-0.00025597574694498614,-1.2906885728949916e-08,-0.8432436023219957
3886.7436364356363,-0.0002558432917826699,-1.295100756792027e-08,-0.8446939324569153
3893.4285344906607,-0.0002557103806054909,-1.2995279841975856e-08,-0.8461467571323334
3900.1249300526392,-0.00025557701184928495,-1.30396958008244e-08,-0.847602080639106
3906.8328428964023,-0.00025544318392674336,-1.3084271838032858e-08,-0.849059907275472
3913.5522928307782,-0.0002553088952659875,-1.3128993488689218e-08,-0.8505202413470639
3920.283299698665,-0.000255174144279709,-1.3173872324723092e-08,-0.8519830871669207
3927.025883377102,-0.000255038929372885,-1.3218900631514743e-08,-0.8534484490555061
3933.7800637773025,-0.0002549032489524213,-1.3264080337719106e-08,-0.8549163313407122
3940.5458608447298,-0.00025476710140786576,-1.330941433631859e-08,-0.85638673835788
3947.323294559148,-0.00025463048514419586,-1.3354903591640663e-08,-0.8578596744498068
3954.112384934697,-0.0002544933985364944,-1.3400546175030395e-08,-0.8593351439667652
3960.913152019926,-0.0002543558399694878,-1.3446341122160319e-08,-0.8608131512665094
3967.7256158978694,-0.0002542178078182591,-1.3492293254667773e-08,-0.8622937007142906
3974.549796686111,-0.00025407930045114117,-1.3538402572552765e-08,-0.8637767966828733
3981.385714536826,-0.00025394031623260946,-1.358466714716036e-08,-0.865262443552543
3988.233389636853,-0.0002538008535232823,-1.3631086014163091e-08,-0.8667506457111208
3995.09284220775,-0.0002536609106731703,-1.367766592385324e-08,-0.8682414075539786
4001.964092505851,-0.0002535204860303554,-1.3724401090265998e-08,-0.8697347334840488
4008.847160822341,-0.0002533795779352051,-1.3771298263693645e-08,-0.8712306279118414
4015.7420674832924,-0.00025323818472519383,-1.3818352622498844e-08,-0.8727290952554518
4022.648832849737,-0.0002530963047300815,-1.3865564166681597e-08,-0.8742301399405782
4029.567477317738,-0.0002529539362680558,-1.3912939646534181e-08,-0.8757337664005336
4036.4980213184253,-0.0002528110776669483,-1.3960474240419265e-08,-0.8772399790762574
4043.440485318075,-0.00025266772723144616,-1.4008169876991781e-08,-0.8787487824163295
4050.394889818161,-0.0002525238832758804,-1.4056025591924264e-08,-0.8802601808769847
4057.361255355416,-0.0002523795440924018,-1.4104045242526592e-08,-0.8817741789221225
4064.339602501905,-0.00025223470798184085,-1.4152226900143831e-08,-0.8832907810233257
4071.3299518650647,-0.0002520893732315271,-1.4200570564775984e-08,-0.8848099916598685
4078.332324087774,-0.0002519435381268616,-1.4249081058060393e-08,-0.8863318153187306
4085.346739848428,-0.00025179720094456644,-1.4297756451342125e-08,-0.8878562564946149
4092.373219860976,-0.00025165035995172025,-1.4346594815966244e-08,-0.8893833196899543
4099.411784874997,-0.0002515030134202238,-1.4395596151932757e-08,-0.8909130094149299
4106.462455675755,-0.0002513551596007621,-1.444476913818888e-08,-0.8924453301874812
4113.525253084265,-0.00025120679675848587,-1.4494104131459931e-08,-0.8939802865333216
4120.600197957361,-0.0002510579231325082,-1.454360788203819e-08,-0.8955178829859521
4127.687311187736,-0.00025090853696772884,-1.4593279425596194e-08,-0.8970581240866727
4134.786613704017,-0.00025075863650133267,-1.4643120690788885e-08,-0.8986010143845948
4141.898126470844,-0.00025060821995700377,-1.4693129748961323e-08,-0.9001465584366612
4149.021870488894,-0.0002504572855603554,-1.4743307564440983e-08,-0.9016947608076509
4156.157866794973,-0.000250305831532179,-1.4793652208572931e-08,-0.9032456260701985
4163.30613646207,-0.00025015385608169406,-1.4844168502994511e-08,-0.9047991588048058
4170.466700599408,-0.00025000135740751257,-1.4894861269343064e-08,-0.9063553635998537
4177.639580352534,-0.0002498483337198186,-1.494572375732632e-08,-0.9079142450516214
4184.824796903348,-0.0002496947832017949,-1.4996755002616816e-08,-0.9094758077642933
4192.022371470184,-0.00024954070404337457,-1.5047961755506823e-08,-0.9110400563499741
4199.23232530788,-0.000249386094422919,-1.5099341123013948e-08,-0.9126069954287082
4206.454679707819,-0.00024923095251878967,-1.5150895033793125e-08,-0.9141766296284854
4213.689455998007,-0.0002490752764939185,-1.5202622523516895e-08,-0.915748963585259
4220.936675543136,-0.00024891906451220223,-1.5254523592185254e-08,-0.9173240019429589
4228.196359744633,-0.00024876231472017915,-1.5306604990090488e-08,-0.918901749353504
4235.468530040752,-0.0002486050252749959,-1.5358857073957914e-08,-0.9204822104768197
4242.7532079066,-0.00024844719432126275,-1.5411290451389692e-08,-0.9220653899808458
4250.050414854237,-0.0002482888199862317,-1.5463895479111135e-08,-0.9236512925415564
4257.360172432709,-0.0002481299004048698,-1.551668372905187e-08,-0.9252399228429694
4264.68250222813,-0.0002479704336947861,-1.5569654236884432e-08,-0.9268312855771614
4272.017425863738,-0.0002478104179784116,-1.562279639500667e-08,-0.9284253854442821
4279.364964999959,-0.0002476498513617835,-1.567612273967568e-08,-0.9300222271525683
4286.725141334486,-0.00024748873194997483,-1.5729625556271715e-08,-0.931621815418359
4294.0979766023165,-0.0002473270578384154,-1.578331352374199e-08,-0.9332241549661064
4301.483492575832,-0.0002471648271215709,-1.583718182044918e-08,-0.9348292505283899
4308.881711064873,-0.0002470020378765489,-1.5891230446393272e-08,-0.9364371068459363
4316.292653916777,-0.00024683868818431453,-1.594546422321162e-08,-0.9380477286676243
4323.716343016464,-0.00024667477611618977,-1.5999878329266888e-08,-0.9396611207505066
4331.152800286492,-0.0002465102997338532,-1.605448047917882e-08,-0.9412772878598185
4338.602047687121,-0.00024634525709801933,-1.610926585131008e-08,-0.9428962347689942
4346.064107216394,-0.000246179646253009,-1.616423637431561e-08,-0.9445179662596854
4353.5390009101775,-0.0002460134652498936,-1.621939204819541e-08,-0.9461424871217657
4361.026750842233,-0.00024584671212142214,-1.6274734801604423e-08,-0.9477698021533507
4368.527379124305,-0.00024567938489648654,-1.6330262705887713e-08,-0.9493999161608154
4376.040907906155,-0.00024551148160108585,-1.6385981547010098e-08,-0.9510328339588011
4383.567359375641,-0.0002453430002486827,-1.6441888431989172e-08,-0.9526685603702335
4391.106755758787,-0.00024517393885563327,-1.649798046784254e-08,-0.9543071002263378
4398.6591193198365,-0.0002450042954228642,-1.6554266333517412e-08,-0.95594845836665
4406.224472361341,-0.00024483406794840914,-1.661074024304899e-08,-0.9575926396390364
4413.802837224195,-0.0002446632544110153,-1.6667404125092207e-08,-0.9592396488997003
4421.3942362877215,-0.00024449185280100223,-1.6724262801284415e-08,-0.9608894910132023
4428.998691969743,-0.0002443198610951888,-1.678131241431574e-08,-0.9625421708524751
4436.616226726629,-0.0002441472772588219,-1.683855199985872e-08,-0.9641976932988329
4444.246863053375,-0.00024397409925329131,-1.6895989272533107e-08,-0.9658560632419896
4451.890623483666,-0.0002438003250390227,-1.695361844637409e-08,-0.9675172855800726
4459.54753058994,-0.00024362595255426192,-1.7011441450036613e-08,-0.9691813652196363
4467.21760698347,-0.00024345097974496998,-1.7069462140830554e-08,-0.9708483070756797
4474.900875314406,-0.00024327540453782096,-1.712767666144604e-08,-0.9725181160716558
4482.597358271855,-0.00024309922487202593,-1.7186085011883078e-08,-0.9741907971394901
4490.307078583959,-0.00024292243865497258,-1.7244694906761418e-08,-0.975866355219595
4498.030059017939,-0.00024274504380465673,-1.730350248877119e-08,-0.9775447952608827
4505.7663223801765,-0.00024256703822075177,-1.73625077579124e-08,-0.9792261222207801
4513.515891516281,-0.0002423884198048602,-1.7421713607167457e-08,-0.9809103410652444
4521.278789311149,-0.0002422091864392976,-1.7481117143553956e-08,-0.982597456768777
4529.055038689048,-0.00024202933601698783,-1.754072318870925e-08,-0.9842874743144403
4536.844662613665,-0.00024184886641349669,-1.760052884965093e-08,-0.9859803986938691
4544.647684088178,-0.00024166777548992487,-1.7660537983688882e-08,-0.9876762349072863
4552.464126155346,-0.00024148606110930217,-1.7720749626495637e-08,-0.9893749879635216
4560.294011897543,-0.00024130372112694392,-1.778116184941626e-08,-0.9910766628800195
4568.13736443685,-0.00024112075338852208,-1.7841778509760638e-08,-0.9927812646828597
4575.99420693511,-0.0002409371557377803,-1.790260346483864e-08,-0.9944887984067688
4583.864562594017,-0.00024075292599435373,-1.7963632857340398e-08,-0.9961992690951389
4591.748454655157,-0.00024056806198945004,-1.802486186562858e-08,-0.9979126818000367
4599.645906400087,-0.00024038256154559798,-1.8086304954615212e-08,-0.999629041582223
4607.556941150425,-0.0002401964224583249,-1.8147952481025616e-08,-1.0013483535111687
4615.481582267881,-0.00024000964253473048,-1.82098073378422e-08,-1.0030706226650652
4623.419853154354,-0.00023982221957227138,-1.827187048939244e-08,-1.0047958541308415
4631.371777251991,-0.00023963415135297487,-1.8334143864331276e-08,-1.0065240530041797
4639.337378043255,-0.00023944543565886851,-1.8396629391313648e-08,-1.0082552243895315
4647.316679051006,-0.00023925607025847932,-1.8459322248702218e-08,-1.0099893734001302
4655.309703838553,-0.00023906605291358407,-1.85222253294794e-08,-1.0117265051580087
4663.316476009729,-0.00023887538138210262,-1.8585344419610005e-08,-1.0134666247940094
4671.337019208978,-0.00023868405341231146,-1.8648678554766575e-08,-1.0152097374478095
4679.371357121398,-0.00023849206674187963,-1.871222002032936e-08,-1.0169558482679248
4687.419513472828,-0.00023829941910269046,-1.8775978459573053e-08,-1.0187049624117324
4695.481512029911,-0.00023810610822469876,-1.883995194384272e-08,-1.020457085045482
4703.557376600165,-0.00023791213181760832,-1.8904139508810908e-08,-1.0222122213443139
4711.647131032069,-0.00023771748759690955,-1.8968546940442417e-08,-1.023970376492275
4719.750799215104,-0.0002375221732549485,-1.903316748844498e-08,-1.0257315556823292
4727.868405079839,-0.00023732618649178658,-1.9098005010128474e-08,-1.0274957641163767
4735.999972598019,-0.00023712952498819843,-1.9163067220112658e-08,-1.0292630070052704
4744.145525782598,-0.00023693218642495908,-1.922834543945031e-08,-1.031033289568828
4752.305088687844,-0.00023673416846934291,-1.929384352545132e-08,-1.0328066170358492
4760.478685409387,-0.00023653546878090993,-1.935955954946075e-08,-1.0345829946441307
4768.666340084302,-0.00023633608501729179,-1.9425499297443422e-08,-1.036362427640481
4776.868076891189,-0.00023613601481683332,-1.949166180507186e-08,-1.0381449212807412
4785.0839200502205,-0.00023593525582077304,-1.9558046108018615e-08,-1.0399304808297911
4793.313893823224,-0.00023573380565877736,-1.9624655099266085e-08,-1.0417191115615714
4801.558022513771,-0.00023553166194219055,-1.969148781448682e-08,-1.0435108187590998
4809.816330467218,-0.00023532882229682244,-1.9758544253680814e-08,-1.0453056077144824
4818.088842070801,-0.00023512528432148138,-1.9825828274157956e-08,-1.0471034837289328
4826.375581753696,-0.00023492104560340392,-1.989333698293584e-08,-1.0489044521127844
4834.676573987094,-0.00023471610373947046,-1.9961077130306752e-08,-1.0507085181855107
4842.991843284289,-0.0002345104563082392,-2.002904003732348e-08,-1.0525156872757393
4851.321414200717,-0.00023430410087958936,-2.0097232454278307e-08,-1.0543259647212635
4859.6653113340535,-0.00023409703501665036,-2.0165656309826186e-08,-1.0561393558690635
4868.0235593242905,-0.00023388925627387263,-2.0234309675312175e-08,-1.0579558660753223
4876.396182853787,-0.00023368076219413482,-2.0303196408046158e-08,-1.059775500705436
4884.783206647356,-0.00023347155031549428,-2.0372311686390795e-08,-1.0615982651340354
4893.184655472331,-0.00023326161816732951,-2.0441662260638374e-08,-1.0634241647449976
4901.600554138659,-0.0002330509632722691,-2.0511245237806498e-08,-1.065253204931467
4910.030927498946,-0.00023283958314136965,-2.058106061789517e-08,-1.0670853910958675
4918.475800448536,-0.00023262747527122297,-2.0651113222541738e-08,-1.0689207286499156
4926.935197925611,-0.00023241463716710045,-2.07214001587638e-08,-1.0707592230146465
4935.409144911228,-0.0002322010663005216,-2.0791923355216307e-08,-1.0726008796204185
4943.897666429417,-0.00023198676016807947,-2.0862685704881663e-08,-1.0744457039069366
4952.400787547243,-0.00023177171622393606,-2.0933682386122535e-08,-1.0762937013232659
4960.918533374884,-0.00023155593193189725,-2.1004919184903735e-08,-1.0781448773278461
4969.450929065715,-0.00023133940474612602,-2.1076396101225278e-08,-1.0799992373885146
4977.997999816364,-0.0002311221321005342,-2.1148113135087165e-08,-1.0818567869825135
4986.559770866791,-0.0002309041114377133,-2.1220075108126745e-08,-1.0837175315965097
4995.136267500385,-0.00023068534017807514,-2.1292274305724278e-08,-1.085581476726616
5003.727515044001,-0.00023046581574492512,-2.136471362086217e-08,-1.0874486278783981
5012.333538868063,-0.0002302455355336028,-2.1437397875177777e-08,-1.0893189905668983
5020.95436438663,-0.00023002449694619866,-2.151032996165351e-08,-1.0911925703166476
5029.590017057465,-0.0002298026973770889,-2.158350505865203e-08,-1.093069372661684
5038.240522382131,-0.00022958013420039866,-2.165692798781069e-08,-1.0949494031455704
5046.905905906036,-0.00022935680479121802,-2.1730595856147086e-08,-1.0968326673214066
5055.586193218529,-0.00022913270650824343,-2.1804511556643635e-08,-1.0987191707518482
5064.281409952979,-0.00022890783670438572,-2.1878673160645402e-08,-1.1006089190091264
5072.991581786832,-0.00022868219272677022,-2.1953088382772144e-08,-1.1025019176750575
5081.716734441701,-0.00022845577191095025,-2.202775240138653e-08,-1.1043981723410643
5090.456893683438,-0.00022822857157801454,-2.2102662323506156e-08,-1.1062976886081919
5099.212085322204,-0.00022800058904230182,-2.2177824899423303e-08,-1.1082004720871221
5107.982335212569,-0.00022777182161718681,-2.22532430221204e-08,-1.110106528398195
5116.767669253554,-0.0002275422666035083,-2.2328913798615035e-08,-1.1120158631714203
5125.568113388725,-0.00022731192127799669,-2.2404840121889622e-08,-1.1139284820464939
5134.383693606284,-0.00022708078293088378,-2.2481019098961768e-08,-1.1158443906728222
5143.214435939116,-0.00022684884882250705,-2.255745362281388e-08,-1.117763594709528
5152.060366464884,-0.0002266161162199549,-2.2634146586428375e-08,-1.1196860998254752
5160.9215113061055,-0.00022638258237199353,-2.2711093168167913e-08,-1.121611911699282
5169.797896630217,-0.00022614824452256796,-2.2788301082652256e-08,-1.1235410360193385
5178.689548649681,-0.00022591309990019397,-2.286576936555394e-08,-1.1254734784838256
5187.596493622025,-0.00022567714573049487,-2.294349512389056e-08,-1.1274092448007282
5196.51875784994,-0.0002254403792217362,-2.3021481250644543e-08,-1.1293483406878524
5205.456367681368,-0.00022520279758411272,-2.309972967447082e-08,-1.1312907718728487
5214.409349509554,-0.00022496439800178216,-2.3178241359696877e-08,-1.1332365440932188
5223.377729773142,-0.00022472517767047499,-2.325701244901284e-08,-1.1351856630963406
5232.361534956244,-0.00022448513375313437,-2.3336050657038468e-08,-1.1371381346394815
5241.360791588536,-0.0002242442634252405,-2.3415355019446304e-08,-1.1390939644898181
5250.37552624531,-0.00022400256383430788,-2.3494923607581413e-08,-1.1410531584244503
5259.405765547563,-0.00022376003212592292,-2.357475835009874e-08,-1.1430157222304183
5268.451536162095,-0.00022351666543699342,-2.3654864068635648e-08,-1.1449816617047248
5277.512864801557,-0.0002232724608918911,-2.3735234977227313e-08,-1.1469509826543458
5286.589778224546,-0.00022302741560920226,-2.3815873968856166e-08,-1.1489236908962506
5295.6823032356815,-0.00022278152669015521,-2.3896786829487014e-08,-1.1508997922574198
5304.790466685682,-0.00022253479123501472,-2.3977969701810004e-08,-1.1528792925748594
5313.914295471462,-0.00022228720632475892,-2.40594235501526e-08,-1.154862197695625
5323.0538165361795,-0.0002220387690394023,-2.4141150303169754e-08,-1.15684851347683
5332.209056869336,-0.00022178947643870838,-2.422315092518894e-08,-1.1588382457856685
5341.380043506863,-0.00022153932558437015,-2.4305429273520047e-08,-1.1608314004994333
5350.566803531183,-0.00022128831351300797,-2.4387980526525735e-08,-1.1628279835055293
5359.769364071297,-0.00022103643726895756,-2.447080275555107e-08,-1.1648280007014944
5368.98775230287,-0.00022078369387341085,-2.455391235416304e-08,-1.1668314579950148
5378.221995448299,-0.00022053008033984557,-2.463729389312215e-08,-1.1688383613039426
5387.47212077682,-0.0002202755936778826,-2.472095508704815e-08,-1.1708487165563182
5396.738155604552,-0.00022002023087110592,-2.4804901721905873e-08,-1.1728625296903796
5406.020127294596,-0.00021976398891467244,-2.4889121261438226e-08,-1.174879806654584
5415.318063257132,-0.00021950686477480914,-2.4973624313247377e-08,-1.1769005534076296
5424.631990949468,-0.00021924885541485043,-2.5058414734643207e-08,-1.178924775918466
5433.961937876138,-0.0002189899577904167,-2.514348673966092e-08,-1.1809524801663143
5443.307931588987,-0.00021873016883784178,-2.5228844185610393e-08,-1.1829836721406877
5452.6699996872385,-0.00021846948549924644,-2.5314485143836693e-08,-1.1850183578414046
5462.048169817602,-0.00021820790468878566,-2.5400414435977187e-08,-1.1870565432786138
5471.442469674318,-0.0002179454233080788,-2.5486628204721996e-08,-1.1890982344728014
5480.852926999264,-0.0002176820382712821,-2.5573132236035944e-08,-1.1911434374548173
5490.279569582043,-0.00021741774646265785,-2.5659927494246517e-08,-1.1931921582658918
5499.722425260041,-0.00021715254475393225,-2.5747010122043844e-08,-1.1952444029576488
5509.1815219185255,-0.00021688643001779666,-2.5834383976737807e-08,-1.1973001775921286
5518.656887490725,-0.00021661939911440635,-2.592204905832842e-08,-1.1993594882418044
5528.148549957907,-0.00021635144888559478,-2.6010009224125562e-08,-1.2014223409895977
5537.656537349478,-0.00021608257616644548,-2.609826640278419e-08,-1.2034887419289042
5547.180877743038,-0.0002158127777795063,-2.6186813844012016e-08,-1.2055586971635994
5556.721599264481,-0.0002155420505425037,-2.627565636944641e-08,-1.207632212808067
5566.278730088086,-0.0002152703912548425,-2.6364798800724716e-08,-1.2097092949872144
5575.85229843658,-0.00021499779670821318,-2.64542363162096e-08,-1.2117899498364888
5585.44233258123,-0.00021472426367887744,-2.6543974701865894e-08,-1.2138741835018954
5595.048860841933,-0.0002144497889421332,-2.6634010100383723e-08,-1.2159620021400188
5604.671911587282,-0.00021417436925784958,-2.6724352155037792e-08,-1.2180534119180364
5614.311513234686,-0.000213898001362752,-2.6814988329571006e-08,-1.2201484190137442
5623.9676942504,-0.00021362068199742395,-2.6905933088895418e-08,-1.2222470296155636
5633.640483149668,-0.00021334240788991308,-2.6997178718391285e-08,-1.224349249922574
5643.329908496756,-0.00021306317575090947,-2.708872811104102e-08,-1.2264550861445174
5653.035998905067,-0.00021278298227567438,-2.7180580302517164e-08,-1.2285645445018258
5662.758783037214,-0.00021250182416622022,-2.727274686474937e-08,-1.2306776312256362
5672.498289605106,-0.0002122196980946652,-2.7365216225808e-08,-1.232794352557809
5682.254547370047,-0.00021193660072541358,-2.7457998028967765e-08,-1.2349147147509483
5692.027585142792,-0.00021165252872479908,-2.755108455960892e-08,-1.237038724068419
5701.817431783653,-0.00021136747872636818,-2.7644483532351232e-08,-1.2391663867843643
5711.624116202589,-0.00021108144737138295,-2.7738193982867232e-08,-1.2412977091837274
5721.447667359271,-0.0002107944312760332,-2.7832213982502006e-08,-1.2434326975622676
5731.28811426318,-0.00021050642705458075,-2.7926550281547844e-08,-1.2455713582265784
5741.145485973694,-0.0002102174312971794,-2.8021204808659697e-08,-1.2477136974941085
5751.019811600164,-0.00020992744060073428,-2.811617274220022e-08,-1.2498597216931782
5760.911120302023,-0.0002096364515361138,-2.821145215351449e-08,-1.252009437163002
5770.819441288841,-0.0002093444606616506,-2.8307052685877216e-08,-1.2541628502537026
5780.744803820423,-0.00020905146453664253,-2.840296855332359e-08,-1.2563199673263301
5790.687237206919,-0.000208757459689529,-2.8499211327783255e-08,-1.2584807947528867
5800.646770808872,-0.00020846244265646497,-2.859577329463647e-08,-1.2606453389163392
5810.6234340373285,-0.000208166409950462,-2.869265156090083e-08,-1.2628136062106394
5820.6172563539185,-0.00020786935807585316,-2.8789857698505984e-08,-1.264985603040744
5830.628267270939,-0.00020757128351768544,-2.888738206417725e-08,-1.2671613358226326
5840.656496351464,-0.00020727218276486394,-2.89852352655168e-08,-1.2693408109833308
5850.701973209395,-0.00020697205227543556,-2.908341537386971e-08,-1.2715240349609227
5860.764727509567,-0.00020667088851226975,-2.918192046058105e-08,-1.273711014204572
5870.8447889678555,-0.00020636868790834185,-2.928075341863324e-08,-1.2759017551745473
5880.9421873512265,-0.00020606544690434308,-2.937991617668123e-08,-1.278096264342231
5891.056952477847,-0.00020576116191396352,-2.9479408734725037e-08,-1.2802945481901438
5901.189114217172,-0.00020545582934221508,-2.9579231092764663e-08,-1.2824966132119686
5911.33870249002,-0.00020514944558350267,-2.967938807243748e-08,-1.2847024659125572
5921.505747268694,-0.00020484200702065988,-2.977987581643361e-08,-1.2869121128079652
5931.6902785770235,-0.00020453351001530556,-2.9880700110717885e-08,-1.289125560425458
5941.8923264904815,-0.00020422395093484545,-2.998185999096285e-08,-1.291342815303535
5952.111921136283,-0.00020391332610907666,-3.008335256418611e-08,-1.2935638839919548
5962.349092693442,-0.0002036016318870841,-3.018518554500743e-08,-1.2957887730517426
5972.6038713928865,-0.00020328886456587883,-3.028735604044441e-08,-1.298017489055221
5982.876287517537,-0.00020297502046851015,-3.038986694347948e-08,-1.3002500385860207
5993.166371402393,-0.00020266009587945437,-3.0492716325457715e-08,-1.3024864282391064
6003.474153434646,-0.00020234408708222438,-3.059591382965381e-08,-1.304726664620795
6013.799664053733,-0.00020202699034104702,-3.0699448848465624e-08,-1.3069707543487716
6024.142933751444,-0.00020170880190954234,-3.080332813218545e-08,-1.3092187040521102
6034.50399307203,-0.00020138951803940234,-3.0907553609468245e-08,-1.3114705203713009
6044.882872612261,-0.00020106913494856812,-3.101212335165907e-08,-1.313726209958256
6055.279603021533,-0.00020074764885401715,-3.1117043144722776e-08,-1.3159857794763423
6065.694215001952,-0.00020042505596115577,-3.122230720269455e-08,-1.3182492356003916
6076.12673930845,-0.00020010135245899737,-3.132792709750403e-08,-1.320516585016728
6086.577206748832,-0.00019977653452209106,-3.143389318587655e-08,-1.3227878344231827
6097.045648183894,-0.00019945059832016525,-3.1540215111086805e-08,-1.3250629905291127
6107.532094527527,-0.00019912353999401876,-3.164688708717e-08,-1.3273420600554298
6118.036576746773,-0.00019879535568830895,-3.175391393576349e-08,-1.3296250497346072
6128.559125861941,-0.0001984660415235854,-3.186129372821236e-08,-1.3319119663107093
6139.0997729466935,-0.0001981355936097909,-3.1969032250481424e-08,-1.334202816539408
6149.658549128129,-0.00019780400804722572,-3.2077128538243246e-08,-1.3364976071880017
6160.235485586905,-0.00019747128090918947,-3.2185582591497825e-08,-1.3387963450354432
6170.830613557284,-0.00019713740827573321,-3.229439730322759e-08,-1.3410990368723457
6181.443964327251,-0.00019680238619894293,-3.240357074477762e-08,-1.3434056895010136
6192.075569238623,-0.0001964662107251196,-3.251310580913033e-08,-1.3457163097354623
6202.7254596871035,-0.00019612887787645648,-3.262300635359562e-08,-1.3480309044014327
6213.393667122399,-0.00019579038367900542,-3.273326755653615e-08,-1.3503494803364158
6224.08022304831,-0.0001954507241231383,-3.2843900025554105e-08,-1.3526720443896716
6234.785159022811,-0.00019510989520887166,-3.2954895081702266e-08,-1.3549986034222479
6245.508506658177,-0.0001947678928957205,-3.3066258510945477e-08,-1.3573291643070065
6256.250297621032,-0.00019442471315863044,-3.317799224193868e-08,-1.359663733928636
6267.010563632463,-0.00019408035193686738,-3.3290098203336844e-08,-1.362002319183674
6277.789336468138,-0.00019373480516101914,-3.340256675186527e-08,-1.3643449269805341
6288.586647958353,-0.00019338806875588864,-3.351541717407338e-08,-1.3666915642395177
6299.40252998816,-0.00019304013861927807,-3.3628639826686485e-08,-1.3690422378928384
6310.237014497447,-0.00019269101064609787,-3.3742231816722194e-08,-1.371396954884642
6321.090133481032,-0.00019234068070522205,-3.385620471611016e-08,-1.3737557221710281
6331.961918988783,-0.0001919891446703477,-3.397055081023064e-08,-1.3761185467200718
6342.852403125666,-0.00019163639838045633,-3.408527877803088e-08,-1.3784854355118383
6353.761618051871,-0.0001912824376706734,-3.420038572652848e-08,-1.3808563955384094
6364.689595982917,-0.00019092725836358898,-3.4315874548705866e-08,-1.3832314338039062
6375.636369189713,-0.00019057085626347165,-3.443174235158065e-08,-1.3856105573245001
6386.601969998678,-0.00019021322715723305,-3.454799588544513e-08,-1.3879937731284449
6397.586430791829,-0.00018985436682117802,-3.466463418597186e-08,-1.3903810882560885
6408.589784006873,-0.00018949427102100494,-3.478165532450591e-08,-1.3927725097598993
6419.612062137324,-0.00018913293549734024,-3.489906508701212e-08,-1.3951680447044863
6430.653297732566,-0.0001887703559821326,-3.5016864437817975e-08,-1.3975677001666202
6441.7135233979625,-0.0001884065281957596,-3.513505241259602e-08,-1.399971483235247
6452.792771794977,-0.00018804144783834885,-3.5253629011346274e-08,-1.4023794010115247
6463.891075641229,-0.0001876751106052075,-3.5372598091378635e-08,-1.4047914606088283
6475.008467710613,-0.00018730751216367787,-3.549195868836564e-08,-1.4072076691527802
6486.144980833391,-0.00018693864816760256,-3.5611717552599604e-08,-1.4096280337812659
6497.300647896306,-0.00018656851426793257,-3.573186793378825e-08,-1.4120525616444641
6508.475501842645,-0.0001861971060886184,-3.5852417546551364e-08,-1.414481259904856
6519.669575672355,-0.0001858244192410753,-3.5973366390888955e-08,-1.4169141357372521
6530.882902442159,-0.00018545044932707637,-3.609470964516369e-08,-1.4193511963288188
6542.115515265618,-0.0001850751919271804,-3.621645598832282e-08,-1.4217924488790912
6553.367447313251,-0.00018469864261133972,-3.633860542036636e-08,-1.4242379005999957
6564.638731812627,-0.0001843207969234705,-3.6461161798604215e-08,-1.4266875587158778
6575.929402048457,-0.00018394165041713383,-3.658411451543422e-08,-1.4291414304635142
6587.23949136272,-0.00018356119859767476,-3.670747417845857e-08,-1.4315995230921452
6598.56903315472,-0.0001831794369771901,-3.6831244644987166e-08,-1.4340618438634867
6609.918060881207,-0.00018279636104849114,-3.695541820040026e-08,-1.436528400051752
6621.286608056491,-0.00018241196628413926,-3.708000641662752e-08,-1.438999198943685
6632.674708252507,-0.0001820262481441607,-3.720500061472172e-08,-1.4414742478385651
6644.082395098935,-0.0001816392020750822,-3.7330410437957594e-08,-1.4439535540482413
6655.509702283298,-0.00018125082350414502,-3.745623395768021e-08,-1.4464371248971495
6666.95666355105,-0.00018086110783834057,-3.758246828090718e-08,-1.4489249677223304
6678.423312705708,-0.00018047005048273294,-3.770912112225829e-08,-1.4514170898734615
6689.909683608903,-0.00018007764681635035,-3.783619248173355e-08,-1.4539134987128686
6701.415810180511,-0.0001796838922018285,-3.796368235933298e-08,-1.4564142016155508
6712.941726398763,-0.0001792887819854108,-3.8091583040436834e-08,-1.458919205969208
6724.487466300314,-0.0001788923115085202,-3.82199157402495e-08,-1.461428519174252
6736.053063980363,-0.00017849447608075784,-3.8348667922513844e-08,-1.4639421486438382
6747.638553592752,-0.0001780952710097976,-3.847784151588486e-08,-1.4664601018038825
6759.2439693500555,-0.00017769469157052702,-3.860743748469003e-08,-1.4689823860930828
6770.869345523715,-0.00017729273304072836,-3.8737467400859015e-08,-1.4715090089629477
6782.514716444094,-0.00017688939067407656,-3.886792065678965e-08,-1.4740399778778088
6794.180116500601,-0.0001764846596943534,-3.8998805931429204e-08,-1.4765753003148498
6805.865580141813,-0.0001760785353320927,-3.9130117438812864e-08,-1.4791149837641269
6817.5711418755345,-0.00017567101278504198,-3.926186192923295e-08,-1.481659035728591
6829.296836268928,-0.00017526208723744947,-3.93940422956719e-08,-1.4842074637241074
6841.04269794861,-0.0001748517538726007,-3.952664985918248e-08,-1.4867602752794826
6852.808761600744,-0.00017444000782363675,-3.965970101333173e-08,-1.4893174779364815
6864.595061971171,-0.00017402684424491587,-3.979318707917242e-08,-1.4918790792498569
6876.401633865474,-0.00017361225824450932,-3.9927112878341945e-08,-1.494445086787364
6888.228512149095,-0.0001731962449362761,-4.0061473589202946e-08,-1.4970155081297865
6900.075731747467,-0.0001727787993926099,-4.01962807836851e-08,-1.4995903508709638
6911.943327646069,-0.00017235991669265654,-4.03315257828412e-08,-1.5021696226178014
6923.831334890558,-0.00017193959188663304,-4.0467219194273447e-08,-1.504753330990306
6935.739788586862,-0.00017151782001029292,-4.060335716067197e-08,-1.507341483621599
6947.668723901309,-0.0001710945960820332,-4.0739937753381844e-08,-1.5099340881579473
6959.618176060689,-0.00017066991509903694,-4.0876972544332754e-08,-1.51253115225878
6971.588180352378,-0.00017024377204884542,-4.101445285457748e-08,-1.5151326835967085
6983.578772124468,-0.00016981616190067905,-4.1152384470080866e-08,-1.5177386898575607
6995.5899867858225,-0.000169387079595794,-4.1290771248152826e-08,-1.5203491787403915
7007.621859806215,-0.0001689565200744838,-4.142961029581095e-08,-1.5229641579575124
7019.674426716422,-0.00016852447824329165,-4.1568901613055274e-08,-1.5255836352345122
7031.747723108326,-0.0001680909490058694,-4.1708652914505595e-08,-1.5282076183102795
7043.841784635043,-0.00016765592723597605,-4.184885648554215e-08,-1.5308361149370298
7055.956647010989,-0.00016721940779772888,-4.1989524862422095e-08,-1.5334691328803212
7068.092346012009,-0.0001667813855369244,-4.2130652259180624e-08,-1.5361066799190832
7080.248917475497,-0.00016634185528296706,-4.227224253312764e-08,-1.5387487638456403
7092.426397300465,-0.00016590081183729717,-4.241429664859065e-08,-1.541395392465728
7104.624821447677,-0.0001654582499897846,-4.25568165342246e-08,-1.5440465735985238
7116.844225939743,-0.00016501416451390738,-4.269980026137459e-08,-1.5467023150766666
7129.084646861226,-0.00016456855016964438,-4.2843257473315335e-08,-1.5493626247462793
7141.34612035877,-0.0001641214016919035,-4.2987175633789755e-08,-1.5520275104669974
7153.628682641171,-0.00016367271379823627,-4.313156920770993e-08,-1.5546969801119843
7165.932369979495,-0.00016322248118594485,-4.3276437230748405e-08,-1.557371041567959
7178.257218707218,-0.00016277069853979688,-4.3421774881267866e-08,-1.5600497027352227
7190.603265220285,-0.00016231736052527493,-4.356758987388809e-08,-1.5627329715276748
7202.970545977243,-0.00016186246178375498,-4.3713883172936575e-08,-1.5654208558728413
7215.359097499349,-0.00016140599694600716,-4.386065188543095e-08,-1.5681133637118978
7227.768956370664,-0.00016094796061773053,-4.4007898904353626e-08,-1.5708105029996908
7240.200159238192,-0.00016048834739112533,-4.4155630979996946e-08,-1.5735122817047673
7252.652742811948,-0.00016002715182946356,-4.430384425505105e-08,-1.5762187078093892
7265.126743865082,-0.0001595643684950547,-4.445253776518847e-08,-1.5789297893095622
7277.622199234015,-0.00015909999192224438,-4.4601721153683975e-08,-1.5816455342150655
7290.139145818503,-0.0001586340166203072,-4.475138574159031e-08,-1.5843659505494618
7302.6776205817705,-0.00015816643708598349,-4.4901549851129496e-08,-1.5870910463501315
7315.237660550618,-0.00015769724779865726,-4.505219901738947e-08,-1.5898208296682932
7327.819302815522,-0.00015722644321553486,-4.5203335169025195e-08,-1.5925553085690278
7340.422584530774,-0.0001567540177793594,-4.535496409200154e-08,-1.5952944911313043
7353.0475429145445,-0.00015627996589815977,-4.5507089643628405e-08,-1.5980383854480007
7365.694215249018,-0.00015580428198575305,-4.565971182390582e-08,-1.6007869996259272
7378.362638880522,-0.0001553269604193134,-4.581283352581622e-08,-1.6035403417858576
7391.052851219597,-0.00015484799556058753,-4.5966451856377234e-08,-1.6062984200625434
7403.764889741132,-0.00015436738174914448,-4.612056970857128e-08,-1.609061242604745
7416.49879198447,-0.0001538851133110547,-4.627519383269071e-08,-1.6118288175752529
7429.2545955535115,-0.0001534011845550325,-4.6430320371425644e-08,-1.614601153150911
7442.032338116857,-0.0001529155897550781,-4.658595028910359e-08,-1.617378257522647
7454.832057407862,-0.0001524283231842296,-4.674208455005205e-08,-1.620160138895487
7467.65379122481,-0.00015193937907791792,-4.689872894023588e-08,-1.6229468054885894
7480.497577430976,-0.00015144875166675455,-4.705588442398257e-08,-1.6257382655352612
7493.363453954759,-0.00015095643515917326,-4.721354907263721e-08,-1.6285345272829883
7506.251458789797,-0.00015046242373853728,-4.7371733493802023e-08,-1.631335598993457
7519.161629995061,-0.00014996671156410345,-4.75304251512199e-08,-1.6341414889425774
7532.094005695009,-0.00014946929278452322,-4.768963368816558e-08,-1.6369522054205154
7545.048624079644,-0.00014897016152144873,-4.7849362961949e-08,-1.6397677567317053
7558.025523404653,-0.00014846931188881973,-4.800960718660533e-08,-1.6425881511948826
7571.024741991542,-0.00014796673796104028,-4.817037504108186e-08,-1.6454133971431109
7584.046318227708,-0.00014746243380480198,-4.833166459672368e-08,-1.6482435029237992
7597.090290566575,-0.00014695639346461907,-4.849347874651323e-08,-1.6510784768987286
7610.156697527706,-0.0001464486109599352,-4.865581652612306e-08,-1.653918327444081
7623.245577696905,-0.00014593908029958866,-4.8818685650172985e-08,-1.6567630629504606
7636.356969726365,-0.00014542779545866828,-4.89820764753883e-08,-1.6596126918229217
7649.490912334735,-0.00014491475040165748,-4.9146003466681133e-08,-1.6624672224809904
7662.6474443072575,-0.000144399939072791,-4.931045794510427e-08,-1.6653266633586885
7675.826604495904,-0.00014388335538158972,-4.9475449553932435e-08,-1.6681910229045651
7689.028431819445,-0.0001433649932337197,-4.9640975400183267e-08,-1.6710603095817143
7702.252965263599,-0.00014284484650302622,-4.980704030549415e-08,-1.673934531867806
7715.500243881134,-0.0001423229090479276,-4.997363848390027e-08,-1.676813698255106
7728.77030679198,-0.0001417991746988788,-5.014077861434892e-08,-1.6796978172505035
7742.063193183371,-0.00014127363727862261,-5.030846069684014e-08,-1.6825868973755402
7755.37894230992,-0.0001407462905732595,-5.0476684731373935e-08,-1.6854809471664303
7768.717593493751,-0.00014021712835442728,-5.064545553958771e-08,-1.688379975174083
7782.079186124647,-0.00013968614437158666,-5.08147702284991e-08,-1.691283989964141
7795.4637596601115,-0.00013915333236359315,-5.0984635548400406e-08,-1.6941930001169903
7808.87135362552,-0.00013861868602012351,-5.115505053496422e-08,-1.6971070142277942
7822.302007614229,-0.00013808219903278592,-5.132601518819055e-08,-1.7000260409065193
7835.755761287686,-0.00013754386507101136,-5.1497535294044275e-08,-1.702950088777955
7849.232654375575,-0.00013700367776565988,-5.1669610852525433e-08,-1.7058791664817494
7862.732726675889,-0.00013646163074662991,-5.184223704199668e-08,-1.708813282672423
7876.256018055072,-0.00013591771760814204,-5.201542832737015e-08,-1.7117524460194007
7889.8025684481545,-0.00013537193192416844,-5.218917506537115e-08,-1.7146966652070408
7903.372417858833,-0.00013482426724650427,-5.236348207763705e-08,-1.7176459489346538
7916.965606359613,-0.00013427471711151796,-5.2538353221477815e-08,-1.72060030591653
7930.582174091922,-0.00013372327502182894,-5.271379138987586e-08,-1.72355974488197
7944.22216126622,-0.00013316993447523774,-5.288979368984882e-08,-1.726524274575302
7957.885608162149,-0.00013261468892133066,-5.306636687168904e-08,-1.7294939037559205
7971.572555128606,-0.00013205753181259002,-5.324350707808665e-08,-1.7324686411982995
7985.283042583884,-0.0001314984565609987,-5.342122009500654e-08,-1.7354484956920218
7999.017111015816,-0.0001309374565727564,-5.359950977975862e-08,-1.7384334760418159
8012.77480098185,-0.0001303745252125992,-5.3778368417723144e-08,-1.7414235910675637
8026.5561531091935,-0.00012980965583272975,-5.3957805652174884e-08,-1.7444188496043418
8040.361208094923,-0.00012924284176510248,-5.413782437609628e-08,-1.7474192605024383
8054.190006706138,-0.00012867407631563763,-5.431842073217748e-08,-1.7504248326273903
8068.042589780024,-0.00012810335275843527,-5.449959857772843e-08,-1.7534355748599946
8081.91899822401,-0.00012753066435891952,-5.468135984140409e-08,-1.7564514960963455
8095.819273015901,-0.0001269560043506942,-5.486370838051439e-08,-1.759472605247861
8109.74345520396,-0.00012637936594904394,-5.5046640337749485e-08,-1.7624989112413034
8123.691585907059,-0.00012580074234418357,-5.5230163427729187e-08,-1.765530423018809
8137.663706314786,-0.00012522012669161474,-5.541427282881617e-08,-1.7685671495379143
8151.659857687569,-0.00012463751214491372,-5.559898204159509e-08,-1.771609099771581
8165.6800813568225,-0.00012405289181619322,-5.578428045846379e-08,-1.774656282708231
8179.7244187250235,-0.00012346625880310422,-5.597017579404208e-08,-1.7777087073517586
8193.79291126586,-0.00012287760617533489,-5.615666804833001e-08,-1.7807663827215683
8207.885600524372,-0.00012228692698039694,-5.634375818565509e-08,-1.783829317852601
8222.002528117036,-0.00012169421424458989,-5.653145199198218e-08,-1.786897521795354
8236.143735731906,-0.00012109946095660728,-5.6719750431638806e-08,-1.7899710036159138
8250.309265128742,-0.00012050266010611034,-5.690864868298765e-08,-1.7930497723959804
8264.499158139117,-0.00011990380463743962,-5.709815638930346e-08,-1.7961338372328952
8278.713456666575,-0.00011930288747372364,-5.728827258625882e-08,-1.79922320723967
8292.952202686707,-0.00011869990152266485,-5.747899823818122e-08,-1.8023178915450107
8307.2154382473,-0.00011809483965918159,-5.76703343093982e-08,-1.8054178992933434
8321.503205468483,-0.00011748769473601581,-5.786228465721968e-08,-1.808523239644849
8335.815546542804,-0.00011687845958662618,-5.8054846388663295e-08,-1.811633921775481
8350.152503735388,-0.00011626712701168728,-5.824802914700379e-08,-1.8147499548769979
8364.514119384052,-0.00011565368978969743,-5.844183582522364e-08,-1.8178713481569908
8378.90043589942,-0.00011503814067601433,-5.86362587087031e-08,-1.820998110838906
8393.31149576509,-0.00011442047240381946,-5.883130069042465e-08,-1.824130252162082
8407.747341537699,-0.00011380067767061735,-5.902697430664545e-08,-1.8272677813817666
8422.208015847078,-0.00011317874915848668,-5.922326702110841e-08,-1.8304107077691476
8436.693561396405,-0.00011255467952733001,-5.942019233439819e-08,-1.833559040611387
8451.20402096228,-0.0001119284613975157,-5.961774446055e-08,-1.8367127892116386
8465.739437394877,-0.0001113000873749506,-5.981593014985619e-08,-1.8398719628890785
8480.299853618078,-0.00011066955004432996,-6.00147494023168e-08,-1.843036570978939
8494.885312629578,-0.00011003684195274349,-6.021420607524178e-08,-1.8462066228325258
8509.49585750105,-0.00010940195562510488,-6.041429245401137e-08,-1.8493821278172604
8524.131531378222,-0.00010876488356415186,-6.061502493219267e-08,-1.852563095316691
8538.79237748103,-0.00010812561824562448,-6.081639868814837e-08,-1.8557495347305295
8553.478439103767,-0.00010748415212019382,-6.101841179322354e-08,-1.858941455474684
8568.189759615168,-0.00010684047761153341,-6.122107196203803e-08,-1.8621388669812762
8582.926382458567,-0.00010619458711342613,-6.142437437295452e-08,-1.8653417786986741
8597.688351152005,-0.00010554647299940774,-6.162833252655768e-08,-1.868550200091521
8612.475709288397,-0.00010489612761794515,-6.183293774390029e-08,-1.871764140640768
8627.288500535613,-0.00010424354327797137,-6.203819484661976e-08,-1.8749836098436916
8642.126768636625,-0.00010358871227974435,-6.224410672769855e-08,-1.8782086172139254
8656.990557409663,-0.00010293162689073872,-6.245067049415432e-08,-1.8814391722814992
8671.879910748301,-0.00010227227934082381,-6.265789482493435e-08,-1.8846752845928512
8686.79487262161,-0.00010161066185022983,-6.286578164869363e-08,-1.887916963710865
8701.735487074287,-0.00010094676660158181,-6.307432710812235e-08,-1.891164219214899
8716.701798226773,-0.00010028058575436494,-6.328353506053041e-08,-1.894417060700808
8731.693850275422,-9.961211143624538e-05,-6.349340936322776e-08,-1.8976754977809835
8746.711687492569,-9.89413357565711e-05,-6.370395483785184e-08,-1.9009395400843692
8761.7553542267,-9.826825079383553e-05,-6.391516762709279e-08,-1.9042091972564963
8776.824894902602,-9.759284859182018e-05,-6.412705062393307e-08,-1.9074844789595153
8791.92035402144,-9.69151211759885e-05,-6.433960672135515e-08,-1.9107653948722154
8807.041776160931,-9.62350605399851e-05,-6.455283399070415e-08,-1.9140519546900618
8822.189205975461,-9.555265865720789e-05,-6.476674400390981e-08,-1.9173441681252203
8837.362688196205,-9.486790746152129e-05,-6.498133579664467e-08,-1.920642044906585
8852.562267631303,-9.41807988675075e-05,-6.519660165428902e-08,-1.9239455947798154
8867.787989165934,-9.349132475985864e-05,-6.541255314877259e-08,-1.9272548275073553
8883.039897762477,-9.27994769933769e-05,-6.562918931576795e-08,-1.9305697528684627
8898.318038460666,-9.210524740358223e-05,-6.584651208393011e-08,-1.9338903806592493
8913.622456377676,-9.140862777392493e-05,-6.606452241758658e-08,-1.9372167206926978
8928.95319670829,-9.070960989557461e-05,-6.628322417404733e-08,-1.9405487827986956
8944.310304725019,-9.000818550280956e-05,-6.650262217494976e-08,-1.9438865768240645
8959.693825778233,-8.930434631255473e-05,-6.672270967000162e-08,-1.947230112632589
8975.103805296329,-8.859808400895221e-05,-6.694349726680516e-08,-1.95057940010505
8990.540288785804,-8.788939025204048e-05,-6.716497821506813e-08,-1.953934449139244
9006.003321831431,-8.717825667389691e-05,-6.738716601537522e-08,-1.9572952696500225
9021.492950096408,-8.646467487188761e-05,-6.761005295310668e-08,-1.9606618715693183
9037.009219322445,-8.574863642120368e-05,-6.783364577855489e-08,-1.9640342648461735
9052.552175329927,-8.503013286232504e-05,-6.805794159873748e-08,-1.9674124594467688
9068.121864018056,-8.430915570487767e-05,-6.828295005692925e-08,-1.9707964653544554
9083.71833136496,-8.358569644209878e-05,-6.850866729582036e-08,-1.974186292569782
9099.341623427881,-8.285974651804932e-05,-6.873509717272076e-08,-1.9775819511105317
9114.99178634324,-8.213129737004492e-05,-6.896223968763049e-08,-1.9809834510117403
9130.668866326816,-8.140034038333209e-05,-6.919010062651448e-08,-1.984390802325733
9146.372909673897,-8.066686693834066e-05,-6.941868191802772e-08,-1.9878040151221577
9162.103962759373,-7.99308683547524e-05,-6.964797970486035e-08,-1.9912230994880056
9177.862072037902,-7.919233595032555e-05,-6.987800266595973e-08,-1.9946480655276486
9193.647284044031,-7.845126099942841e-05,-7.010875272998085e-08,-1.9980789233628644
9209.459645392371,-7.770763475329034e-05,-7.03402289325963e-08,-2.001515683132874
9225.299202777682,-7.696144842071524e-05,-7.057242645216875e-08,-2.004958354994365
9241.166002975027,-7.621269320086888e-05,-7.080535975361038e-08,-2.008406949121518
9257.060092839954,-7.546136023602656e-05,-7.103902497961139e-08,-2.0118614757060524
9272.981519308569,-7.470744065303952e-05,-7.127342791613663e-08,-2.015321944957241
9288.930329397714,-7.395092556140639e-05,-7.15085637415488e-08,-2.0187883671019464
9304.906570205094,-7.319180601084236e-05,-7.174444113479526e-08,-2.022260752384654
9320.91028890941,-7.243007303949612e-05,-7.198105913154856e-08,-2.025739111067494
9336.941532770537,-7.166571765852042e-05,-7.221841966046374e-08,-2.0292234534302875
9353.000349129605,-7.089873082989245e-05,-7.245652754317821e-08,-2.0327137897705585
9369.086785409163,-7.012910349823696e-05,-7.269537699372719e-08,-2.0362101304035747
9385.200889113356,-6.935682657346825e-05,-7.293497958404044e-08,-2.039712485662384
9401.342707828002,-6.858189093946919e-05,-7.31753324211356e-08,-2.043220865897828
9417.512289220771,-6.780428742998295e-05,-7.341643936232264e-08,-2.0467352814785875
9433.709681041322,-6.702400687104376e-05,-7.365829847894666e-08,-2.0502557427912103
9449.934931121425,-6.624104004626085e-05,-7.3900918449955e-08,-2.053782260240135
9466.188087375149,-6.545537770164023e-05,-7.414430023967518e-08,-2.0573148442477347
9482.469197798944,-6.466701056487143e-05,-7.438843806214246e-08,-2.0608535052543364
9498.778310471806,-6.387592932411208e-05,-7.463334252495907e-08,-2.0643982537182524
9515.115473555454,-6.308212462991677e-05,-7.487901266379764e-08,-2.0679491001158254
9531.480735294412,-6.228558711163067e-05,-7.512545233596813e-08,-2.07150605494144
9547.874144016192,-6.148630735810292e-05,-7.53726615414706e-08,-2.0750691287075695
9564.295748131426,-6.068427593311602e-05,-7.562063931597765e-08,-2.0786383319447976
9580.745596133997,-5.98794833551349e-05,-7.586939626709153e-08,-2.082213675201852
9597.223736601221,-5.907192013105858e-05,-7.611892950182993e-08,-2.085795169045646
9613.73021819394,-5.826157671378959e-05,-7.636923709153795e-08,-2.08938282406129
9630.265089656681,-5.744844353309264e-05,-7.662032771516292e-08,-2.092976650852139
9646.828399817845,-5.663251098980872e-05,-7.687220426568736e-08,-2.0965766600398226
9663.42019758978,-5.581376943946142e-05,-7.712485999281899e-08,-2.1001828622642664
9680.040531968969,-5.499220921925838e-05,-7.737830550416011e-08,-2.103795268183734
9696.68945203617,-5.4167820623018606e-05,-7.763253887105586e-08,-2.1074138884748557
9713.36700695654,-5.334059391178021e-05,-7.788756780812607e-08,-2.1110387338326557
9730.073245979827,-5.25105193205508e-05,-7.81433855650785e-08,-2.1146698149705956
9746.808218440461,-5.167758703805652e-05,-7.840000274951548e-08,-2.1183071426205906
9763.571973757718,-5.084178723181474e-05,-7.865741261114473e-08,-2.121950727533052
9780.3645614359,-5.000311002499016e-05,-7.891563057920589e-08,-2.12560058047692
9797.186031064426,-4.916154551761014e-05,-7.91746441174419e-08,-2.1292567122396897
9814.036432318015,-4.831708376727811e-05,-7.943446479778252e-08,-2.132919133627444
9830.915814956821,-4.7469714800745614e-05,-7.969509069157287e-08,-2.13658785546489
9847.824228826572,-4.661942861101935e-05,-7.995652469179545e-08,-2.1402628885953883
9864.761723858755,-4.5766215148682245e-05,-8.021877258441519e-08,-2.1439442438809864
9881.728350070702,-4.4910064346966126e-05,-8.048183147644972e-08,-2.147631932202449
9898.7241575658,-4.4050966084142846e-05,-8.074570522520906e-08,-2.1513259644592955
9915.749196533592,-4.3188910222097585e-05,-8.101039383069322e-08,-2.1550263515698243
9932.803517249946,-4.232388657064864e-05,-8.127590790050457e-08,-2.158733104471152
9949.887170077198,-4.145588491840608e-05,-8.15422368270409e-08,-2.1624462341192427
9967.000205464301,-4.058489501444952e-05,-8.180939507521445e-08,-2.1661657514889403
9984.142673947003,-3.971090656543514e-05,-8.207737589473297e-08,-2.1698916675740088
10001.314626147925,-3.883390925006077e-05,-8.234618989319874e-08,-2.1736239933871495
10018.516112776802,-3.7953892714244216e-05,-8.261583128464702e-08,-2.1773627399600533
10035.747184630553,-3.707084656340873e-05,-8.28863058550427e-08,-2.181107918343415
10053.007892593472,-3.618476036730466e-05,-8.315761167573095e-08,-2.184859539606977
10070.298287637374,-3.5295623661938214e-05,-8.342976031864154e-08,-2.1886176148395617
10087.618420821736,-3.44034259437855e-05,-8.370274406915472e-08,-2.1923821551491005
10104.96834329386,-3.3508156667863936e-05,-8.397657064189042e-08,-2.1961531716626665
10122.348106289011,-3.260980527376924e-05,-8.42512429298311e-08,-2.1999306755265167
10139.75776113058,-3.1708361142280586e-05,-8.452675996864941e-08,-2.203714677906112
10157.197359230207,-3.080381362621924e-05,-8.480312561565531e-08,-2.2075051899861564
10174.666952088019,-2.9896152054305975e-05,-8.508033987084887e-08,-2.2113022229706436
10192.166591292653,-2.898536568873053e-05,-8.535840852019503e-08,-2.215105788082862
10209.6963285215,-2.8071443779154225e-05,-8.56373315636939e-08,-2.2189158965654507
10227.256215540834,-2.715437553281576e-05,-8.591711285865544e-08,-2.2227325596804257
10244.846304205936,-2.6234150120317232e-05,-8.619774951209733e-08,-2.226555788709208
10262.466646461338,-2.531075667273123e-05,-8.647925213162186e-08,-2.2303855949526783
10280.117294340856,-2.4384184277743573e-05,-8.676161878857417e-08,-2.2342219897311795
10297.798299967813,-2.3454421994118302e-05,-8.704485141160929e-08,-2.238064984384574
10315.509715555187,-2.2521458845911783e-05,-8.732895096505482e-08,-2.2419145902722653
10333.25159340575,-2.1585283808007793e-05,-8.761392034189324e-08,-2.2457708187732415
10351.02398591224,-2.064588582636854e-05,-8.789976339943456e-08,-2.2496336812860984
10368.8269455575,-1.9703253803569752e-05,-8.818648303066125e-08,-2.2535031892290833
10386.660524914641,-1.8757376606515376e-05,-8.847408019990094e-08,-2.257379354040123
10404.524776647198,-1.7808243067401994e-05,-8.876255683580861e-08,-2.26126218717686
10422.419753509259,-1.6855841976968554e-05,-8.905191197405692e-08,-2.265151700116681
10440.34550834571,-1.590016207581748e-05,-8.934215525792069e-08,-2.269047904356771
10458.302094092262,-1.4941192088166262e-05,-8.963328475874508e-08,-2.2729508114141166
10476.289563775692,-1.3978920681345687e-05,-8.992530047653013e-08,-2.2768604328255653
10494.30797051398,-1.3013336492801127e-05,-9.02182110902233e-08,-2.2807767801478476
10512.357367516468,-1.2044428115627657e-05,-9.05120117781872e-08,-2.2846998649576173
10530.437808083983,-1.1072184109177754e-05,-9.080670832638687e-08,-2.288629698851476
10548.5493456091,-1.0096592992311047e-05,-9.110230266347731e-08,-2.292566293446034
10566.692033576155,-9.117643234715425e-06,-9.139879768244105e-08,-2.296509660377908
10584.865925561497,-8.135323280051008e-06,-9.169619338327817e-08,-2.3004598113037793
10603.07107523362,-7.14962152473497e-06,-9.199449748060858e-08,-2.304416757900426
10621.307536353323,-6.160526328549219e-06,-9.229370804577745e-08,-2.308380511864751
10639.575362773872,-5.168026007890178e-06,-9.259382700743979e-08,-2.3123510849138253
10657.874608441158,-4.172108840590483e-06,-9.28948591872331e-08,-2.3163284887849125
10676.205327393847,-3.172763063990404e-06,-9.31968026565025e-08,-2.3203127352355173
10694.567573763557,-2.1699768749379147e-06,-9.349966127255802e-08,-2.324303836043407
10712.961401774981,-1.1637384297887549e-06,-9.380344275001954e-08,-2.32830180300665
10731.38686574614,-1.5403584729948988e-07,-9.410814419590478e-08,-2.332306647943668
10749.844020088412,8.591428058373328e-07,-9.441376464588629e-08,-2.3363183826932437
10768.332919306784,1.8758094870276155e-06,-9.472031567189392e-08,-2.3403370191145716
10786.853617999981,2.8959762115270977e-06,-9.502778955930798e-08,-2.344362569087292
10805.406170860639,3.919655018689828e-06,-9.533619788005826e-08,-2.348395044511524
10823.990632675437,4.946858009576853e-06,-9.564553677683495e-08,-2.3524344573079
10842.60705832535,5.9775973122403606e-06,-9.595581203560305e-08,-2.3564808194176177
10861.255502785674,7.011885102938813e-06,-9.626702365636263e-08,-2.360534142802445
10879.936021126287,8.049733588778979e-06,-9.657917549642369e-08,-2.3645944394447787
10898.648668511776,9.091155034717015e-06,-9.689226562713142e-08,-2.3686617213476726
10917.393500201611,1.0136161736557231e-05,-9.720630272743315e-08,-2.3727360005348768
10936.170571550305,1.1184766042167216e-05,-9.75212839043466e-08,-2.3768172890508668
10954.979938007573,1.2236980336048525e-05,-9.783721397950925e-08,-2.3809055989608883
10973.8216551185,1.3292817037407949e-05,-9.815409584590365e-08,-2.3850009423509877
10992.695778523683,1.4352288623301278e-05,-9.847192950352987e-08,-2.38910333132804
11011.602363959484,1.541540760548939e-05,-9.879072266700787e-08,-2.3932127780198162
11030.54146725806,1.6482186540081426e-05,-9.911047340768278e-08,-2.397329294574975
11049.513144347613,1.7552638027534723e-05,-9.943118076122723e-08,-2.401452893163131
11068.517451252545,1.8626774712654716e-05,-9.975285340658863e-08,-2.4055835859748798
11087.55444409361,1.9704609276880273e-05,-1.0007548941511213e-07,-2.409721385221836
11106.624179088065,2.0786154445998217e-05,-1.0039909939440009e-07,-2.4138663031366643
11125.72671254992,2.1871423009429728e-05,-1.0072366887954044e-07,-2.4180183519731355
11144.86210088998,2.2960427772014026e-05,-1.010492152284279e-07,-2.4221775440061353
11164.030400616093,2.405318159450993e-05,-1.0137573747673514e-07,-2.426343891531719
11183.231668333288,2.514969739359578e-05,-1.017032356244622e-07,-2.43051740686714
11202.465960743963,2.6249988107153647e-05,-1.0203171063593671e-07,-2.434698102350895
11221.733334648028,2.7354066746342797e-05,-1.023611702257786e-07,-2.4388859903427544
11241.033846943092,2.846194633388284e-05,-1.0269161150100553e-07,-2.4430810832237984
11260.367554624621,2.9573639965770376e-05,-1.0302304024758251e-07,-2.447283393396457
11279.73451478611,3.068916076692003e-05,-1.0335545646550964e-07,-2.4514929332845496
11299.134784619226,3.180852191430812e-05,-1.0368886401209692e-07,-2.455709715333308
11318.568421414067,3.2931736629257985e-05,-1.0402326385167198e-07,-2.4599337520094418
11338.035482559206,3.405881817165396e-05,-1.0435866273452727e-07,-2.4641650558011463
11357.536025541935,3.5189779865013684e-05,-1.0469505583902551e-07,-2.468403639218149
11377.070107948419,3.632463505598645e-05,-1.0503244605814925e-07,-2.4726495147917573
11396.637787463871,3.74633971471401e-05,-1.0537084207084591e-07,-2.4769026950748794
11416.239121872695,3.8606079596960915e-05,-1.057102438771156e-07,-2.4811631926420725
11435.874169058747,3.9752695892852506e-05,-1.0605065340561343e-07,-2.485431020089591
11455.542987005369,4.0903259583922694e-05,-1.0639207451364938e-07,-2.4897061900353954
11475.245633795652,4.205778425783966e-05,-1.0673450527256865e-07,-2.493988715119208
11494.982167612592,4.3216283538903207e-05,-1.0707794664669883e-07,-2.498278608002556
11514.752646739247,4.437877112468895e-05,-1.0742240731498733e-07,-2.5025758813687937
11534.557129558923,4.554526073783207e-05,-1.0776788920608925e-07,-2.506880547923152
11554.395674555337,4.6715766154956896e-05,-1.0811439135567722e-07,-2.5111926203927717
11574.268340312796,4.789030120281954e-05,-1.0846191665673381e-07,-2.5155121115267445
11594.175185516366,4.906887975445048e-05,-1.0881046993089653e-07,-2.5198390340961456
11614.116268952024,5.02515157252972e-05,-1.0916005214249296e-07,-2.524173400894073
11634.091649506925,5.1438223082867315e-05,-1.0951066329152325e-07,-2.5285152247357012
11654.101386169436,5.2629015844799804e-05,-1.0986230723529745e-07,-2.5328645184582923
11674.145538029397,5.3823908078864934e-05,-1.1021498879545306e-07,-2.5372212949212525
11694.224164278288,5.502291389139228e-05,-1.105687041146803e-07,-2.5415855670061642
11714.337324209384,5.622604744848574e-05,-1.109234657292365e-07,-2.5459573476168305
11734.485077217922,5.7433322952879666e-05,-1.1127926688882946e-07,-2.550336649679303
11754.667482801364,5.8644754665153864e-05,-1.1163610952211425e-07,-2.5547234861419406
11774.88460055943,5.986035689794757e-05,-1.1199400712967572e-07,-2.55911786997542
11795.136490194374,6.108014400438747e-05,-1.1235294910391173e-07,-2.5635198141727953
11815.42321151113,6.230413038773081e-05,-1.1271294412376972e-07,-2.567929331749531
11835.744824417494,6.353233051293717e-05,-1.1307399701088719e-07,-2.5723464357435373
11856.101388924299,6.476475887388142e-05,-1.134361029436269e-07,-2.576771139215215
11876.492965145588,6.600143003578375e-05,-1.1379926867228133e-07,-2.5812034552474903
11896.919613298802,6.724235859856536e-05,-1.1416349516117811e-07,-2.585643396945858
11917.38139370492,6.848755922577796e-05,-1.1452878530329978e-07,-2.590090977438408
11937.878366788747,6.973704661374546e-05,-1.1489514295595642e-07,-2.594546209875891
11958.410593078941,7.099083552435068e-05,-1.1526257197645807e-07,-2.59900910743173
11978.978133208282,7.224894076960618e-05,-1.1563106850749494e-07,-2.60347968330207
11999.581047913842,7.351137720008228e-05,-1.1600063929935953e-07,-2.607957950705825
12020.219398037152,7.477815972997925e-05,-1.1637128435205199e-07,-2.6124439228847027
12040.89324452436,7.604930331784086e-05,-1.1674300848720984e-07,-2.6169376131032536
12061.602648426517,7.732482298005464e-05,-1.1711581363348817e-07,-2.6214390346489207
12082.347670899591,7.860473378120872e-05,-1.1748969689790468e-07,-2.625948200832054
12103.128373204772,7.988905083216295e-05,-1.1786466888806182e-07,-2.6304651249859687
12123.944816708605,8.117778930740657e-05,-1.1824072863963222e-07,-2.6349898204669797
12144.797062883184,8.247096442770034e-05,-1.1861787904559848e-07,-2.6395223006544426
12165.685173306332,8.376859146200513e-05,-1.1899612299894315e-07,-2.644062578950793
12186.609209661776,8.507068573712489e-05,-1.1937545567802902e-07,-2.648610668781586
12207.569233739341,8.637726262420616e-05,-1.1975588769045845e-07,-2.653166583595538
12228.565307435118,8.768833757152468e-05,-1.2013741710757667e-07,-2.6577303368645637
12249.597492751636,8.900392604855494e-05,-1.2052005260833112e-07,-2.6623019420838165
12270.665851798136,9.032404359611446e-05,-1.2090378647810214e-07,-2.6668814127717466
12291.770446790608,9.164870580707742e-05,-1.2128862739583718e-07,-2.6714687624701057
12312.91134005207,9.297792832830313e-05,-1.2167457729019133e-07,-2.6760640047440165
12334.088594012735,9.431172685484998e-05,-1.2206163808981973e-07,-2.680667153182002
12355.302271210192,9.565011713961851e-05,-1.2244981461635988e-07,-2.685278221396032
12376.552434289559,9.699311498756545e-05,-1.2283910204817455e-07,-2.6898972230215485
12397.83914600378,9.834073626534659e-05,-1.2322950809988375e-07,-2.694524171717543
12419.16246921365,9.969299688395918e-05,-1.2362103470014262e-07,-2.6991590811665467
12440.522466888107,0.00010104991282188519,-1.2401368377760619e-07,-2.7038019650747085
12461.919202104391,0.00010241150009423319,-1.2440745726092964e-07,-2.7084528371718233
12483.352738048226,0.0001037777747835963,-1.2480235900742299e-07,-2.7131117112113743
12504.823138014015,0.00010514875303426612,-1.25198386124104e-07,-2.717778600970573
12526.33046540502,0.00010652445102908914,-1.2559554536126516e-07,-2.7224535202504043
12547.874783733556,0.00010790488501839592,-1.2599384250487155e-07,-2.727136482875663
12569.456156621169,0.00010929007130842933,-1.263932717689584e-07,-2.7318275026949954
12591.074647798801,0.00011068002624977246,-1.267938399038182e-07,-2.736526593580942
12612.730321107094,0.00011207476627013538,-1.2719554980243362e-07,-2.741233769429992
12634.423240496406,0.00011347430783192501,-1.2759840050047733e-07,-2.7459490441625967
12656.153470027108,0.00011487866747274627,-1.2800240164122428e-07,-2.7506724317232334
12677.921073869758,0.00011628786177068661,-1.2840754358139977e-07,-2.7554039460804405
12699.726116305252,0.00011770190737131665,-1.2881383789293382e-07,-2.7601436012268525
12721.56866172512,0.00011912082097418968,-1.2922128457582654e-07,-2.764891411179264
12743.448774631566,0.00012054461934248462,-1.2962988555873306e-07,-2.769647389978644
12765.366519637759,0.00012197331927986239,-1.30039641805981e-07,-2.774411551690195
12787.321961467993,0.00012340693766903826,-1.3045055910353548e-07,-2.779183910403384
12809.315164957889,0.0001248454914409237,-1.3086263455841417e-07,-2.7839644802319987
12831.346195054575,0.00012628899758426948,-1.3127587106359968e-07,-2.788753275314178
12853.415116816888,0.00012773747314180801,-1.316902792266945e-07,-2.7935503098124608
12875.521995415556,0.00012919093522568246,-1.3210585326173387e-07,-2.7983555979138206
12897.666896133398,0.0001306494010020175,-1.325225950973729e-07,-2.8031691538297183
12919.84988436549,0.00013211288769091913,-1.3294051341255918e-07,-2.807990991796135
12942.07102561946,0.00013358141257997493,-1.3335960049267296e-07,-2.8128211260736316
12964.33038551552,0.00013505499301653948,-1.3377986887397166e-07,-2.817659570947365
12986.628029786782,0.00013653364639037643,-1.3420130794885322e-07,-2.8225063407271493
13008.9640242794,0.00013801739017994555,-1.3462393796819483e-07,-2.827361449747496
13031.338434952786,0.0001395062419022581,-1.3504774543141202e-07,-2.8322249123676526
13053.751327879772,0.00014100021913794896,-1.3547274287476213e-07,-2.837096742971646
13076.202769246906,0.00014249933953320508,-1.35898925476608e-07,-2.841976955968342
13098.692825354492,0.0001440036207939794,-1.3632629805858717e-07,-2.846865565791459
13121.221562616893,0.0001455130806821335,-1.367548635136823e-07,-2.851762586899632
13143.789047562703,0.00014702773703086634,-1.371846170202561e-07,-2.8566680337764465
13166.395346834934,0.00014854760772349936,-1.3761557400754852e-07,-2.861581920930493
13189.04052719122,0.00015007271070697657,-1.3804772579661236e-07,-2.866504262895396
13211.724655504018,0.00015160306400536483,-1.3848107913774019e-07,-2.8714350742298698
13234.447798760795,0.0001531386856793526,-1.3891563885256959e-07,-2.876374369517752
13257.210024064234,0.00015467959387253667,-1.3935140108379082e-07,-2.8813221633680586
13280.011398632401,0.0001562258067728496,-1.3978836583140403e-07,-2.8862784704150104
13302.851989799055,0.00015777734265306055,-1.4022654756032167e-07,-2.891243305318106
13325.731865013679,0.00015933421982834554,-1.406659366272691e-07,-2.896216682762133
13348.651091841795,0.00016089645669485955,-1.411065388182114e-07,-2.9011986174572253
13371.60973796513,0.00016246407169502142,-1.4154835799045864e-07,-2.9061891241389173
13394.607871181819,0.0001640370833387282,-1.4199139317968357e-07,-2.9111882175681725
13417.645559406577,0.0001656155102129983,-1.4243565306483373e-07,-2.916195912531431
13440.722870671012,0.00016719937095111331,-1.4288112896696192e-07,-2.921212223840674
13463.839873123652,0.00016878868426733307,-1.4332783245799812e-07,-2.926237166333434
13486.99663503027,0.0001703834689202515,-1.4377575775197766e-07,-2.9312707548728616
13510.193224774046,0.00017198374375329776,-1.44224915456503e-07,-2.936313004347767
13533.429710855778,0.00017358952766194922,-1.4467530171426445e-07,-2.941363929672659
13556.706161894075,0.0001752008396110891,-1.4512691845391711e-07,-2.9464235457877974
13580.022646625568,0.00017681769862536303,-1.4557977531873602e-07,-2.9514918676592288
13603.37923390511,0.00017844012380846514,-1.4603386555842903e-07,-2.9565689102788406
13626.775992705949,0.00018006813431806586,-1.4648919110165122e-07,-2.9616546886643933
13650.212992120047,0.00018170174937738327,-1.4694575966302274e-07,-2.966749217859593
13673.690301358114,0.00018334098827711183,-1.4740356834956127e-07,-2.971852512934098
13697.207989749926,0.00018498587038892216,-1.4786262391155943e-07,-2.9769645889835923
13720.766126744502,0.00018663641512688887,-1.4832292731334485e-07,-2.982085461129817
13744.364781910303,0.00018829264198799104,-1.487844766262628e-07,-2.9872151445206225
13768.004024935419,0.00018995457052896876,-1.4924727860060588e-07,-2.992353654330008
13791.683925627882,0.00019162222038368045,-1.497113284147368e-07,-2.997501005758189
13815.404553915701,0.00019329561123610214,-1.5017663764058562e-07,-3.0026572140316006
13839.165979847188,0.00019497476286082794,-1.506432024208426e-07,-3.0078222944029798
13862.96827359113,0.00019665969508449784,-1.5111102275550798e-07,-3.0129962621513977
13886.811505437,0.00019835042779929775,-1.515801063592017e-07,-3.018179132582305
13910.695745795161,0.0002000469809764594,-1.5205044841028672e-07,-3.0233709210275803
13934.62106519708,0.00020174937465661726,-1.5252205855203797e-07,-3.0285716428455722
13958.587534295531,0.00020345762894016526,-1.5299492906983578e-07,-3.0337813134211498
13982.595223864804,0.00020517176400268542,-1.534690724999377e-07,-3.0389999481657517
14006.64420480089,0.00020689180008530463,-1.5394448594936144e-07,-3.044227562517415
14030.7345481218,0.0002086177575024088,-1.5442116363214237e-07,-3.0494641719408575
14054.8663249676,0.0002103496566377857,-1.5489911712021043e-07,-3.0547097919274777
14079.039606600747,0.0002120875179504102,-1.553783512352033e-07,-3.0599644379954385
14103.254464406262,0.00021383136195322956,-1.558588621198112e-07,-3.065228125689691
14127.510969891939,0.00021558120924980683,-1.5634064688105198e-07,-3.0705008705820345
14151.809194688534,0.00021733708049574848,-1.5682371226921814e-07,-3.075782688271155
14176.149210550091,0.00021909899643341888,-1.5730806696325733e-07,-3.0810735943826892
14200.531089353974,0.00022086697786879707,-1.5779370324854988e-07,-3.0863736045692414
14224.954903101203,0.00022264104568883397,-1.5828061823211347e-07,-3.091682734510454
14249.420723916634,0.00022442122083445149,-1.5876882830751565e-07,-3.097000999913047
14273.92862404917,0.00022620752433911455,-1.5925832768879169e-07,-3.1023284165108658
14298.478675871977,0.00022799997728254446,-1.5974911830459677e-07,-3.107665000064927
14323.070951882699,0.00022979860084664796,-1.602412020835861e-07,-3.113010766363469
14347.705524703668,0.00023160341627308787,-1.6073457516844993e-07,-3.118365731221996
14372.382467082125,0.00023341444486521147,-1.612292500954458e-07,-3.123729910483329
14397.101851890395,0.0002352317080189079,-1.6172522107860903e-07,-3.1291033200176424
14421.86375212623,0.00023705522719560745,-1.6222249197524977e-07,-3.134485975722539
14446.668240912844,0.00023888502392806717,-1.6272106567835072e-07,-3.1398778935230647
14471.515391499246,0.00024072111982229925,-1.6322094700954947e-07,-3.145279089371772
14496.40527726043,0.0002425635365749282,-1.6372212439691648e-07,-3.1506895792487715
14521.337971697554,0.00024441229592690413,-1.6422461230536422e-07,-3.156109379161763
14546.313548438286,0.00024626741972136063,-1.6472840977056548e-07,-3.1615385051461216
14571.332081236837,0.00024812892986311383,-1.652335129352105e-07,-3.166976973264896
14596.393643974301,0.0002499968483379482,-1.657399275852644e-07,-3.172424799608889
14621.49831065884,0.0002518711972068306,-1.6624765950669238e-07,-3.177882000296696
14646.646155425908,0.0002537519985981953,-1.6675669905621978e-07,-3.1833485914747586
14671.837252538457,0.00025563927472915896,-1.6726706262741408e-07,-3.1888245893174068
14697.071676387175,0.0002575330478881623,-1.677787386483457e-07,-3.194310010026908
14722.349501490693,0.0002594333404330415,-1.6829173386930729e-07,-3.1998048698335255
14747.670802495808,0.00026134017481610006,-1.6880604829029905e-07,-3.205309184995553
14773.035654177675,0.00026325357354167896,-1.693216896259411e-07,-3.2108229717993635
14798.444131440141,0.0002651735592240144,-1.6983864919728632e-07,-3.216346246559488
14823.896309315802,0.00026710015452166547,-1.7035693761193726e-07,-3.2218790256186245
14849.392262966325,0.0002690333821973002,-1.7087654329796437e-07,-3.227421325347702
14874.932067682652,0.0002709732650733376,-1.713974855419176e-07,-3.2329731621459383
14900.515798885222,0.000272919826062805,-1.7191975566484974e-07,-3.238534552440883
14926.143532124159,0.00027487308815390895,-1.7244335173810618e-07,-3.244105512688456
14951.815343079617,0.00027683307441389213,-1.7296828340496194e-07,-3.2496860593730306
14977.531307561827,0.0002787998079851761,-1.7349454584377983e-07,-3.255276209007439
15003.291501511436,0.0002807733120950037,-1.7402214098321512e-07,-3.2608759781330527
15029.096000999698,0.00028275361004965316,-1.7455107653788786e-07,-3.2664853833198175
15054.944882228714,0.00028474072524215226,-1.7508134672183347e-07,-3.2721044411663125
15080.838221531638,0.0002867346811291347,-1.7561295346370706e-07,-3.2777331682997914
15106.776095372914,0.00028873550126362634,-1.7614589965649146e-07,-3.283371581376245
15132.7585803485,0.0002907432092719013,-1.766801910861517e-07,-3.289019697080435
15158.785753186094,0.00029275782886505335,-1.772158229310507e-07,-3.2946775321259576
15184.857690745323,0.00029477938383321034,-1.7775279808417115e-07,-3.300345103255281
15210.974470018105,0.0002968078980474618,-1.782911107595483e-07,-3.306022427239821
15237.136168128685,0.0002988433954733593,-1.7883077156478485e-07,-3.311709520879957
15263.342862333984,0.0003008859001323442,-1.79371782428536e-07,-3.3174064010051043
15289.594630023803,0.000302935436163462,-1.7991414142214697e-07,-3.323113084473762
15315.89154872104,0.00030499202775586176,-1.8045784275965316e-07,-3.328829588173559
15342.233696081903,0.00030705569919893907,-1.810028989773121e-07,-3.3345559290213016
15368.621149896255,0.0003091264748707641,-1.8154930525348668e-07,-3.340292123963053
15395.053988087651,0.0003112043792187953,-1.8209706158817706e-07,-3.346038189974136
15421.532288713708,0.00031328943678495105,-1.8264617376734848e-07,-3.3517941440592214
15448.056129966295,0.00031538167218825194,-1.831966369693638e-07,-3.3575600032523654
15474.625590171758,0.00031748111013832044,-1.8374845408720563e-07,-3.3633357846170613
15501.240747791167,0.0003195877754315237,-1.8430163090683923e-07,-3.369121505246296
15527.901681420533,0.00032170169294132983,-1.8485616164229992e-07,-3.3749171822625947
15554.608469791048,0.0003238228876337371,-1.8541205304388036e-07,-3.3807228328180785
15581.361191769285,0.00032595138455762966,-1.8596929643263344e-07,-3.386538474094503
15608.159926357557,0.0003280872088486352,-1.8652790241616177e-07,-3.3923641233033437
15635.004752693954,0.00033023038572912425,-1.8708786810148313e-07,-3.3981997976858027
15661.895750052718,0.0003323809405082102,-1.8764919541725278e-07,-3.4040455145128865
15688.832997844427,0.0003345388985856056,-1.8821188147048854e-07,-3.4099012910854594
15715.816575616249,0.00033670428543812226,-1.8877593397581059e-07,-3.415767144734286
15742.846563052126,0.00033887712664281366,-1.8934134907590916e-07,-3.4216430928200827
15769.923039973151,0.0003410574478596173,-1.899081248421296e-07,-3.42752915273359
15797.046086337607,0.0003432452748294262,-1.9047626898909206e-07,-3.433425341895598
15824.21578224133,0.00034544063339530254,-1.910457766951594e-07,-3.4393316777570093
15851.432207917915,0.00034764354947933445,-1.9161664988898682e-07,-3.445248177798897
15878.69544373895,0.0003498540490922788,-1.921888847132647e-07,-3.451174859532551
15906.005570214264,0.00035207215834898907,-1.927624937042506e-07,-3.4571117404995353
15933.362667992145,0.0003542979034375582,-1.9333746914732488e-07,-3.4630588382717336
15960.7668178596,0.00035653131063474676,-1.9391381104248786e-07,-3.4690161704514146
15988.218100742577,0.00035877240632719643,-1.9449151938973976e-07,-3.4749837546712703
16015.71659770618,0.0003610212169709305,-1.950705961177359e-07,-3.4809616085944737
16043.262389955038,0.00036327776912606694,-1.9565104701244137e-07,-3.486949749914754
16070.855558833344,0.00036554208943946154,-1.9623286435923664e-07,-3.4929481963564104
16098.496185825235,0.0003678142046524215,-1.9681605008677697e-07,-3.4989569656743913
16126.184352554988,0.000370094141596848,-1.9740061190968247e-07,-3.5049760756543455
16153.920140787272,0.00037238192718945013,-1.9798653825602357e-07,-3.511005544112668
16181.70363242735,0.00037467758845295907,-1.9857383973340293e-07,-3.5170453888965563
16209.534909521457,0.0003769811524987699,-1.9916251055585594e-07,-3.5230956278840835
16237.414054256837,0.00037929264652115626,-1.9975255747367523e-07,-3.5291562789842157
16265.341148962127,0.00038161209782426977,-2.0034397180791375e-07,-3.5352273601368926
16293.316276107564,0.00038393953379513914,-2.0093675741588168e-07,-3.5413088893130746
16321.339518305223,0.0003862749819171706,-2.015309181548893e-07,-3.5474008845147953
16349.410958309269,0.0003886184697740041,-2.0212644920329938e-07,-3.553503363775216
16377.530679016194,0.0003909700250340846,-2.0272335441842223e-07,-3.559616345158684
16405.698763465072,0.0003933296754718758,-2.0332162994294816e-07,-3.5657398467607866
16433.915294837792,0.00039569744894857426,-2.039212767412049e-07,-3.571873886708398
16462.180356459274,0.00039807337341982304,-2.0452229674184776e-07,-3.578018483159735
16490.49403179786,0.00040045747695306873,-2.051246909092045e-07,-3.58417365430444
16518.856404465343,0.00040284978770056075,-2.0572845442163795e-07,-3.5903394183635844
16547.267558217358,0.0004052503339051369,-2.0633359595809581e-07,-3.5965157935897683
16575.72757695359,0.0004076591439175801,-2.06940104910976e-07,-3.602702798267147
16604.23654471803,0.0004100762461869749,-2.0754798513758872e-07,-3.608900450711508
16632.794545699184,0.00041250166924913583,-2.0815723953091678e-07,-3.615108769270304
16661.40166423045,0.00041493544175167843,-2.0876786230499545e-07,-3.6213277723227457
16690.05798479018,0.0004173775924385902,-2.0937985635280759e-07,-3.6275574782798037
16718.76359200205,0.00041982815013287306,-2.099932216743534e-07,-3.6337979055843093
16747.518570635293,0.0004222871437886143,-2.1060795923396073e-07,-3.6400490727109824
16776.323005604918,0.0004247546024312005,-2.1122406228133741e-07,-3.646310998166507
16805.176981972003,0.0004272305552093887,-2.1184154045975866e-07,-3.652583700489575
16834.08058494391,0.00042971503135480547,-2.1246038412594983e-07,-3.6588671982509466
16863.033899874557,0.00043220806020509005,-2.1308059713722118e-07,-3.6651615100535015
16892.03701226463,0.00043470967120003617,-2.13702177564918e-07,-3.671466654532298
16921.090007761974,0.0004372198938835204,-2.1432512830202315e-07,-3.6777826503546494
16950.19297216163,0.00043973875789193027,-2.149494406695894e-07,-3.6841095162201367
16979.34599140624,0.0004422662929773068,-2.155751233465645e-07,-3.6904472708606986
17008.54915158627,0.000444802528984201,-2.1620217440429384e-07,-3.6967959330406828
17037.80253894024,0.000447347495857388,-2.168305822708477e-07,-3.703155521556893
17067.106239854962,0.00044990122365150893,-2.1746036141113878e-07,-3.7095260552386495
17096.46034086594,0.0004524637425252852,-2.1809149736025507e-07,-3.715907552947868
17125.864928657393,0.00045503508273766086,-2.1872399686848925e-07,-3.7223000335790735
17155.32009006268,0.0004576152746458735,-2.1935785800718664e-07,-3.728703516059492
17184.8259120645,0.000460204348730525,-2.1999308366933e-07,-3.735118019349096
17214.382481795157,0.0004628023355531528,-2.2062966421164477e-07,-3.7415435624406572
17243.989886536812,0.00046540926579865784,-2.2126760542009617e-07,-3.747980164359818
17273.648213721746,0.0004680251702502326,-2.2190690054439206e-07,-3.754427844165132
17303.35755093262,0.0004706500797970752,-2.2254755729915263e-07,-3.7608866209481335
17333.117985902725,0.00047328402543631715,-2.2318956507677585e-07,-3.7673565138333953
17362.929606516216,0.00047592703827109437,-2.238329286988994e-07,-3.7738375419785655
17392.79250080851,0.0004785791495028326,-2.2447764334388617e-07,-3.7803297245744765
17422.706756966327,0.00048124039046403233,-2.2512370804740896e-07,-3.7868330808451414
17452.672463328094,0.00048391079256812576,-2.2577112859543304e-07,-3.7933476300478453
17482.689708384183,0.0004865903873538332,-2.264198905230463e-07,-3.7998733914732017
17512.75858077715,0.0004892792064620198,-2.2707000250919647e-07,-3.8064103844452086
17542.87916930199,0.0004919772816395521,-2.2772145683926398e-07,-3.8129586283212977
17573.05156290651,0.0004946846447508692,-2.2837426315652394e-07,-3.81951814249242
17603.275850691396,0.0004974013277644821,-2.290284050674094e-07,-3.826088946383068
17633.552121910627,0.000500127362760687,-2.2968389221519554e-07,-3.832671059451359
17663.880465971677,0.0005028627819277086,-2.3034071881391769e-07,-3.839264501189084
17694.26097243581,0.0005056076175674846,-2.3099888004193875e-07,-3.845869291121774
17724.693731018313,0.0005083619020860223,-2.3165838072089642e-07,-3.85248544880875
17755.178831588786,0.0005111256680223269,-2.3231921217184361e-07,-3.859112993843195
17785.716364171392,0.000513898947994401,-2.3298137535910809e-07,-3.865751945852198
17816.306418945136,0.0005166817747590296,-2.3364487124701768e-07,-3.872402324496826
17846.94908624408,0.0005194741811751363,-2.3430969597826272e-07,-3.8790641494721694
17877.644456557762,0.0005222762002153556,-2.3497584376687852e-07,-3.8857374405074308
17908.392620531256,0.0005250878649679588,-2.3564331750584794e-07,-3.892422217365948
17939.193668965567,0.0005279092086310699,-2.3631211044487876e-07,-3.899118499845274
17970.04769281787,0.0005307402645261633,-2.369822264412813e-07,-3.905826307777234
18000.954783201745,0.0005335810660710642,-2.3765366067341838e-07,-3.9125456610279805
18031.91503138759,0.0005364316468243047,-2.383264102483078e-07,-3.919276579498078
18062.928528802673,0.0005392920404330527,-2.390004645583475e-07,-3.9260190831225206
18093.995367031544,0.0005421622806851812,-2.3967583903277767e-07,-3.9327731918708264
18125.11563781627,0.0005450424014649118,-2.403525182423587e-07,-3.939538925747083
18156.28943305671,0.0005479324367855999,-2.4103050411574584e-07,-3.946316304790013
18187.516844810783,0.0005508324207685187,-2.4170979279562953e-07,-3.953105349073038
18218.79796529474,0.0005537423876621453,-2.423903833176825e-07,-3.9599060787043268
18250.132886883435,0.0005566623718190173,-2.4307227086026757e-07,-3.966718513826875
18281.521702110607,0.0005595924077323742,-2.4375545156607516e-07,-3.973542674618548
18312.9645036691,0.0005625325299879432,-2.44439926399433e-07,-3.9803785812921473
18344.461384411297,0.0005654827733102243,-2.4512568861004896e-07,-3.987226254095495
18376.012437349167,0.0005684431725297037,-2.458127381979233e-07,-3.9940857133114536
18407.617755654697,0.0005714137626098533,-2.4650107130574645e-07,-4.000956979258014
18439.27743266011,0.0005743945786182015,-2.471906840762087e-07,-4.007840072288357
18470.99156185817,0.0005773856557668324,-2.478815765093103e-07,-4.014735012790904
18502.76023690238,0.0005803870293545286,-2.485737379974492e-07,-4.021641821189383
18534.58355160746,0.0005833987348381267,-2.492671743265905e-07,-4.02856051794291
18566.461599949347,0.0005864208077727321,-2.4996187778211484e-07,-4.035491123546014
18598.394476065663,0.0005894532838445032,-2.5065784739969475e-07,-4.042433658528726
18630.382274255935,0.0005924961988571513,-2.5135507257172825e-07,-4.049388143456632
18662.425088981876,0.0005955495887435108,-2.5205356294149056e-07,-4.056354598930943
18694.523014867664,0.0005986134895636104,-2.5275330404406954e-07,-4.0633330455885455
18726.67614670023,0.0006016879374834584,-2.534542872005181e-07,-4.070323504102075
18758.88457942952,0.0006047729688136127,-2.541565278400763e-07,-4.077325995179971
18791.148408168803,0.0006078686199821807,-2.548600047475398e-07,-4.084340539566551
18823.467728194883,0.0006109749275367471,-2.5556472274454617e-07,-4.091367158042047
18855.842634948553,0.0006140919281617302,-2.5627067604513084e-07,-4.098405871422721
18888.273224034638,0.000617219658661024,-2.569778607919841e-07,-4.105456700560864
18920.759591222446,0.0006203581559618551,-2.576862702348138e-07,-4.112519666344904
18953.301832445984,0.0006235074571302099,-2.583959014806377e-07,-4.119594789699453
18985.90004380427,0.0006266675993419067,-2.5910675452945623e-07,-4.126682091585369
19018.554321561565,0.0006298386199211641,-2.598188216666496e-07,-4.133781592999823
19051.264762147806,0.0006330205563058881,-2.605320980705807e-07,-4.140893314976387
19084.031462158673,0.0006362134460708132,-2.612465837412498e-07,-4.148017278585046
19116.85451835602,0.0006394173269101452,-2.619622671067272e-07,-4.1551535049323
19149.73402766812,0.0006426322366587743,-2.626791481670133e-07,-4.162302015161222
19182.670087189963,0.0006458582132729879,-2.633972182431609e-07,-4.169462830451515
19215.66279418353,0.000649095294851686,-2.641164792638252e-07,-4.176635972019587
19248.71224607808,0.000652343519613236,-2.6483692351438663e-07,-4.1838214611186
19281.818540470456,0.0006556029259089729,-2.65558544244553e-07,-4.191019319038553
19314.98177512531,0.0006588735522289833,-2.662813375970146e-07,-4.198229567106323
19348.20204797556,0.0006621554371866774,-2.6700529875013423e-07,-4.205452226685772
19381.479457122445,0.0006654486195342154,-2.677304228822747e-07,-4.212687319177758
19414.814100835974,0.0006687531381586505,-2.6845670613612637e-07,-4.219934866020237
19448.20607755517,0.0006720690320799994,-2.6918413886841445e-07,-4.227194888688313
19481.655485888357,0.0006753963404473841,-2.699127162575019e-07,-4.234467408694315
19515.16242461343,0.000678735102542889,-2.7064244312502637e-07,-4.241752447587843
19548.726992678283,0.0006820853577989153,-2.7137330307742076e-07,-4.2490500269558735
19582.34928920088,0.0006854471457692545,-2.721052932217028e-07,-4.256360168422766
19616.0294134697,0.0006888205061445141,-2.728384048789254e-07,-4.26368289365038
19649.76746494398,0.0006922054787636883,-2.7357263997774387e-07,-4.271018224338113
19683.563543254033,0.0006956021035852302,-2.7430798598190084e-07,-4.278366182222979
19717.417748201522,0.0006990104207198346,-2.750444390340868e-07,-4.285726789079671
19751.330179759763,0.0007024304704111532,-2.757819943126644e-07,-4.293100066720627
19785.30093807402,0.0007058622930357925,-2.7652064313868655e-07,-4.300486036996095
19819.330123461787,0.0007093059291245278,-2.772603855121535e-07,-4.307884721794204
19853.41783641307,0.0007127614193218031,-2.7800121082546306e-07,-4.315296143041018
19887.564177590833,0.0007162288044435856,-2.78743108471013e-07,-4.322720322700639
19921.76924783104,0.0007197081254272234,-2.7948607748447614e-07,-4.33015728277522
19956.033148143124,0.000723199423344945,-2.8023011015123275e-07,-4.337607045305074
19990.35597971026,0.0007267027394250712,-2.8097520164964566e-07,-4.345069632368719
20024.73784388964,0.0007302181150365859,-2.817213394434576e-07,-4.352545066082959
20059.17884221275,0.0007337455916794943,-2.8246851774670383e-07,-4.360033368602936
20093.67907638581,0.0007372852110060338,-2.8321673848803973e-07,-4.367534562122232
20128.238648289866,0.0007408370148091034,-2.83965985273898e-07,-4.375048668872889
20162.857659981208,0.0007444010450280475,-2.84716258104279e-07,-4.3825757111255035
20197.53621369167,0.0007479773437390129,-2.854675434785979e-07,-4.390115711189296
20232.27441182892,0.0007515659531703757,-2.8621983464656265e-07,-4.397668691412169
20267.072356976747,0.0007551669156950266,-2.869731267865358e-07,-4.4052346741807815
20301.930151895383,0.0007587802738284414,-2.8772741411255277e-07,-4.412813681920619
20336.8478995218,0.0007624060702286804,-2.884826831240288e-07,-4.420405737096056
20371.825702970014,0.0007660443477195284,-2.8923892996365413e-07,-4.4280108622104235
20406.863665531342,0.0007696951492422832,-2.899961498097916e-07,-4.435629079806081
20441.961890674884,0.0007733585179136073,-2.9075432819752883e-07,-4.443260412464506
20477.12048204758,0.000777034496983102,-2.9151345741224626e-07,-4.450904882806317
20512.339543474656,0.000780723129850662,-2.9227353648961646e-07,-4.458562513491378
20547.619178959936,0.0007844244600722601,-2.930345500003999e-07,-4.466233327218858
20582.9594926861,0.0007881385313445179,-2.9379649601594163e-07,-4.4739173467272995
20618.36058901498,0.0007918653875220621,-2.9455935910700204e-07,-4.48161459479468
20653.82257248804,0.0007956050726117371,-2.953231334876163e-07,-4.489325094238519
20689.345547826404,0.000799357630764891,-2.960878153004747e-07,-4.497048867915889
20724.929619931354,0.0008031231062812313,-2.9685338718768246e-07,-4.5047859387235265
20760.574893884605,0.0008069015436281081,-2.976198433632748e-07,-4.512536329597889
20796.281474948588,0.0008106929874096581,-2.9838717804128703e-07,-4.52030006351523
20832.04946856679,0.0008144974823976591,-2.9915537772113426e-07,-4.528077163491663
20867.87898036405,0.0008183150735083872,-2.999244395098344e-07,-4.5358676525832315
20903.77011614687,0.0008221458058084013,-3.0069434701382e-07,-4.543671553885994
20939.722981903687,0.0008259897245415408,-3.014650963757814e-07,-4.551488890536064
20975.737683805364,0.0008298468750826407,-3.022366721664788e-07,-4.559319685709732
21011.81432820524,0.0008337173029683869,-3.0300906474263736e-07,-4.567163962623479
21047.953021639612,0.0008376010539011715,-3.037822702469474e-07,-4.575021744534075
21084.15387082802,0.0008414981737375212,-3.045562780718066e-07,-4.5828930547386575
21120.416982673538,0.0008454087084880963,-3.0533107471663003e-07,-4.590777916574788
21156.74246426308,0.000849332704317689,-3.0610664860948806e-07,-4.5986763534205215
21193.130422867856,0.0008532702075606511,-3.068829949287433e-07,-4.6065883886945125
21229.580965943456,0.0008572212647073932,-3.076600972808286e-07,-4.6145140458560325
21266.094201130316,0.0008611859224043831,-3.0843794698679644e-07,-4.622453348405077
21302.67023625402,0.0008651642274560738,-3.092165372963547e-07,-4.630406319882434
21339.30917932559,0.0008691562268384016,-3.099958547089184e-07,-4.638372983869745
21376.01113854183,0.0008731619676852855,-3.107758847595753e-07,-4.646353363989586
21412.776222285625,0.0008771814972828411,-3.115566245553432e-07,-4.654347483905541
21449.604539126274,0.00088121486309252,-3.12338052881017e-07,-4.662355367322267
21486.496197819804,0.0008852621127337541,-3.1312016298630464e-07,-4.6703770379855705
21523.45130730926,0.0008893232939916669,-3.1390294233494865e-07,-4.678412519682473
21560.46997672518,0.0008933984548151444,-3.146863851409842e-07,-4.686461836241321
21597.55231538567,0.0008974876433110492,-3.1547047211786153e-07,-4.6945250115317965
21634.698432796904,0.0009015909077673594,-3.162551965152882e-07,-4.702602069465035
21671.908438653394,0.0009057082966184569,-3.1704054579700697e-07,-4.710693033993689
21709.182442838315,0.0009098398584836938,-3.178264977834853e-07,-4.718797929111992
21746.520555423795,0.0009139856421384654,-3.1861305826068847e-07,-4.726916778855836
21783.9228866714,0.0009181456965334931,-3.1940019926311913e-07,-4.735049607302876
21821.38954703222,0.0009223200707774673,-3.2018791596913986e-07,-4.743196438572545
21858.92064714734,0.0009265088141563307,-3.2097619102085576e-07,-4.751357296826174
21896.516297848157,0.0009307119761274915,-3.217650147749921e-07,-4.7595322062670435
21934.176610156668,0.0009349296063101802,-3.225543737309638e-07,-4.76772119114047
21971.90169528584,0.0009391617545008756,-3.233442543881861e-07,-4.7759242757338765
22009.6916646399,0.000943408470663662,-3.2413464035309154e-07,-4.784141484376866
22047.546629814697,0.0009476698049360122,-3.2492552680404275e-07,-4.792372841441294
22085.46670259801,0.0009519458076287877,-3.2571689059717986e-07,-4.80061837134135
22123.45199496983,0.0009562365292281644,-3.2650872498221036e-07,-4.808878098533614
22161.502619102896,0.0009605420203879183,-3.2730101067258443e-07,-4.8171520475171805
22199.618687362727,0.0009648623319352098,-3.280937341677172e-07,-4.8254402428336665
22237.80031230816,0.000969197514886009,-3.288868819670236e-07,-4.833742709067328
22276.047606691613,0.0009735476204142402,-3.2968044249857374e-07,-4.842059470845129
22314.36068345939,0.000977912699880707,-3.3047440129745536e-07,-4.850390552836806
22352.739655752186,0.0009822928048195917,-3.3126873907711823e-07,-4.858735979754982
22391.184636905156,0.0009866879869365253,-3.3206344233697757e-07,-4.867095776355183
22429.69574044843,0.0009910982981240146,-3.328585004694309e-07,-4.875469967435953
22468.2730801074,0.0009955237904575825,-3.336538884019633e-07,-4.883858577838924
22506.91676980305,0.000999964516180341,-3.344496003486097e-07,-4.892261632448893
22545.626923652308,0.0010044205277107015,-3.3524561702282026e-07,-4.900679156193885
22584.40365596837,0.0010088918776655167,-3.3604192395968237e-07,-4.90911117404525
22623.247081261045,0.0010133786188330793,-3.3683850476562865e-07,-4.917557711017729
22662.157314237087,0.0010178808041789071,-3.3763533918978147e-07,-4.926018792169526
22701.13446980049,0.0010223984868553838,-3.3843241855319354e-07,-4.9344944426023885
22740.178663053015,0.0010269317201998275,-3.3922971971200466e-07,-4.942984687461708
22779.290009294247,0.0010314805577325635,-3.400272291656299e-07,-4.9514895519365565
22818.46862402213,0.0010360450531453496,-3.408249363064668e-07,-4.960009061259788
22857.71462293325,0.0010406252603418738,-3.4162281027603527e-07,-4.968543240708108
22897.028121923184,0.0010452212333779704,-3.424208443240427e-07,-4.977092115602171
22936.409237086795,0.0010498330265252564,-3.4321901819961164e-07,-4.985655711306616
22975.858084718755,0.0010544606942229208,-3.4401731261619203e-07,-4.994234053230208
23015.374781313618,0.0010591042911085762,-3.4481571214454384e-07,-5.002827166825853
23054.95944356635,0.001063763871995117,-3.45614199426772e-07,-5.0114350775907095
23094.612188372615,0.0010684394918977164,-3.4641275614065393e-07,-5.020057811066257
23134.333132829135,0.0010731312060145396,-3.4721136299963945e-07,-5.02869539283839
23174.122394234026,0.0010778390697305995,-3.480100007171786e-07,-5.037347848537473
23213.98009008715,0.0010825631386331826,-3.4880865772134137e-07,-5.0460152038384365
23253.90633809045,0.001087303468477136,-3.4960730315364746e-07,-5.0546974844608545
23293.90125614833,0.0010920601152407902,-3.5040592254918435e-07,-5.063394716169012
23333.964962367907,0.0010968331350681036,-3.512044995143844e-07,-5.072106924771992
23374.09757505959,0.0011016225843091599,-3.52003019584335e-07,-5.080834136123783
23414.29921273713,0.0011064285195085941,-3.528014528648836e-07,-5.0895763761233
23454.569994118152,0.0011112509973998065,-3.535997839267899e-07,-5.0983336707145055
23494.910038124475,0.0011160900749088178,-3.543979905905213e-07,-5.107106045886483
23535.31946388245,0.0011209458091774082,-3.551960545338552e-07,-5.1158935276735145
23575.798390723266,0.0011258182575149063,-3.559939603275514e-07,-5.124696142155147
23616.346938183506,0.0011307074774521812,-3.5679167614880225e-07,-5.133513915456323
23656.965226005188,0.0011356135266953613,-3.5758919428298757e-07,-5.142346873747386
23697.65337413634,0.001140536463174041,-3.583864829072995e-07,-5.151195043244218
23738.411502731276,0.0011454763449988544,-3.591835246638431e-07,-5.160058450208301
23779.23973215098,0.0011504332304923294,-3.59980298337413e-07,-5.168937120946794
23820.138182963445,0.0011554071781638144,-3.6077678271280396e-07,-5.177831081812628
23861.10697594402,0.0011603982467345484,-3.615729546461558e-07,-5.186740359204571
23902.146232075793,0.0011654064951203012,-3.6236879002928075e-07,-5.195664979567326
23943.256072549873,0.0011704319824564432,-3.631642734329386e-07,-5.204604969391586
23984.43661876596,0.0011754747680516604,-3.639593759273041e-07,-5.2135603552141685
24025.687992332416,0.0011805349114535181,-3.6475407340418934e-07,-5.222531163618043
24067.01031506679,0.0011856124723886806,-3.6554834657704424e-07,-5.2315174212324225
24108.403708996157,0.0011907075107976182,-3.663421771236459e-07,-5.240519154732876
24149.86829635747,0.0011958200868326786,-3.6713553225685907e-07,-5.249536390841381
24191.404199597862,0.0012009502608426575,-3.6792839558311584e-07,-5.2585691563264065
24233.011541375232,0.001206098093390152,-3.6872073527960854e-07,-5.267617478003049
24274.69044455828,0.0012112636452438457,-3.695125320597866e-07,-5.27668138273303
24316.441032227074,0.00121644697738622,-3.7030375988680745e-07,-5.285760897424832
24358.263427673388,0.0012216481510039104,-3.7109439754546554e-07,-5.294856049033778
24400.15775440103,0.001226867227489633,-3.718844199632456e-07,-5.303966864562106
24442.124136126236,0.001232104268463395,-3.7267379724599475e-07,-5.313093371059056
24484.162696778025,0.001237359335743567,-3.7346250914283507e-07,-5.322235595620948
24526.273560498557,0.0012426324913680927,-3.742505219023037e-07,-5.331393565391276
24568.456851643514,0.0012479237975848462,-3.750378191308327e-07,-5.34056730756079
24610.712694782404,0.001253233316845844,-3.758243690056141e-07,-5.349756849367556
24653.04121469914,0.0012585611118438819,-3.7661014645413257e-07,-5.358962218097097
24695.4425363921,0.0012639072454623968,-3.7739512640387265e-07,-5.368183441082415
24737.916785074704,0.0012692717808121022,-3.781792818536639e-07,-5.377420545704113
24780.46408617572,0.001274654781219417,-3.7896258290935323e-07,-5.386673559390463
24823.08456533966,0.0012800563102303196,-3.7974500546275277e-07,-5.3959425096175
24865.77834842707,0.0012854764316045611,-3.8052651961970953e-07,-5.405227423909098
24908.54556151512,0.0012909152093272336,-3.81307096450398e-07,-5.414528329837092
24951.386330897672,0.0012963727076010533,-3.8208671184663006e-07,-5.423845255021297
24994.300783085866,0.001301848990844433,-3.828653301282878e-07,-5.433178227129647
25037.28904480841,0.001307344123706904,-3.836429310444932e-07,-5.442527273878263
25080.351243012,0.0013128581710536887,-3.844194798794557e-07,-5.451892423031538
25123.487504861645,0.0013183911979714822,-3.8519494866767703e-07,-5.461273702402226
25166.69795774109,0.0013239432697819509,-3.8596930847933196e-07,-5.470671139851528
25209.98272925315,0.0013295144520166595,-3.867425294202671e-07,-5.4800847632891765
25253.34194722013,0.0013351048104402108,-3.875145815963294e-07,-5.4895146006735285
25296.775739684108,0.0013407144110502414,-3.882854302917284e-07,-5.498960680011629
25340.284234907547,0.0013463433200523536,-3.890550533269309e-07,-5.5084230293593555
25383.86756137336,0.0013519916039025353,-3.8982341212883617e-07,-5.517901676821432
25427.525847785488,0.001357659329268591,-3.9059048451791116e-07,-5.527396650551561
25471.25922306923,0.001363346563053279,-3.913562242064351e-07,-5.536907978752499
25515.067816371582,0.0013690533723943116,-3.921206070862199e-07,-5.546435689676138
25558.95175706181,0.0013747798246547083,-3.9288360519176726e-07,-5.555979811623628
25602.911174731544,0.0013805259874227946,-3.936451847716141e-07,-5.565540372945418
25646.946199195332,0.001386291928535341,-3.944053033953496e-07,-5.575117402041358
25691.056960491012,0.0013920777160486338,-3.951639408120956e-07,-5.584710927360806
25735.243588880065,0.0013978834182616137,-3.959210555557687e-07,-5.594320977402699
25779.50621484802,0.0014037091037023743,-3.9667661676788824e-07,-5.603947580715647
25823.844969104826,0.00140955484114166,-3.9743059069699096e-07,-5.613590765898022
25868.259982585245,0.0014154206995755066,-3.981829416629585e-07,-5.623250561598047
25912.751386449232,0.00142130674824838,-3.9893363302134505e-07,-5.632926996513885
25957.319312082283,0.0014272130566358177,-3.996826368066523e-07,-5.642620099393717
26001.963891096017,0.0014331396944559979,-4.0042990962414203e-07,-5.652329899035875
26046.685255328262,0.0014390867316716647,-4.011754206153331e-07,-5.6620564242888625
26091.483536843647,0.0014450542384727703,-4.0191913410010746e-07,-5.6717997040515025
26136.35886793394,0.0014510422853034693,-4.0266100764805393e-07,-5.681559767272998
26181.31138111845,0.0014570509428389765,-4.0340101329367436e-07,-5.691336642953031
26226.341209144335,0.001463080282010633,-4.0413911149954024e-07,-5.701130360141839
26271.448484987253,0.0014691303739866198,-4.04875258870913e-07,-5.710940947940362
26316.633341851397,0.0014752012901758109,-4.05609426477967e-07,-5.720768435500246
26361.895913170112,0.0014812931022354873,-4.06341571890291e-07,-5.7306128520240005
26407.23633260624,0.0014874058820790437,-4.0707165557045655e-07,-5.740474226765054
26452.65473405252,0.0014935397018547777,-4.0779963605238024e-07,-5.750352589027866
26498.151251631967,0.0014996946339593828,-4.085254892278737e-07,-5.760247968168009
26543.72601969828,0.0015058707510475897,-4.0924915723728564e-07,-5.770160393592267
26589.379172836238,0.0015120681260225202,-4.0997061018646255e-07,-5.7800898947587145
26635.11084586209,0.0015182868320241154,-4.1068980853797606e-07,-5.790036501176821
26680.921173823917,0.001524526942463843,-4.1140670503977737e-07,-5.800000242407527
26726.810292002214,0.0015307885309938409,-4.1212126690473066e-07,-5.8099811480633745
26772.778335910007,0.001537071671518485,-4.1283344398780455e-07,-5.819979247808552
26818.825441293437,0.0015433764382059558,-4.1354320253753553e-07,-5.829994571359009
26864.951744132115,0.001549702905461239,-4.142505020521676e-07,-5.8400271484825526
26911.15738063953,0.00155605114797626,-4.149552933509968e-07,-5.850077008998929
26957.442487263404,0.0015624212406623896,-4.1565753978957724e-07,-5.860144182779926
27003.807200686282,0.001568813258716003,-4.163571921872051e-07,-5.870228699749483
27050.251657825644,0.0015752272775876246,-4.170542090777967e-07,-5.880330589883737
27096.7759958345,0.001581663372976141,-4.1774854899526834e-07,-5.890449883211157
27143.38035210177,0.0015881216208461515,-4.184401666162262e-07,-5.9005866098126285
27190.064864252654,0.001594602097429894,-4.191290166172767e-07,-5.910740799821538
27236.829670149065,0.0016011048792098884,-4.198150527106983e-07,-5.9209124834238835
27283.67490789003,0.0016076300429478559,-4.204982334304074e-07,-5.931101690858348
27330.60071581209,0.001614177665655794,-4.211785124886827e-07,-5.9413084524164175
27377.60723248966,0.0016207478246171832,-4.218558407048203e-07,-5.951532798442443
27424.694596735666,0.0016273405973734863,-4.225301698624438e-07,-5.9617747593337995
27471.862947601603,0.001633956061741501,-4.2320145560248693e-07,-5.972034365540898
27519.112424378192,0.0016405942958037131,-4.23869658387521e-07,-5.982311647567337
27566.443166595713,0.0016472553779102246,-4.245347155362567e-07,-5.992606635969979
27613.85531402443,0.001653939386682605,-4.251965855826105e-07,-6.002919361359054
27661.349006674944,0.0016606464010061755,-4.258552222388608e-07,-6.013249854398237
27708.92438479884,0.0016673765000454334,-4.265105724669936e-07,-6.023598145804791
27756.581588888745,0.001674129763230549,-4.2716258997928766e-07,-6.033964266349607
27804.320759678987,0.001680906270268934,-4.278112246307112e-07,-6.04434824685732
27852.14203814594,0.0016877061011452371,-4.2845641952594043e-07,-6.054750118206421
27900.04556550845,0.001694529336109771,-4.290981312702363e-07,-6.065169911329341
27948.03148322825,0.0017013760556958653,-4.297363068255848e-07,-6.075607657212549
27996.09993301037,0.001708246340716004,-4.3037089218964423e-07,-6.086063386896648
28044.251056803572,0.001715140272246399,-4.3100183721738325e-07,-6.096537131476484
28092.484996800747,0.0017220579316713346,-4.3162908887078765e-07,-6.107028922101224
28140.801895439294,0.0017289994006156762,-4.3225259411184325e-07,-6.117538789974455
28189.201895401773,0.00173596476101814,-4.3287229508089853e-07,-6.12806676635434
28237.68513961596,0.0017429540950811562,-4.334881416329219e-07,-6.138612882553609
28286.25177125553,0.00174996748529786,-4.3410008362288165e-07,-6.149177169939748
28334.90193374039,0.0017570050144405194,-4.3470805740516106e-07,-6.159759659935054
28383.635770737128,0.0017640667655721004,-4.353120128347285e-07,-6.170360384016755
28432.45342615937,0.0017711528220289107,-4.3591189494491484e-07,-6.180979373717083
28481.355044168424,0.0017782632674495178,-4.3650764105443066e-07,-6.191616660623421
28530.34076917338,0.0017853981857535377,-4.3709920198257185e-07,-6.202272276378341
28579.410745831767,0.0017925576611416282,-4.376865102264115e-07,-6.212946252679751
28628.565119049897,0.0017997417781128423,-4.382695185339007e-07,-6.223638621280969
28677.80403398332,0.0018069506214549815,-4.388481613307673e-07,-6.234349413990837
28727.127636037236,0.001814184276252306,-4.394223836503421e-07,-6.245078662673808
28776.536070866936,0.0018214428278681763,-4.3999212763297337e-07,-6.255826399250067
28826.02948437822,0.0018287263619720467,-4.4055732866871665e-07,-6.266592655695609
28875.608022727847,0.001836034964525961,-4.411179279335926e-07,-6.277377464042354
28925.271832323884,0.0018433687217787663,-4.4167386371063936e-07,-6.288180856378228
28975.02105982639,0.001850727720291176,-4.42225074282895e-07,-6.299002864847326
29024.855852147488,0.0018581120469010571,-4.427715008263802e-07,-6.309843521649919
29074.776356452043,0.0018655217887658484,-4.4331307487384037e-07,-6.320702859042622
29124.782720158022,0.0018729570333317035,-4.438497385656237e-07,-6.331580909338473
29174.875090936956,0.001880417868345059,-4.4438142922044076e-07,-6.342477704907047
29225.05361671428,0.001887904381862269,-4.449080822283471e-07,-6.353393278174534
29275.318445670047,0.0018954166622245352,-4.4542962719343306e-07,-6.364327661623897
29325.66972623898,0.0019029547981022537,-4.459460043273917e-07,-6.375280887794898
29376.107607111153,0.0019105188784487308,-4.4645714709162357e-07,-6.38625298928425
29426.63223723238,0.0019181089925329614,-4.469629860545466e-07,-6.397243998745708
29477.243765804662,0.0019257252299319108,-4.474634585348712e-07,-6.408253948890179
29527.9423422866,0.001933367680530511,-4.479584922080328e-07,-6.419282872485807
29578.72811639385,0.0019410364345158718,-4.4844802632139687e-07,-6.430330802358102
29629.60123809958,0.0019487315823927026,-4.4893198372876124e-07,-6.441397771390025
29680.56185763484,0.0019564532149736673,-4.494102998201814e-07,-6.452483812522079
29731.610125489235,0.0019642014233774516,-4.4988290419974763e-07,-6.463588958752482
29782.746192411025,0.0019719762990518985,-4.5034972647155035e-07,-6.474713243137176
29833.97020940781,0.001979777933748935,-4.5081069913266245e-07,-6.485856698789988
29885.28232774691,0.0019876064195361405,-4.5126574214389904e-07,-6.497019358882727
29936.682698955807,0.001995461848796738,-4.5171479089531565e-07,-6.508201256645287
29988.17147482254,0.0020033443142353806,-4.5215776727638256e-07,-6.519402425365734
30039.748807396398,0.0020112539088704274,-4.525946047485e-07,-6.530622898390472
30091.414848988003,0.00201919072604937,-4.530252232724833e-07,-6.541862709124263
30143.169752169986,0.002027154859431473,-4.5344955052376773e-07,-6.553121891030392
30195.01366977741,0.0020351464030012646,-4.53867509356151e-07,-6.56440047763075
30246.94675490819,0.00204316545106468,-4.5427902744506836e-07,-6.57569850250595
30298.96916092356,0.0020512120982606225,-4.546840266799901e-07,-6.587015999295431
30351.081041448524,0.002059286439535894,-4.5508243087904147e-07,-6.598353001697564
30403.282550372307,0.0020673885701837534,-4.5547416000303756e-07,-6.609709543469759
30455.57384184882,0.002075518585811135,-4.558591349771211e-07,-6.621085658428566
30507.955070297034,0.0020836765823559946,-4.562372786550898e-07,-6.632481380449783
30560.426390401703,0.00209186265609502,-4.566085100334314e-07,-6.643896743468604
30612.987957113433,0.0021000769036262725,-4.569727490729609e-07,-6.655331781479654
30665.639925649404,0.002108319421880749,-4.573299205561313e-07,-6.666786528537146
30718.382451493748,0.0021165903081262357,-4.576799338361549e-07,-6.678261018754979
30771.215690398025,0.0021248896599653753,-4.580227117668295e-07,-6.689755286306849
30824.13979838161,0.0021332175753318054,-4.5835816755867774e-07,-6.701269365426333
30877.154931732406,0.0021415741525017216,-4.5868622310116977e-07,-6.7128032904070665
30930.261247006933,0.002149959490084234,-4.590067887118458e-07,-6.7243570956027545
30983.45890103104,0.002158373687032929,-4.5931977374391805e-07,-6.73593081542736
31036.748050900307,0.0021668168426323695,-4.596251126231147e-07,-6.747524484355176
31090.128853980492,0.0021752890565173697,-4.5992269638042546e-07,-6.75913813692094
31143.60146790803,0.00218379042866335,-4.6021244786964804e-07,-6.770771807719957
31197.16605059046,0.002192321059388261,-4.604942841586152e-07,-6.782425531408194
31250.82276020692,0.002200881049358361,-4.6076810399293677e-07,-6.7940993427024035
31304.571755208606,0.002209470499572788,-4.6103382733342807e-07,-6.805793276380221
31358.413194319168,0.0022180895113963306,-4.612913616046466e-07,-6.8175073672802755
31412.347236535443,0.002226738186532431,-4.6154061326682246e-07,-6.829241650302343
31466.374041127532,0.0022354166270308917,-4.617814955304783e-07,-6.840996160407391
31520.493767639546,0.0022441249353013664,-4.620139138915166e-07,-6.852770932617721
31574.706575889984,0.002252863214103715,-4.6223777095285743e-07,-6.864566002017095
31629.012625972166,0.0022616315665460705,-4.624529779963686e-07,-6.876381403750811
31683.41207825495,0.0022704300960886877,-4.626594405179525e-07,-6.888217173025882
31737.905093382826,0.002279258906561295,-4.628570611205294e-07,-6.900073345111061
31792.49183227664,0.002288118102138018,-4.6304573951403667e-07,-6.911949955337016
31847.172456134005,0.0022970077873547337,-4.6322538698034216e-07,-6.923847039096417
31901.947126429797,0.002305928067101345,-4.633959013007284e-07,-6.935764631844057
31956.816004916607,0.002314879046639136,-4.6355718218513297e-07,-6.9477027690969715
32011.77925362522,0.0023238608315930475,-4.6370912934349344e-07,-6.959661486434531
32066.837034865115,0.002332873527930466,-4.6385164923604004e-07,-6.971640819498582
32121.98951122492,0.0023419172420113482,-4.63984636751073e-07,-6.983640803993539
32177.23684557285,0.0023509920805265144,-4.6410798774121973e-07,-6.995661475686494
32232.579201057422,0.002360098150574769,-4.642216048094006e-07,-7.007702870407393
32288.01674110757,0.0023692355595915536,-4.6432537802227823e-07,-7.019765024049054
32343.54962943338,0.00237840441539136,-4.644192099827727e-07,-7.031847972567344
32399.17803002649,0.0023876048261638684,-4.645029878645643e-07,-7.043951751981283
32454.90210716062,0.0023968369004662283,-4.6457661427057334e-07,-7.056076398373155
32510.722025391926,0.0024061007472307655,-4.6463997541015244e-07,-7.06822194788861
32566.63794955982,0.0024153964757591927,-4.6469296810025686e-07,-7.080388436736839
32622.650044787006,0.0024247241957341694,-4.6473547662158435e-07,-7.0925759011906075
32678.75847648026,0.0024340840172173716,-4.6476739682676263e-07,-7.104784377586416
32734.963410330838,0.0024434760506417703,-4.647886187824546e-07,-7.1170139023246195
32791.26501231499,0.0024529004068231954,-4.647990325553232e-07,-7.129264511869533
32847.663448694395,0.0024623571969641846,-4.6479852146173864e-07,-7.141536242749548
32904.15888601674,0.002471846532638554,-4.6478697653269125e-07,-7.153829131557259
32960.75149111613,0.0024813685258125995,-4.6476427722724146e-07,-7.16614321494958
33017.4414311136,0.0024909232888315957,-4.6473031361205217e-07,-7.178478529647845
33074.22887341758,0.0025005109344332817,-4.646849709321489e-07,-7.190835112437929
33131.11398572463,0.002510131575736293,-4.646281286465921e-07,-7.20321300017043
33188.09693601951,0.002519785326257502,-4.645596739290624e-07,-7.215612229760671
33245.177892575986,0.00252947229988695,-4.644794852742927e-07,-7.228032838188915
33302.357023957244,0.002539192610930256,-4.6438743828403346e-07,-7.240474862500442
33359.63449901637,0.002548946374058481,-4.6428342398927567e-07,-7.252938339805674
33417.01048689682,0.0025587337043659663,-4.641673093128221e-07,-7.265423307280291
33474.48515703314,0.00256855471731248,-4.640389804640262e-07,-7.277929802165386
33532.05867915111,0.0025784095287829825,-4.638983072586736e-07,-7.29045786176753
33589.73122326847,0.002588298255041348,-4.637451662628424e-07,-7.303007523458922
33647.5029596954,0.0025982210127554204,-4.635794330782837e-07,-7.315578824677504
33705.37405903499,0.002608177918998934,-4.6340098330674827e-07,-7.328171802927093
33763.34469218375,0.002618169091249582,-4.6320969351431457e-07,-7.340786495777482
33821.41503033214,0.0026281946473774363,-4.6300542290916586e-07,-7.35342294086458
33879.58524496502,0.002638254705666153,-4.627880480573807e-07,-7.366081175890521
33937.85550786214,0.0026483493848129644,-4.6255744359638284e-07,-7.37876123862377
33996.225991098916,0.002658478803905534,-4.623134735559933e-07,-7.391463166899317
34054.69686704649,0.0026686430824508713,-4.620560010017056e-07,-7.404186998618701
34113.26830837256,0.0026788423403714696,-4.6178490057094365e-07,-7.416932771750188
34171.94048804178,0.002689076697995655,-4.6150003629352875e-07,-7.4297005243288945
34230.7135793163,0.0026993462760614407,-4.6120126737764463e-07,-7.442490294456887
34289.58775575621,0.0027096511957280817,-4.6088845303147515e-07,-7.455302120303309
34348.563191220295,0.002719991578572216,-4.605614727140822e-07,-7.468136040104565
34407.64005986616,0.0027303675465897826,-4.6022016538277174e-07,-7.480992092164338
34466.818536151026,0.0027407792221844484,-4.5986441146093347e-07,-7.493870314853788
34526.09879483217,0.002751226728188807,-4.594940527988562e-07,-7.506770746611658
34585.48101096743,0.0027617101878662973,-4.591089543906893e-07,-7.519693425944396
34644.96535991572,0.0027722297248842093,-4.587089793019273e-07,-7.532638391426278
34704.55201733758,0.002782785463352231,-4.582939674542043e-07,-7.5456056816995405
34764.241159195655,0.0027933775277973806,-4.5786378673465277e-07,-7.558595335474499
34824.03296175525,0.0028040060431813473,-4.574182847795269e-07,-7.571607391529677
34883.92760158473,0.0028146711348850622,-4.569573150110468e-07,-7.584641888711912
34943.925255556394,0.0028253729287298973,-4.564807260297944e-07,-7.597698865936554
35004.02610084652,0.0028361115509699455,-4.5598836836500725e-07,-7.610778362187478
35064.23031493617,0.002846887128284301,-4.554800915815954e-07,-7.623880416517303
35124.53807561169,0.002857699787794403,-4.549557413871588e-07,-7.637005068047476
35184.94956096517,0.0028685496570582435,-4.544151673466078e-07,-7.6501523559684115
35245.46494939497,0.002879436864070359,-4.5385820745292257e-07,-7.663322319539595
35306.084419606465,0.002890361537269536,-4.532847103066861e-07,-7.676514998089792
35366.808150612196,0.0029013238055253026,-4.526945177581889e-07,-7.689730431017063
35427.63632173265,0.002912323798161062,-4.5208746780041156e-07,-7.702968657788957
35488.569112596735,0.0029233616449386535,-4.5146340806961e-07,-7.716229717942635
35549.606703142315,0.002934437476073775,-4.508221736657825e-07,-7.72951365108499
35610.74927361672,0.002945551422218616,-4.5016359197430744e-07,-7.742820496892774
35671.9970045773,0.0029567036144811324,-4.494875144887512e-07,-7.756150295112732
35733.35007689195,0.0029678941844154,-4.487937666658375e-07,-7.769503085561736
35794.80867173963,0.002979123264035096,-4.4808218842720273e-07,-7.782878908126901
35856.372970610864,0.002990390985799999,-4.473526013722609e-07,-7.796277802765715
35918.04315530853,0.003001697482629474,-4.466048463869763e-07,-7.809699809506222
35979.81940794797,0.0030130428879024647,-4.458387537497108e-07,-7.823144968447052
36041.70191095784,0.003024427335440131,-4.450541421668964e-07,-7.836613319757645
36103.69084708054,0.0030358509595501872,-4.442508448098776e-07,-7.8501049036783215
36165.78639937279,0.003047313894978687,-4.4342869099268943e-07,-7.863619760520457
36227.98875120606,0.0030588162769427966,-4.4258749652878183e-07,-7.877157930666563
36290.298086267445,0.0030703582411269275,-4.417270916965175e-07,-7.890719454570511
36352.71458855974,0.003081939923682723,-4.408472894163641e-07,-7.904304372757548
36415.238442402275,0.003093561461223273,-4.3994791803802986e-07,-7.917912725824503
36477.86983243141,0.0031052229908346642,-4.390287972322755e-07,-7.931544554439905
36540.60894360106,0.003116924650072121,-4.3808973702658675e-07,-7.945199899344111
36603.45596118324,0.003128666576971561,-4.371305541987422e-07,-7.958878801349436
36666.41107076861,0.0031404489100341593,-4.3615107034815835e-07,-7.972581301340301
36729.47445826707,0.0031522717882417695,-4.3515109453799396e-07,-7.98630744027335
36792.64630990815,0.0031641353510434103,-4.3413043583140845e-07,-8.00005725917759
36855.92681224194,0.0031760397383899645,-4.330889052202159e-07,-8.01383079915455
36919.31615213913,0.00318798509068404,-4.3202631176757617e-07,-8.027628101378374
36982.814516791914,0.0031999715488416555,-4.309424693582867e-07,-8.041449207095976
37046.42209371441,0.0032119992542343893,-4.298371716262673e-07,-8.055294157627175
37110.13907074329,0.003224068348739501,-4.287102247416959e-07,-8.069162994364834
37173.96563603816,0.0032361789747148515,-4.2756144451802565e-07,-8.083055758774975
37237.90197808252,0.0032483312750027555,-4.263906188032123e-07,-8.096972492396981
37301.9482856838,0.003260525392945389,-4.2519755666041687e-07,-8.11091323684364
37366.104747974234,0.0032727614723732142,-4.239820449732682e-07,-8.124878033801336
37430.371554411366,0.0032850396576068986,-4.227438870189628e-07,-8.138866925030174
37494.74889477858,0.003297360093468867,-4.2148288028873257e-07,-8.152879952364128
37559.23695918568,0.0033097229252794405,-4.201988107018796e-07,-8.166917157711163
37623.835938069424,0.0033221282988510387,-4.1889147189232645e-07,-8.180978583053388
37688.54602219414,0.0033345763605093777,-4.175606594226506e-07,-8.195064270447173
37753.367402652235,0.003347067257068396,-4.1620616306946517e-07,-8.209174262023316
37818.300270864696,0.003359601135859162,-4.148277600731259e-07,-8.223308599987135
37883.34481858199,0.0033721781447105838,-4.134252440675565e-07,-8.2374673266187
37948.501237884135,0.003384798431964823,-4.119983932574407e-07,-8.251650484272858
38013.7697211816,0.0033974621464714985,-4.10546991633428e-07,-8.265858115379444
38079.150461215766,0.0034101694375896037,-4.090708222218402e-07,-8.280090262443396
38144.64365105954,0.003422920455195206,-4.075696574413974e-07,-8.294346968044913
38210.249484117805,0.003435715349675654,-4.060432783897674e-07,-8.308628274839556
38275.96815412831,0.003448554271935347,-4.044914642359632e-07,-8.322934225558477
38341.799855161815,0.003461437373405365,-4.0291398161274087e-07,-8.33726486300845
38407.74478162292,0.003474364806020323,-4.013106106534418e-07,-8.351620230072081
38473.80312825058,0.003487336722258842,-3.996811064188925e-07,-8.366000369707923
38539.975090118714,0.003500353275103054,-3.9802525289974535e-07,-8.380405324950635
38606.26086263673,0.003513414618073294,-3.9634280708548276e-07,-8.394835138911123
38672.66064155014,0.0035265209052049483,-3.9463353657319005e-07,-8.409289854776663
38739.17462294109,0.0035396722910792937,-3.9289720510264324e-07,-8.423769515811072
38805.803003229026,0.003552868930800348,-3.9113357448496356e-07,-8.438274165354821
38872.545979171104,0.003566110980000643,-3.8934240170963504e-07,-8.4528038468252
38939.40374786312,0.0035793985948527787,-3.875234437661425e-07,-8.46735860371648
39006.37650673965,0.003592731932065555,-3.8567645957262584e-07,-8.481938479600005
39073.4644535749,0.0036061111488878157,-3.8380119936827827e-07,-8.496543518124378
39140.667786483245,0.0036195364031026546,-3.818974162852757e-07,-8.511173763015588
39207.986703919705,0.003633007853033181,-3.799648644201222e-07,-8.525829258077147
39275.421404680885,0.00364652565756372,-3.780032814757546e-07,-8.5405100471903
39342.97208790505,0.003660089976108948,-3.760124244416605e-07,-8.555216174314069
39410.63895307306,0.0036737009686312353,-3.739920329494329e-07,-8.56994768348547
39478.42220000886,0.0036873587956502713,-3.719418504879753e-07,-8.584704618819636
39546.32202888007,0.0037010636182295545,-3.6986161283157155e-07,-8.59948702450997
39614.338640198606,0.003714815597989876,-3.6775106539778165e-07,-8.61429494482829
39682.47223482122,0.00372861489710738,-3.6560993528194284e-07,-8.629128424124971
39750.72301395014,0.003742461678319331,-3.6343796983027103e-07,-8.643987506829108
39819.09117913365,0.0037563561049144627,-3.6123489035214e-07,-8.658872237448648
39887.57693226657,0.003770298340742605,-3.5900043069318153e-07,-8.673782660570522
39956.18047559125,0.0037842885502185246,-3.5673431987739076e-07,-8.688718820860878
40024.90201169762,0.00379832689833155,-3.544362859644357e-07,-8.703680763065114
40093.7417435241,0.0038124135506185687,-3.5210604640638253e-07,-8.71866853200809
40162.6998743582,0.0038265486732006445,-3.4974332926290067e-07,-8.733682172594284
40231.77660783703,0.00384073243276565,-3.4734785102173014e-07,-8.748721729807915
40300.97214794788,0.003854964996566325,-3.4491933395657655e-07,-8.763787248713095
40370.28669902912,0.0038692465324433995,-3.4245748973354393e-07,-8.778878774454038
40439.720465770326,0.0038835772088024415,-3.399620367690292e-07,-8.793996352255116
40509.27365321318,0.0038979571946350508,-3.3743267708586267e-07,-8.80914002742107
40578.946466752066,0.003912386659503423,-3.3486912813611533e-07,-8.824309845337156
40648.739112134586,0.003926865773571177,-3.3227109676425644e-07,-8.839505851469282
40718.65179546224,0.003941394707566715,-3.2963828210013596e-07,-8.854728091364173
40788.68472319099,0.00395597363280827,-3.269703948455346e-07,-8.869976610649521
40858.83810213191,0.003970602721213525,-3.242671254513564e-07,-8.885251455034137
40929.11213945174,0.003985282145280324,-3.215281778690912e-07,-8.9005526703081
40999.50704267347,0.004000012078109792,-3.187532435139722e-07,-8.91588030234289
41070.02301967726,0.0040147926933774,-3.159420282661457e-07,-8.931234397091641
41140.660278700554,0.004029624165379215,-3.130942090759342e-07,-8.946615000589148
41211.41902833903,0.0040445066689952635,-3.102094812158833e-07,-8.962022158952113
41282.299477547145,0.004059440379710715,-3.072875303152646e-07,-8.977455918379293
41353.301835638726,0.004074425473612015,-3.0432804200335046e-07,-8.992916325151636
41424.426312287535,0.0040894621273907215,-3.013306903374843e-07,-9.00840342563243
41495.67311752819,0.0041045505183434925,-2.9829516383992295e-07,-9.023917266267517
41567.042461756326,0.004119690824377853,-2.952211413896491e-07,-9.039457893585373
41638.5345557295,0.0041348832240198875,-2.9210828740073406e-07,-9.055025354197292
41710.14961056778,0.004150127896398804,-2.8895628171648995e-07,-9.07061969479757
41781.887837754315,0.004165425021254631,-2.857647916439725e-07,-9.08624096216362
41853.74944913602,0.004180774778957473,-2.8253348159725606e-07,-9.101889203156173
41925.73465692415,0.004196177350494004,-2.7926202274070824e-07,-9.117564464719392
41997.843673694944,0.004211632917463596,-2.75950068880803e-07,-9.133266793881077
42070.0767123902,0.004227141662093722,-2.725972873246003e-07,-9.148996237752758
42142.43398631817,0.004242703767247651,-2.692033309142486e-07,-9.164752843529968
42214.915709153756,0.0042583194164070816,-2.6576785827786264e-07,-9.180536658492258
42287.52209493945,0.004273988793677909,-2.622905164716283e-07,-9.196347730003469
42360.253358085865,0.00428971208381334,-2.5877095640904243e-07,-9.21218610551183
42433.109713372396,0.004305489472190743,-2.552088232176383e-07,-9.228051832550165
42506.09137594774,0.004321321144823196,-2.516037668465879e-07,-9.243944958735987
42579.19856133091,0.004337207288372967,-2.479554227801518e-07,-9.259865531771773
42652.431485411325,0.00435314809012643,-2.4426343228855686e-07,-9.275813599445
42725.79036444981,0.004369143738032608,-2.405274327847214e-07,-9.291789209628366
42799.27541507914,0.004385194420672307,-2.3674705203828986e-07,-9.307792410279967
42872.88685430467,0.0044013003272793064,-2.3292192553352813e-07,-9.323823249443427
42946.624899505005,0.0044174616477364835,-2.2905168104008336e-07,-9.339881775248088
43020.48976843262,0.004433678572577721,-2.251359434346217e-07,-9.35596803590915
43094.4816792145,0.004449951292989824,-2.211743308435182e-07,-9.37208207972785
43168.60085035279,0.0044662800008240565,-2.1716646717911425e-07,-9.388223955091613
43242.84750072538,0.004482664888578784,-2.131119705677877e-07,-9.40439371047423
43317.22184958684,0.004499106149420654,-2.090104504569706e-07,-9.420591394436055
43391.724116568585,0.0045156039771787945,-2.0486151725842382e-07,-9.436817055624076
43466.354521679896,0.004532158566344795,-2.0066478138390985e-07,-9.453070742772175
43541.11328530842,0.00454877011208426,-1.9641985131653764e-07,-9.469352504701233
43616.00062822088,0.004565438810229065,-1.9212632011017808e-07,-9.485662390319353
43691.016771563576,0.004582164857285062,-1.877837991409257e-07,-9.50200044862194
43766.161936863464,0.004598948450424341,-1.8339186892639724e-07,-9.518366728692007
43841.43634602823,0.004615789787506421,-1.7895013891403563e-07,-9.534761279700195
43916.84022134732,0.0046326890670724385,-1.7445818672847846e-07,-9.551184150905014
43992.37378549248,0.004649646488337425,-1.699156083165872e-07,-9.567635391653017
44068.037261518446,0.004666662251197995,-1.6532198323165792e-07,-9.584115051378944
44143.830872863604,0.004683736556245818,-1.6067689102698835e-07,-9.6006231796059
44219.754843350616,0.004700869604754107,-1.5597991029155071e-07,-9.617159825945537
44295.80939718711,0.004718061598696872,-1.5123062443595626e-07,-9.633725040098195
44371.99475896634,0.004735312740725773,-1.464285898696488e-07,-9.6503188718531
44448.31115366775,0.0047526232342105686,-1.415733909675709e-07,-9.66694137108851
44524.75880665799,0.0047699932831947725,-1.3666457835320524e-07,-9.683592587771951
44601.337943691076,0.004787423092441888,-1.317017219365861e-07,-9.700272571960275
44678.04879090936,0.0048049128674006935,-1.26684381984475e-07,-9.716981373799921
44754.89157484417,0.004822462814247623,-1.2161211201334307e-07,-9.733719043527064
44831.86652241635,0.004840073139844345,-1.164844616823536e-07,-9.750485631467756
44908.97386093731,0.004857744051778213,-1.113009787220171e-07,-9.767281188038194
44986.21381810912,0.004875475758342973,-1.0606121761313849e-07,-9.784105763744755
45063.58662202561,0.004893268468550309,-1.0076470872833802e-07,-9.80095940918428
45141.092501172876,0.004911122392122102,-9.541099690515024e-08,-9.817842175044195
45218.731684430015,0.00492903773951933,-8.999962119514717e-08,-9.834754112102704
45296.50440106978,0.004947014721891925,-8.453011197095577e-08,-9.851695271228968
45374.41088075924,0.004965053551148145,-7.900199092625812e-08,-9.868665703383263
45452.451353560486,0.004983154439914067,-7.341478746935847e-08,-9.885665459617163
45530.626049931285,0.005001317601527793,-6.776803100856348e-08,-9.902694591073725
45608.9352007257,0.005019543250083746,-6.206122009370313e-08,-9.919753148987642
45687.3790371951,0.00503783160039989,-5.629388991905387e-08,-9.936841184685491
45765.95779098834,0.005056182868035052,-5.046554482041558e-08,-9.953958749585802
45844.67169415275,0.005074597269281185,-4.4575684311953374e-08,-9.971105895199305
45923.520979134795,0.005093075021184553,-3.8623818515437194e-08,-9.988282673129097
46002.505878780714,0.005111616341522567,-3.260944598071003e-08,-10.005489135070812
46081.62662633713,0.0051302214488384715,-2.6532065257617576e-08,-10.022725332812792
46160.88345545212,0.005148890562402754,-2.0391168145716025e-08,-10.039991318236337
46240.27660017533,0.005167623902255541,-1.4186243551581989e-08,-10.05728714331577
46319.80629495905,0.0051864216891872855,-7.91677170284774e-09,-10.074612860118691
46399.47277465881,0.005205284144746464,-1.5822443990780827e-09,-10.091968520806143
46479.27627453407,0.005224211491241466,4.817872597000828e-09,-10.109354177632792
46559.21703024893,0.005243203951744442,1.1284097129092867e-08,-10.126769882947107
46639.29527787279,0.005262261750097041,1.7816960541483375e-08,-10.144215689191547
46719.51125388109,0.00528138511089498,2.441700285740175e-08,-10.161691648902734
46799.865195156,0.0053005742595227095,3.108475638545447e-08,-10.179197814711646
46880.35733898698,0.0053198294221341105,3.78207592202096e-08,-10.19673423934378
46960.98792307192,0.005339150825642833,4.462556681412623e-08,-10.214300975619395
47041.75718551724,0.005358538697766599,5.14997249763855e-08,-10.23189807645361
47122.66536483899,0.005377993266988636,5.844378723078481e-08,-10.249525594856644
47203.71269996343,0.005397514762576916,6.545831095842799e-08,-10.267183583933987
47284.89943022776,0.0054171034146014785,7.254386125503499e-08,-10.284872096886582
47366.225795380735,0.005436759453892004,7.970099743035748e-08,-10.302591187011005
47447.69203558374,0.005456483112099458,8.693029808069263e-08,-10.320340907699721
47529.29839141094,0.005476274621661379,9.423233215905933e-08,-10.338121312441144
47611.045103850345,0.005496134215805699,1.0160767826174733e-07,-10.355932454819904
47692.93241430447,0.0055160621285680654,1.0905692462831709e-07,-10.373774388517042
47774.96056459101,0.005536058594784107,1.1658065371236045e-07,-10.391647167310166
47857.12979694357,0.005556123850091327,1.2417945953939475e-07,-10.409550845073648
47939.44035401237,0.0055762581309502825,1.3185393420627845e-07,-10.42748547577882
48021.892478864975,0.005596461674615642,1.396046813817953e-07,-10.445451113494165
48104.48641498693,0.005616734719168924,1.47432304734725e-07,-10.463447812385473
48187.22240628282,0.005637077503503051,1.553374137198076e-07,-10.481475626716119
48270.10069707644,0.005657490267331954,1.6332062164908874e-07,-10.49953461084714
48353.121532111916,0.0056779732511944,1.7138254376326465e-07,-10.517624819237502
48436.2851565543,0.005698526696442401,1.7952380687495642e-07,-10.53574630644426
48519.591815990316,0.005719150845277802,1.8774503393947088e-07,-10.553899127122756
48603.04175642898,0.005739845940717559,1.9604685562672988e-07,-10.57208333602682
48686.635224302714,0.0057606122266129845,2.044299141785799e-07,-10.590298988008996
48770.37246646749,0.005781449947665137,2.128948460508981e-07,-10.608546138020635
48854.25373020396,0.005802359349397803,2.214422973428312e-07,-10.626824841112187
48938.279263218064,0.005823340678186383,2.3007291993948572e-07,-10.645135152433355
49022.4493136418,0.005844394181254004,2.387873657259632e-07,-10.663477127233286
49106.76413003392,0.0058655201066618486,2.4758629623063454e-07,-10.681850820860783
49191.22396138066,0.005886718703334189,2.5647036912455575e-07,-10.700256288764493
49275.82905709653,0.005907990221046777,2.6544026522263613e-07,-10.718693586493096
49360.579667025,0.00592933491041912,2.744966499105408e-07,-10.737162769695514
49445.47604143913,0.00595075302295491,2.83640207860478e-07,-10.755663894121067
49530.51843104275,0.005972244810999596,2.9287162181599576e-07,-10.774197015619796
49615.707086970586,0.005993810527771191,3.0219157259198166e-07,-10.792762190142486
49701.042260789385,0.006015450427362163,3.1160076800448577e-07,-10.811359473740978
49786.52420449857,0.006037164764723988,3.2109989658300375e-07,-10.829988922568338
49872.15317053099,0.006058953795699879,3.3068966614357395e-07,-10.848650592879059
49957.92941175355,0.00608081777700355,3.403707864308838e-07,-10.867344541029231
50043.853181468374,0.0061027569662153325,3.5014396911826955e-07,-10.886070823476846
50129.924733412954,0.006124771621822617,3.6000993745099024e-07,-10.904829496781854
50216.14432176126,0.0061468620031851235,3.699694108169891e-07,-10.923620617606455
50302.51220112446,0.006169028370557996,3.800231221047871e-07,-10.94244424271528
50389.02862655161,0.006191270985082135,3.9017180998886316e-07,-10.961300428975584
50475.693853530436,0.006213590108807287,4.0041620542907024e-07,-10.980189233357475
50562.50813798808,0.006235986004668882,4.1075706638642273e-07,-10.999110712934078
50649.47173629187,0.00625845893651306,4.211951334640343e-07,-11.01806492488178
50736.58490525004,0.00628100916908892,4.3173116655156055e-07,-11.037051926480409
50823.84790211246,0.006303636968040776,4.423659371105788e-07,-11.056071775113427
50911.260984571694,0.006326342599954378,4.531002011734208e-07,-11.075124528268196
50998.82441076327,0.006349126332302916,4.6393473598761423e-07,-11.094210243536105
51086.53843926675,0.0063719884334835965,4.7487032072933413e-07,-11.113328978612818
51174.40332910645,0.006394929172821459,4.859077422893675e-07,-11.13248079129848
51262.41933975219,0.006417948820561639,4.97047787558494e-07,-11.151665739497924
51350.58673111993,0.006441047647875105,5.082912530707594e-07,-11.170883881220837
51438.90576357303,0.006464225926858628,5.196389392175115e-07,-11.190135274582085
51527.376697922286,0.006487483930554008,5.31091656033364e-07,-11.209419977801769
51615.999795427204,0.006510821932928771,5.42650213552923e-07,-11.228738049205536
51704.775317796615,0.006534240208889622,5.543154333827148e-07,-11.248089547224762
51793.7035271895,0.006557739034301677,5.660881448438771e-07,-11.267474530396745
51882.78468621571,0.006581318685959513,5.779691695429194e-07,-11.286893057364951
51972.019057936755,0.006604979441608334,5.899593522302007e-07,-11.30634518687919
52061.40690586662,0.00662872157995935,6.020595337987615e-07,-11.325830977795857
52150.94849397239,0.00665254538066468,6.142705589989429e-07,-11.345350489078108
52240.64408667547,0.006676451124346222,6.265932880103157e-07,-11.364903779796151
52330.49394885174,0.006700439092584054,6.390285790837865e-07,-11.38449090912735
52420.49834583274,0.00672450956792024,6.51577305899491e-07,-11.404111936356506
52510.65754340638,0.006748662833872295,6.642403363515912e-07,-11.423766920876075
52600.97180781767,0.006772899174925414,6.770185499061678e-07,-11.443455922186349
52691.44140576947,0.006797218876544017,6.899128337439115e-07,-11.463178999895682
52782.06660442365,0.0068216222251697625,7.029240866174314e-07,-11.48293621372077
52872.84767140126,0.006846109508229229,7.160531995647075e-07,-11.502727623486756
52963.78487478375,0.0068706810141319335,7.29301084838912e-07,-11.522553289127515
53054.87848311364,0.006895337032270301,7.426686489072425e-07,-11.54241327068586
53146.12876539533,0.006920077853042739,7.561568194520887e-07,-11.562307628313764
53237.53599109589,0.006944903767840113,7.697665125839007e-07,-11.582236422272583
53329.10043014582,0.00696981506903606,7.834986617710106e-07,-11.602199712933244
53420.82235293994,0.006994812050031274,7.973542081963586e-07,-11.622197560776511
53512.70203033808,0.007019895005218775,8.113341007574927e-07,-11.642230026393168
53604.739733665825,0.007045064230001209,8.254392844946397e-07,-11.662297170484234
53696.935734715764,0.007070320020802365,8.396707237345626e-07,-11.68239905386128
53789.29030574761,0.007095662675047857,8.540293808753581e-07,-11.702535737446496
53881.80371948944,0.007121092491193994,8.685162337443485e-07,-11.72270728227303
53974.47624913844,0.007146609768725801,8.831322563115342e-07,-11.74291374948516
54067.30816836162,0.007172214808141562,8.978784341188324e-07,-11.763155200338533
54160.29975129661,0.0071979079109797455,9.127557700660399e-07,-11.783431696200385
54253.45127255285,0.007223689379797774,9.277652593383219e-07,-11.803743298549817
54346.763007211746,0.007249559518222069,9.42907910621414e-07,-11.824090068977915
54440.235230827944,0.007275518630882491,9.581847383870025e-07,-11.844472069188052
54533.868219430035,0.007301567023479737,9.735967706073436e-07,-11.864889360996095
54627.66224952134,0.007327705002752538,9.891450294687158e-07,-11.885342006330635
54721.61759808074,0.007353932876489168,1.00483056030124e-06,-11.905830067233214
54815.734542563514,0.007380250953542816,1.0206544007204051e-06,-11.926353605858562
54910.013360902136,0.007406659543810341,1.0366176114855415e-06,-11.946912684474794
55004.4543315071,0.007433158958263053,1.052721243712692e-06,-11.96750736546368
55099.05773326763,0.007459749508940884,1.0689663678044318e-06,-11.988137711320826
55193.82384555297,0.007486431508944638,1.0853540618779398e-06,-12.008803784656013
55288.75294821251,0.007513205272449417,1.1018854040503798e-06,-12.029505648193265
55383.84532157706,0.0075400711147122915,1.1185614859394833e-06,-12.050243364771205
55479.10124645959,0.007567029352068392,1.1353834107348942e-06,-12.07101699734324
55574.52100415593,0.00759408030193471,1.1523522796975858e-06,-12.091826608977774
55670.10487644608,0.00762122428282354,1.1694692075890978e-06,-12.112672262858556
55765.853145594294,0.007648461614332792,1.1867353168855734e-06,-12.133554022284747
55861.766094350445,0.007675792617153647,1.2041517358491016e-06,-12.15447195067126
55957.844005950705,0.007703217613083996,1.2217196043136837e-06,-12.175426111548969
56054.08716411839,0.007730736925024533,1.2394400640419582e-06,-12.196416568564945
56150.49585306481,0.007758350876980628,1.2573142780117472e-06,-12.217443385482706
56247.07035749006,0.007786059794056494,1.2753434034148923e-06,-12.238506626182438
56343.81096258395,0.007813864002495603,1.2935286070864885e-06,-12.259606354661223
56440.71795402675,0.007841763829634378,1.3118710770768156e-06,-12.280742635033315
56537.791617989984,0.007869759603950324,1.3303719917928607e-06,-12.301915531530302
56635.03224113771,0.007897851655033056,1.349032552785448e-06,-12.323125108501502
56732.44011062669,0.007926040313609304,1.3678539616053827e-06,-12.34437143041401
56830.01551410766,0.007954325911544784,1.386837435232688e-06,-12.36565456185305
56927.75873972612,0.007982708781824867,1.4059841906473663e-06,-12.386974567522214
57025.670076123155,0.008011189258593067,1.4252954641159476e-06,-12.408331512243658
57123.74981243617,0.008039767677131718,1.4447724861189775e-06,-12.42972546095836
57221.9982383002,0.00806844437387154,1.4644165102808355e-06,-12.451156478726467
57320.4156438481,0.008097219686395454,1.4842287960118449e-06,-12.472624630727339
57419.00231971184,0.008126093953450066,1.5042105988649986e-06,-12.494129982259961
57517.758557023255,0.008155067514932135,1.5243632033230863e-06,-12.515672598743091
57616.684647414906,0.008184140711907782,1.5446878919402216e-06,-12.537252545715578
57715.78088302093,0.00821331388662591,1.5651859472704966e-06,-12.558869888836547
57815.047556477926,0.008242587382481546,1.5858586865837618e-06,-12.580524693885694
57914.4849609258,0.008271961544063943,1.6067074136492638e-06,-12.6022170267635
58014.093390008624,0.008301436717141118,1.6277334438081533e-06,-12.623946953491487
58113.87313787542,0.008331013248667484,1.6489381155454122e-06,-12.645714540212463
58213.82449918145,0.00836069148677802,1.6703227577027254e-06,-12.667519853190838
58313.94776908843,0.008390471780807474,1.6918887319088815e-06,-12.689362958812762
58414.243243265846,0.008420354481288373,1.7136373882207163e-06,-12.711243923586432
58514.7112178917,0.008450339939947113,1.7355700998388957e-06,-12.733162814142357
58615.35198965341,0.008480428509723156,1.757688236106751e-06,-12.755119697233589
58716.16585574854,0.00851062054476127,1.7799931952974052e-06,-12.777114639735965
58817.15311388619,0.00854091640042302,1.8024863602547195e-06,-12.799147708648448
58918.314062287114,0.008571316433286706,1.8251691562529275e-06,-12.821218971093234
59019.648999685116,0.008601821001139588,1.8480429834937273e-06,-12.843328494316102
59121.158225327796,0.008632430463018294,1.8711092788232251e-06,-12.865476345686671
59222.84203897745,0.00866314517916828,1.8943694733015365e-06,-12.887662592698623
59324.70074091191,0.00869396551108424,1.9178250230612556e-06,-12.909887302969972
59426.734631925494,0.008724891821490758,1.9414773745916773e-06,-12.932150544243331
59528.94401332985,0.008755924474353815,1.965328001383229e-06,-12.954452384386153
59631.32918695473,0.00878706383489613,1.9893783827122722e-06,-12.976792891390986
59733.8904551494,0.008818310269583598,2.0136300017124474e-06,-12.999172133375815
59836.62812078274,0.00884966414613295,2.038084364661218e-06,-13.021590178584171
59939.542487244704,0.008881125833536712,2.062742977836017e-06,-13.044047095385512
60042.63385844702,0.008912695702028467,2.087607361014827e-06,-13.06654295227544
60145.902538824135,0.008944374123140577,2.1126790436188702e-06,-13.089077817875971
60249.34883333398,0.008976161469640549,2.1379595724272277e-06,-13.111651760935773
60352.97304745935,0.009008058115606081,2.1634504922902923e-06,-13.134264850330528
60456.775487208084,0.009040064436380706,2.189153375059586e-06,-13.15691715506305
60560.756459114455,0.009072180808592968,2.2150697906579422e-06,-13.179608744263644
60664.91627023995,0.009104407610167913,2.2412013225087413e-06,-13.20233968719036
60769.25522817416,0.009136745220317393,2.267549573321873e-06,-13.225110053229232
60873.77364103574,0.009169194019551543,2.294116153521808e-06,-13.247919911894586
60978.471817473255,0.00920175438970376,2.320902669675674e-06,-13.27076933282927
61083.35006666615,0.009234426713884393,2.347910764994994e-06,-13.293658385804944
61188.4086983256,0.009267211376536529,2.3751420730479835e-06,-13.316587140722337
61293.64802269537,0.009300108763416668,2.4025982544039812e-06,-13.339555667611513
61399.06835055317,0.009333119261594636,2.4302809696322865e-06,-13.362564036632216
61504.66999321085,0.009366243259474707,2.4581919005173604e-06,-13.385612318074006
61610.453262515846,0.009399481146789752,2.4863327327009307e-06,-13.40870058235664
61716.4184708519,0.009432833314601145,2.514705163396613e-06,-13.43182890003029
61822.565931140074,0.009466300155316056,2.543310911033181e-06,-13.454997341775845
61928.89595683948,0.009499882062685407,2.5721517056112907e-06,-13.478205978405157
62035.40886194873,0.009533579431803827,2.601229269416941e-06,-13.501454880861406
62142.10496100614,0.009567392659123049,2.630545355594557e-06,-13.524744120219227
62248.984569091095,0.009601322142442187,2.66010173464641e-06,-13.548073767685096
62356.04800182492,0.009635368280944277,2.689900173217419e-06,-13.571443894597577
62463.295575371776,0.009669531475148024,2.7199424533816927e-06,-13.594854572427595
62570.72760643959,0.009703812126977076,2.7502303842144552e-06,-13.618305872778725
62678.34441228103,0.009738210639709855,2.7807657690049216e-06,-13.641797867387474
62786.14631069439,0.009772727418014153,2.811550436114767e-06,-13.665330628123543
62894.13362002456,0.009807362867931642,2.8425862119769654e-06,-13.688904226990125
63002.30665916382,0.009842117396910526,2.873874957740219e-06,-13.71251873612416
63110.66574755333,0.009876991413778503,2.9054185345531822e-06,-13.73617422779671
63219.21120518325,0.00991198532877542,2.9372188074217684e-06,-13.759870774413105
63327.94335259425,0.00994709955354164,2.969277676067618e-06,-13.783608448513318
63436.8625108783,0.009982334501123723,3.0015970382836657e-06,-13.807387322772227
63545.96900167961,0.010017690585983983,3.0341788092206828e-06,-13.831207469999898
63655.263147195474,0.010053168224002321,3.0670249156013158e-06,-13.85506896314186
63764.74527017773,0.010088767832487699,3.10013729572008e-06,-13.878971875279463
63874.415693932926,0.010124489830170348,3.133517916801253e-06,-13.90291627963007
63984.27474232382,0.01016033463721516,3.167168732568477e-06,-13.92690224954738
64094.32273977017,0.010196302675229314,3.2010917391757317e-06,-13.950929858521746
64204.56001124973,0.010232394367264103,3.235288928919632e-06,-13.974999180180438
64314.98688229916,0.010268610137809064,3.2697623075973143e-06,-13.999110288287934
64425.603679015054,0.010304950412820793,3.3045139002924003e-06,-14.023263256746242
64536.41072805484,0.010341415619697801,3.3395457533036467e-06,-14.04745815959514
64647.40835663766,0.010378006187317029,3.3748599129297524e-06,-14.071695071012503
64758.59689254582,0.010414722546014485,3.4104584447558963e-06,-14.095974065314673
64869.97666412501,0.010451565127600572,3.4463434375110453e-06,-14.120295216956576
64981.54800028578,0.010488534365356132,3.482516979924104e-06,-14.144658600532173
65093.31123050436,0.010525630694061244,3.5189811838677646e-06,-14.169064290774681
65205.266684823684,0.010562854549975879,3.5557381805011933e-06,-14.193512362556918
65317.41469385418,0.010600206370843647,3.592790104840802e-06,-14.218002890891535
65429.755588775304,0.010637686595916736,3.6301391073321676e-06,-14.24253595093145
65542.28970133571,0.010675295665957762,3.6677873654219584e-06,-14.267111617969968
65655.01736385479,0.010713034023216527,3.705737058485427e-06,-14.291729967441205
65767.93890922348,0.010750902111470402,3.743990392898915e-06,-14.316391074920357
65881.05467090526,0.010788900376012649,3.7825495808246557e-06,-14.341095016124003
65994.36498293714,0.010827029263661955,3.821416853711352e-06,-14.365841866910413
66107.87017993067,0.010865289222764273,3.860594454579557e-06,-14.390631703279837
66221.5705970729,0.010903680703198481,3.900084647664948e-06,-14.415464601374845
66335.46657012735,0.010942204156380133,3.939889706846395e-06,-14.440340637480599
66449.55843543491,0.01098086003527101,3.980011936861159e-06,-14.465259888025136
66563.84652991536,0.011019648794392474,4.0204536308744984e-06,-14.490222429579815
66678.33119106755,0.01105857088980996,4.061217126410636e-06,-14.515228338859426
66793.01275697093,0.01109762677914637,4.102304759065063e-06,-14.54027769272265
66907.89156628643,0.011136816921601213,4.143718887577038e-06,-14.565370568172291
67022.96795825742,0.011176141777935092,4.18546188225766e-06,-14.59050704235563
67138.24227271065,0.01121560181049079,4.227536146205064e-06,-14.615687192564685
67253.71485005773,0.011255197483191232,4.269944067088072e-06,-14.640911096236671
67369.38603129535,0.011294929261545161,4.312688082720421e-06,-14.666178830954088
67485.25615800681,0.011334797612652794,4.355770628987106e-06,-14.691490474445208
67601.32557236294,0.011374803005211504,4.399194159130925e-06,-14.716846104584329
67717.59461712303,0.011414945909536893,4.4429611514670835e-06,-14.742245799392098
67834.06363563593,0.011455226797520302,4.487074095882622e-06,-14.767689637035842
67950.73297184102,0.011495646142699966,4.531535499622375e-06,-14.793177695829865
68067.60297026919,0.011536204420218533,4.576347895003585e-06,-14.818710054235785
68184.67397604392,0.011576902106844127,4.621513814343398e-06,-14.84428679086285
68301.94633488217,0.011617739680979868,4.667035824674636e-06,-14.869907984468224
68419.42039309589,0.011658717622659912,4.7129165046019465e-06,-14.895573713957459
68537.09649759224,0.011699836413562804,4.759158444301803e-06,-14.921284058384579
68654.97499587516,0.011741096537013298,4.805764260951731e-06,-14.947039096952574
68773.05623604632,0.011782498477991864,4.852736592944348e-06,-14.972838909013689
68891.34056680591,0.011824042723130715,4.90007808060082e-06,-14.998683574069718
69009.8283374543,0.011865729760736812,4.947791395100674e-06,-15.024573171772415
69128.51989789218,0.01190756008077439,4.9958792269098656e-06,-15.050507781923717
69247.41559862225,0.011949534174891821,5.044344278066166e-06,-15.076487484476107
69366.51579074997,0.0119916525364157,5.093189267965123e-06,-15.102512359532994
69485.82082598472,0.012033915660358434,5.142416948789286e-06,-15.128582487348984
69605.33105664077,0.012076324043429672,5.192030070792439e-06,-15.154697948330236
69725.04683563838,0.012118878184026549,5.242031420872674e-06,-15.180858823034809
69844.96851650474,0.012161578582266304,5.292423801357197e-06,-15.20706519217296
69965.09645337515,0.012204425739957264,5.343210022287711e-06,-15.23331713660752
70085.43100099382,0.012247420160637238,5.394392924564258e-06,-15.259614737354177
70205.97251471551,0.012290562349565682,5.4459753664446455e-06,-15.285958075581917
70326.72135050574,0.01233385281371779,5.497960229330403e-06,-15.31234723261322
70447.67786494242,0.012377292061807488,5.550350400408894e-06,-15.338782289924499
70568.84241521676,0.012420880604296917,5.603148805440428e-06,-15.365263329146403
70690.21535913425,0.012464618953378982,5.656358374042501e-06,-15.391790432064177
70811.7970551157,0.012508507623004168,5.709982068619582e-06,-15.418363680617945
70933.58786219878,0.012552547128874643,5.764022857361976e-06,-15.444983156903206
71055.58814003823,0.012596737988461448,5.818483747032922e-06,-15.471648943170983
71177.79824890757,0.012641080721010145,5.873367744395527e-06,-15.498361121828276
71300.21854969987,0.012685575847519493,5.928677900571794e-06,-15.525119775438402
71422.84940392898,0.012730223890795233,5.984417264754928e-06,-15.551924986721318
71545.69117373052,0.012775025375407591,6.040588922782412e-06,-15.578776838553981
71668.74422186293,0.012819980827729636,6.0971959701348555e-06,-15.605675413970724
71792.00891170857,0.012865090775935246,6.1542415370084836e-06,-15.63262079616353
71915.48560727481,0.01291035574999893,6.211728761313989e-06,-15.65961306848248
72039.17467319491,0.012955776281701496,6.269660807963064e-06,-15.686652314436003
72163.07647472974,0.013001352904652999,6.328040863082433e-06,-15.713738617691371
72287.19137776791,0.013047086154281044,6.386872137871169e-06,-15.740872062074883
72411.51974882754,0.013092976567836432,6.446157858957409e-06,-15.76805273157233
72536.06195505707,0.01313902468441803,6.505901279970285e-06,-15.79528071032932
72660.81836423645,0.013185231044951456,6.566105671896643e-06,-15.82255608265166
72785.78934477798,0.013231596192227442,6.6267743404389345e-06,-15.849878933005632
72910.97526572814,0.013278120670878572,6.687910595156746e-06,-15.877249346018544
73036.37649676758,0.013324805027396469,6.749517782253913e-06,-15.904667406478834
73161.99340821302,0.013371649810154752,6.811599269149287e-06,-15.932133199336613
73287.82637101805,0.013418655569383845,6.87415843097616e-06,-15.959646809703973
73413.87575677426,0.01346582285719972,6.937198687226677e-06,-15.98720832285533
73540.14193771237,0.013513152227603735,7.000723470893375e-06,-16.014817824227837
73666.62528670332,0.013560644236501737,7.0647362381124545e-06,-16.04247539942172
73793.32617725933,0.01360829944167502,7.1292404662351155e-06,-16.070181134200634
73920.24498353488,0.013656118402826387,7.194239659613519e-06,-16.09793511449203
74047.38208032846,0.013704101681572291,7.259737347672131e-06,-16.125737426387648
74174.7378430827,0.013752249841429191,7.325737082979067e-06,-16.153588156143652
74302.3126478861,0.013800563447863455,7.3922424354601236e-06,-16.181487390181186
74430.10687147404,0.013849043068243073,7.459257007828007e-06,-16.209435215086696
74558.12089122983,0.01389768927191065,7.52678442208176e-06,-16.237431717612285
74686.3550851857,0.013946502630112005,7.594828334935973e-06,-16.265476984676074
74814.80983202453,0.01399548371607111,7.66339241081965e-06,-16.293571103362716
74943.48551108007,0.01404463310496872,7.732480345020034e-06,-16.321714160923552
75072.38250233859,0.014093951373930682,7.802095869468569e-06,-16.349906244777145
75201.50118643996,0.014143439102075881,7.872242725739747e-06,-16.378147442509608
75330.84194467869,0.014193096870477576,7.942924690123601e-06,-16.406437841875
75460.4051590051,0.01424292526221521,8.014145562053782e-06,-16.434777530795706
75590.19121202643,0.01429292486234536,8.085909166036206e-06,-16.463166597362807
75720.20048700798,0.014343096257926598,8.15821934779174e-06,-16.491605129836483
75850.43336787426,0.014393440038023154,8.231079991614093e-06,-16.520093216646377
75980.89023920988,0.01444395679370091,8.304494987582691e-06,-16.548630946391974
76111.57148626143,0.014494647118056087,8.378468277850358e-06,-16.57721840784309
76242.47749493762,0.014545511606193908,8.453003816141596e-06,-16.605855689940114
76373.60865181102,0.014596550855270755,8.52810556775258e-06,-16.63454288179446
76504.9653441191,0.0146477654644632,8.603777557767478e-06,-16.663280072688984
76636.54795976535,0.014699156035004404,8.680023817056173e-06,-16.692067352078354
76768.35688732025,0.01475072317017622,8.756848409275387e-06,-16.72090480958941
76900.39251602306,0.014802467475314806,8.83425542122542e-06,-16.749792535021697
77032.65523578206,0.014854389557825823,8.912248970564758e-06,-16.778730618347662
77165.14543717627,0.014906490027195818,8.990833201952764e-06,-16.80771914971317
77297.8635114565,0.014958769494968919,9.07001229476428e-06,-16.836758219437904
77430.80985054644,0.015011228574800563,9.149790441874443e-06,-16.865847918015724
77563.9848470439,0.01506386788243035,9.230171872802526e-06,-16.894988336115095
77697.38889422192,0.015116688035693401,9.311160845997304e-06,-16.92417956457949
77831.02238602993,0.015169689654537497,9.392761644979757e-06,-16.95342169442778
77964.88571709492,0.015222873361028663,9.474978591843631e-06,-16.982714816854653
78098.97928272246,0.015276239779352881,9.557816014468338e-06,-17.01205902323096
78233.30347889847,0.015329789535825547,9.64127830052123e-06,-17.041454405104307
78367.85870228948,0.015383523258891248,9.725369845383962e-06,-17.07090105419921
78502.64535024442,0.015437441579152462,9.810095079153636e-06,-17.100399062417686
78637.66382079561,0.01549154512935393,9.895458464714142e-06,-17.129948521839562
78772.9145126598,0.015545834544403662,9.98146448230692e-06,-17.15954952472295
78908.39782523998,0.015600310461361157,1.0068117664246726e-05,-17.18920216350473
79044.11415862563,0.01565497351947764,1.0155422560205858e-05,-17.218906530800773
79180.06391359447,0.0157098243601766,1.0243383739142806e-05,-17.248662719406504
79316.24749161354,0.015764863627068984,1.0332005822089362e-05,-17.27847082229727
79452.66529484041,0.015820091965954918,1.0421293449363496e-05,-17.30833093262879
79589.31772612425,0.01587551002485236,1.0511251292141279e-05,-17.338243143737547
79726.20518900719,0.01593111845396417,1.0601884048599564e-05,-17.368207549141236
79863.32808772536,0.01598691790574144,1.0693196459345222e-05,-17.39822424253914
80000.68682721017,0.016042909034835122,1.0785193295843191e-05,-17.428293317812617
80138.2818130893,0.016099092498138182,1.0877879344987275e-05,-17.45841486902544
80276.1134516886,0.016155468954779602,1.0971259441887223e-05,-17.488588990424415
80414.18215003224,0.016212039066141493,1.1065338448653536e-05,-17.518815776439546
80552.48831584463,0.01626880349586078,1.116012125825479e-05,-17.54909532168463
80691.03235755142,0.01632576290983094,1.1255612792588951e-05,-17.57942772095766
80829.81468428073,0.016382917976211362,1.1351818017912608e-05,-17.609813069241284
80968.83570586419,0.016440269365452172,1.1448741921697128e-05,-17.640251461703112
81108.09583283878,0.01649781775028053,1.1546389531915183e-05,-17.670742993696415
81247.5954764471,0.016555563805717717,1.164476590161151e-05,-17.701287760760234
81387.3350486392,0.016613508209082757,1.1743876128189447e-05,-17.73188585862008
81527.31496207368,0.01667165164001145,1.1843725330267082e-05,-17.762537383188203
81667.53563011884,0.016729994780444554,1.1944318674678396e-05,-17.793242430564163
81807.997466854,0.016788538314662246,1.2045661341757498e-05,-17.824001097035193
81948.70088707059,0.016847282929262675,1.214775856776898e-05,-17.854813479076658
82089.64630627353,0.016906229313180983,1.225061561212082e-05,-17.885679673352538
82230.8341406823,0.016965378157717943,1.2354237770864938e-05,-17.916599776715813
82372.26480723213,0.01702473015651277,1.2458630374768537e-05,-17.947573886208936
82513.93872357583,0.017084286005571745,1.25637987893141e-05,-17.978602099064386
82655.85630808405,0.017144046403281446,1.2669748414699389e-05,-18.00968451270493
82798.01797984715,0.017204012050396962,1.2776484689694722e-05,-18.040821224744196
82940.42415867631,0.017264183650060876,1.2884013085857033e-05,-18.072012332987125
83083.07526510474,0.0173245619078242,1.2992339111387146e-05,-18.10325793543038
83225.97172038878,0.017385147531617257,1.310146831112979e-05,-18.134558130262835
83369.11394650981,0.017445941231809075,1.3211406258858974e-05,-18.1659130158661
83512.50236617445,0.017506943721168663,1.3322158580421796e-05,-18.197322690814822
83656.13740281654,0.017568155714901303,1.3433730926737318e-05,-18.228787253877286
83800.01948059819,0.01762957793063868,1.3546128989225776e-05,-18.260306804015812
83944.149024411,0.017691211088471347,1.3659358495951252e-05,-18.291881440387233
84088.52645987741,0.017753055910929193,1.3773425207764384e-05,-18.32351126234341
84233.15221335184,0.01781511312301007,1.3888334933731557e-05,-18.355196369431614
84378.02671192207,0.01787738345217954,1.4004093509919732e-05,-18.386936861395057
84523.15038341019,0.017939867628374413,1.4120706818682954e-05,-18.418732838173316
84668.52365637469,0.018002566384015997,1.4238180773233125e-05,-18.450584399902958
84814.1469601106,0.018065480454029042,1.4356521336926526e-05,-18.482491646917754
84960.02072465148,0.018128610575826085,1.4475734494334019e-05,-18.514454679749363
85106.14538077053,0.0181919574893476,1.459582628402812e-05,-18.54647359912774
85252.52135998181,0.018255521937044362,1.4716802777367831e-05,-18.578548505981594
85399.14909454143,0.018319304663879155,1.4838670090070528e-05,-18.610679501438902
85546.02901744943,0.01838330641738032,1.49614343687114e-05,-18.642866686827453
85693.16156245007,0.018447527947593394,1.5085101806152652e-05,-18.67511016367516
85840.54716403376,0.01851197000713085,1.5209678635757532e-05,-18.707410033710712
85988.18625743827,0.01857663335116219,1.533517112753303e-05,-18.73976639886398
86136.07927864986,0.018641518737421366,1.5461585593915816e-05,-18.772179361266527
86284.22666440472,0.018706626926235342,1.558892838977224e-05,-18.804649023252107
86432.62885219014,0.018771958680506486,1.5717205908540996e-05,-18.837175487357133
86581.28628024591,0.01883751476572768,1.5846424580304495e-05,-18.869758856321198
86730.19938756552,0.018903295950010876,1.5976590891075338e-05,-18.902399233087564
86879.3686138973,0.018969303004073346,1.6107711359652505e-05,-18.935096720803607
87028.7943997465,0.019035536701252756,1.6239792533764047e-05,-18.96785142282149
87178.47718637544,0.019101997817516505,1.6372841030568734e-05,-19.00066344269842
87328.41741580555,0.01916868713148065,1.650686348651113e-05,-19.033532884197303
87478.61553081851,0.019235605424390373,1.664186659975189e-05,-19.066459851287227
87629.07197495757,0.019302753480169677,1.6777857091594758e-05,-19.099444448143952
87779.7871925286,0.019370132085396098,1.691484173734494e-05,-19.13248677915038
87930.76162860227,0.01943774202932345,1.705282736245181e-05,-19.165586948897218
88081.99572901413,0.019505584103889227,1.719182081743642e-05,-19.198745062183296
88233.48994036672,0.019573659103725823,1.7331829014535876e-05,-19.231961224016167
88385.24471003073,0.019641967826164067,1.7472858904559507e-05,-19.265235539612622
88537.26048614629,0.019710511071248292,1.7614917473031546e-05,-19.298568114399227
88689.53771762425,0.01977928964174372,1.7758011767192237e-05,-19.3319590540128
88842.0768541476,0.01984830434313995,1.7902148867068062e-05,-19.365408464300934
88994.87834617274,0.019917555983668005,1.8047335898972274e-05,-19.398916451322574
89147.94264493082,0.0199870453743038,1.81935800393622e-05,-19.432483121348476
89301.27020242889,0.02005677332877553,1.834088850519596e-05,-19.466108580861718
89454.86147145194,0.020126740663588345,1.8489268565504378e-05,-19.499792936558396
89608.7169055632,0.020196948198014392,1.8638727529819043e-05,-19.5335362953479
89762.83695910615,0.020267396754107863,1.8789272752029613e-05,-19.567338764353604
89917.22208720574,0.020338087156718143,1.894091164581301e-05,-19.60120045091339
90071.87274576968,0.020409020233500975,1.9093651657632266e-05,-19.63512146258015
90226.7893914896,0.02048019681492009,1.9247500287951722e-05,-19.669101907122247
90381.9724818432,0.020551617734256414,1.94024650777364e-05,-19.703141892524332
90537.42247509441,0.020623283827628944,1.955855362773854e-05,-19.73724152698752
90693.13983029556,0.020695195933996272,1.9715773573425115e-05,-19.77140091893016
90849.1250072885,0.020767354895165884,1.9874132610050253e-05,-19.805620176988313
91005.37846670597,0.020839761555791845,2.0033638475297398e-05,-19.839899410016343
91161.90066997295,0.020912416763412947,2.019429895506524e-05,-19.874238727087377
91318.69207930805,0.020985321368442715,2.0356121887324977e-05,-19.908638237493953
91475.75315772489,0.02105847622417096,2.0519115152477087e-05,-19.943098050748507
91633.08436903318,0.02113188218680189,2.068328668685183e-05,-19.977618276583915
91790.68617784097,0.021205540115440298,2.0848644482709256e-05,-20.01219902495419
91948.55904955481,0.021279450872093066,2.101519656702403e-05,-20.046840406034836
92106.7034503819,0.02135361532171308,2.1182951028486504e-05,-20.081542530223533
92265.11984733131,0.021428034332177673,2.135191600014487e-05,-20.11630550814066
92423.80870821528,0.021502708774319014,2.1522099670977053e-05,-20.15112945062987
92582.7705016505,0.021577639521914143,2.1693510278176054e-05,-20.186014468758646
92742.0056970602,0.021652827451707626,2.1866156105221323e-05,-20.220960673818958
92901.51476467442,0.0217282734434285,2.2040045503093873e-05,-20.25596817732766
93061.29817553212,0.021803978379780292,2.2215186857489215e-05,-20.29103709102718
93221.35640148245,0.02187994314646749,2.2391588611961157e-05,-20.32616752688608
93381.6899151861,0.021956168632191374,2.2569259265993094e-05,-20.361359597099625
93542.29919011667,0.022032655728680337,2.27482073692121e-05,-20.39661341409035
93703.1847005621,0.022109405330674133,2.2928441527174808e-05,-20.431929090508653
93864.3469216261,0.022186418335958077,2.310997039558147e-05,-20.467306739233365
94025.78632922952,0.02226369564536073,2.329280267834729e-05,-20.502746473372362
94187.50340011153,0.022341238162757307,2.3476947143031583e-05,-20.53824840626306
94349.49861183183,0.022419046795096244,2.366241260733722e-05,-20.57381265147324
94511.77244277098,0.022497122452402568,2.384920794489657e-05,-20.60943932280131
94674.32537213243,0.022575466047775612,2.403734207755686e-05,-20.64512853427716
94837.15787994386,0.02265407849741742,2.4226823988880723e-05,-20.68088040016259
95000.27044705853,0.022732960720645772,2.4417662718360204e-05,-20.71669503495203
95163.66355515659,0.02281211363987648,2.4609867353702174e-05,-20.752572553373035
95327.33768674718,0.022891538180665263,2.480344704432883e-05,-20.788513070387044
95491.29332516875,0.022971235271693823,2.4998410993663087e-05,-20.824516701189793
95655.53095459125,0.023051205844800225,2.5194768464914508e-05,-20.860583561212007
95820.05106001736,0.023131450834974594,2.5392528769507377e-05,-20.896713766120044
95984.85412728392,0.023211971180379813,2.5591701280581233e-05,-20.93290743181644
96149.94064306341,0.023292767822349195,2.5792295434919502e-05,-20.96916467444058
96315.31109486532,0.023373841705416766,2.59943207194489e-05,-21.005485610369274
96480.96597103759,0.02345519377730723,2.6197786673168102e-05,-21.041870356217363
96646.90576076813,0.023536824988954732,2.6402702912220128e-05,-21.078319028838415
96813.130954086,0.023618736294517793,2.660907908167611e-05,-21.114831745325198
96979.64204186366,0.023700928651386538,2.6816924913394722e-05,-21.15140862301056
97146.43951581723,0.0237834030201957,2.7026250185520557e-05,-21.188049779467743
97313.52386850877,0.02386616036481647,2.723706473212731e-05,-21.224755332511243
97480.8955933475,0.02394920165240601,2.744937845671833e-05,-21.26152540019733
97648.55518459102,0.02403252785338008,2.766320131101145e-05,-21.298360100824663
97816.5031373477,0.02411613994144523,2.7878543308439474e-05,-21.335259552935153
97984.73994757679,0.024200038893600263,2.8095414543436695e-05,-21.372223875314248
98153.26611209076,0.024284225690154992,2.8313825135508007e-05,-21.409253186991812
98322.08212855659,0.024368701314735487,2.8533785287088363e-05,-21.446347607242714
98491.18849549719,0.024453466754295175,2.8755305264256268e-05,-21.483507255587465
98660.58571229289,0.024538522999123916,2.8978395385161846e-05,-21.520732251792857
98830.27427918291,0.02462387104285908,2.920306602774141e-05,-21.558022715872614
99000.25469726685,0.024709511882513874,2.9429327643217992e-05,-21.595378768088096
99170.52746850616,0.024795446518461467,2.965719073488616e-05,-21.63280052894886
99341.09309572543,0.024881675954453703,2.9886665867755253e-05,-21.67028811921336
99511.95208261468,0.024968201197655228,3.0117763678192566e-05,-21.70784165988974
99683.1049337296,0.025055023258619864,3.0350494860422824e-05,-21.74546127223625
99854.55215449391,0.025142143151322818,3.0584870172314064e-05,-21.783147077762045
100026.29425120061,0.02522956189316592,3.082090042959169e-05,-21.8208991982279
100198.33173101328,0.025317280504998253,3.105859652319623e-05,-21.858717755646726
100370.6651019684,0.025405300011105997,3.1297969399996896e-05,-21.8966028722845
100543.29487297562,0.02549362143925614,3.153903008014932e-05,-21.934554670660628
100716.22155382007,0.025582245820665185,3.178178963588044e-05,-21.972573273548853
100889.44565516367,0.02567117419005052,3.202625920691762e-05,-22.010658803977826
101062.96768854665,0.025760407585616395,3.227245001013189e-05,-22.04881138523182
101236.78816638904,0.025849947049088044,3.2520373312536835e-05,-22.087031140851437
101410.90760199222,0.025939793625691834,3.277004045443232e-05,-22.125318194634243
101585.32650954036,0.02602994836419517,3.3021462847475815e-05,-22.16367267063554
101760.04540410203,0.026120412316909713,3.327465195732456e-05,-22.202094693168945
101935.06480163166,0.02621118653968702,3.3529619326779264e-05,-22.240584386807228
102110.38521897106,0.02630227209195258,3.378637656228358e-05,-22.27914187638287
102286.00717385081,0.0263936700367187,3.404493532813808e-05,-22.317767286988808
102461.93118489254,0.026485381440562766,3.430530736964406e-05,-22.35646074397931
102638.15777160924,0.026577407373680546,3.456750449767423e-05,-22.39522237297038
102814.68745440764,0.026669748909870193,3.483153858674414e-05,-22.434052299840648
102991.52075458934,0.026762407126562436,3.509742157501205e-05,-22.472950650732074
103168.6581943531,0.026855383104812308,3.536516547777949e-05,-22.511917552050697
103346.10029679528,0.02694867792933122,3.5634782375919304e-05,-22.55095313046722
103523.84758591208,0.0270422926884787,3.5906284423590215e-05,-22.590057512917856
103701.90058660094,0.02713622847430215,3.6179683830878974e-05,-22.629230826604967
103880.25982466208,0.02723048638251318,3.6454992894658656e-05,-22.668473198997855
104058.92582680008,0.027325067512527362,3.673222397158757e-05,-22.707784757833494
104237.89912062541,0.027419972967471336,3.701138948775246e-05,-22.74716563111718
104417.18023465594,0.027515203854180242,3.729250194445442e-05,-22.786615947123366
104596.76969831862,0.02761076128322402,3.7575573908565594e-05,-22.82613583439632
104776.6680419509,0.027706646368926023,3.786061802602966e-05,-22.865725421750923
104956.87579680223,0.027802860229345083,3.814764700064672e-05,-22.905384838273346
105137.39349503635,0.02789940398632485,3.843667362107427e-05,-22.945114213321972
105318.22166973166,0.027996278765479707,3.87277107376834e-05,-22.98491367652786
105499.36085488363,0.02809348569621336,3.9020771281845265e-05,-23.024783357795727
105680.81158540597,0.02819102591173931,3.9315868244715875e-05,-23.06472338730458
105862.574397133,0.028288900549093696,3.961301469652253e-05,-23.10473389550863
106044.64982682,0.02838711074912116,3.991222379234976e-05,-23.144815013137837
106227.03841214567,0.0284856576565261,4.021350873356628e-05,-23.184966871198828
106409.74069171344,0.028584542419862382,4.051688281604117e-05,-23.225189600975625
106592.75720505313,0.02868376619154038,4.0822359405071415e-05,-23.26548333403039
106776.08849262248,0.028783330127858976,4.112995193152452e-05,-23.305848202204235
106959.73509580879,0.028883235389004856,4.143967390533904e-05,-23.346284337617984
107143.6975569305,0.02898348313906918,4.175153890973858e-05,-23.38679187267296
107327.97641923882,0.029084074546052618,4.206556060894633e-05,-23.42737094005174
107512.57222691926,0.029185010781897346,4.2381752725041273e-05,-23.46802167271899
107697.48552509333,0.029286293022472914,4.270012907267375e-05,-23.508744203922216
107882.71685981988,0.02938792244761012,4.302070353013573e-05,-23.549538667192493
108068.26677809756,0.029489900241100313,4.334349005671858e-05,-23.590405196345532
108254.1358278652,0.02959222759072929,4.366850268499843e-05,-23.631343925482092
108440.32455800426,0.02969490568825735,4.399575551890747e-05,-23.672354988989053
108626.83351833999,0.02979793572945894,4.432526274723442e-05,-23.713438521540063
108813.66325964399,0.02990131891412385,4.465703862626669e-05,-23.754594658096583
109000.81433363442,0.030005056446075706,4.499109749521946e-05,-23.795823533908422
109188.28729297867,0.03010914953317508,4.532745375694919e-05,-23.837125284514666
109376.08269129458,0.030213599387345656,4.566612191845513e-05,-23.87850004574453
109564.20108315222,0.030318407224579264,4.600711652723394e-05,-23.919947953718165
109752.64302407547,0.030423574264948555,4.6350452236853626e-05,-23.96146914484745
109941.40907054368,0.030529101732621647,4.669614376645187e-05,-24.003063755836852
110130.49977999328,0.030634990855876745,4.704420590459332e-05,-24.044731923684218
110319.91571081943,0.030741242867112873,4.739465353434192e-05,-24.086473785681687
110509.65742237776,0.03084785900286452,4.774750160818839e-05,-24.128289479416438
110699.72547498585,0.030954840503814286,4.810276515576488e-05,-24.170179142771595
110890.12042992485,0.031062188614805575,4.846045928577343e-05,-24.212142913926996
111080.84284944188,0.031169904584862938,4.8820599184057354e-05,-24.25418093136025
111271.89329675042,0.03127798966718359,4.91832001116725e-05,-24.296293333847295
111463.2723360329,0.03138644511918276,4.954827742224498e-05,-24.338480260463445
111654.9805324418,0.03149527220247556,4.9915846529184186e-05,-24.38074185058414
111847.01845210238,0.031604472182920396,5.0285922940398305e-05,-24.423078243886035
112039.38666211285,0.0317140463306047,5.0658522231293266e-05,-24.46548958034756
112232.08573054704,0.031823995919876794,5.1033660069845005e-05,-24.507976000249972
112425.11622645582,0.03193432222934503,5.141135218574113e-05,-24.5505376441782
112618.47871986877,0.03204502654191544,5.1791614401239154e-05,-24.593174653021713
112812.1737817959,0.03215611014477741,5.217446261766595e-05,-24.63588716797539
113006.20198422926,0.03226757432942783,5.25599128096317e-05,-24.67867533054044
113200.56390014479,0.032379420391693337,5.294798103274444e-05,-24.721539282525256
113395.26010350377,0.03249164963173517,5.3338683425538644e-05,-24.76447916604633
113590.29116925475,0.0326042633540599,5.373203621333242e-05,-24.807495123529126
113785.65767333486,0.03271726286754734,5.41280556831551e-05,-24.85058729770895
113981.36019267254,0.032830649485440115,5.45267582203914e-05,-24.893755831632074
114177.39930518776,0.03294442452539078,5.492816028178028e-05,-24.937000868656273
114373.77558979472,0.03305858930943407,5.533227839927227e-05,-24.980322552452016
114570.48962640307,0.033173145164047464,5.5739129205101665e-05,-25.023721027003226
114767.54199592058,0.03328809342012536,5.614872939128502e-05,-25.067196436608434
114964.93328025339,0.033403435413012716,5.656109574240795e-05,-25.11074892588139
115162.66406230876,0.03351917248251764,5.697624511633865e-05,-25.15437863975217
115360.73492599648,0.033635305972914246,5.739419445387108e-05,-25.1980857234681
115559.1464562306,0.033751837232984104,5.781496078451075e-05,-25.241870322594636
115757.89923893123,0.03386876761599027,5.8238561205259605e-05,-25.285732583016387
115956.99386102616,0.033986098479722476,5.8665012907616966e-05,-25.329672650937926
116156.43091045268,0.03410383118650582,5.909433315443572e-05,-25.373690672884884
116356.21097615929,0.03422196710319404,5.952653928570818e-05,-25.417786795704806
116556.33464810741,0.03434050760123008,5.996164873978105e-05,-25.46196116656812
116756.80251727319,0.03445945405658743,6.039967901863984e-05,-25.506213932969143
116957.61517564893,0.0345788078498653,6.084064771490971e-05,-25.55054524272692
117158.77321624586,0.034698570366247246,6.12845725002836e-05,-25.59495524398647
117360.2772330944,0.03481874299554251,6.173147111973615e-05,-25.639444085219388
117562.12782124693,0.03493932713217153,6.21813614127388e-05,-25.68401191522507
117764.325576779,0.03506032417521691,6.263426129397315e-05,-25.72865888313157
117966.87109679209,0.035181735528424234,6.309018874947367e-05,-25.773385138396794
118169.76497941396,0.03530356260019733,6.354916185977132e-05,-25.818190830809165
118373.0078238013,0.03542580680363562,6.401119878060704e-05,-25.863076110488876
118576.60023014131,0.035548469556542714,6.44763177467889e-05,-25.90804112788875
118780.5427996535,0.03567155228143501,6.494453707219213e-05,-25.95308603379532
118984.83613459142,0.03579505640556371,6.541587516325936e-05,-25.998210979329787
119189.4808382444,0.03591898336092531,6.589035048814242e-05,-26.043416115949054
119394.47751493944,0.0360433345842817,6.636798161141773e-05,-26.08870159544672
119599.82677004293,0.036168111517159075,6.684878717094249e-05,-26.13406756995414
119805.5292099624,0.036293315605883426,6.733278588556921e-05,-26.179514191941387
120011.58544214815,0.03641894830159097,6.781999654935968e-05,-26.225041614218274
120217.99607509597,0.03654501106021171,6.831043804122806e-05,-26.270649989935606
120424.76171834748,0.03667150534254138,6.880412932108353e-05,-26.316339472585838
120631.8829824929,0.0367984326142115,6.930108942983018e-05,-26.362110216004403
120839.3604791724,0.03692579434570753,6.980133747972372e-05,-26.407962374370605
121047.19482107883,0.037053592012406156,7.030489266401459e-05,-26.453896102208898
121255.3866219581,0.037181827094578075,7.081177425694789e-05,-26.499911554389612
121463.93649661195,0.03731050107739832,7.13220016176205e-05,-26.54600888613025
121672.84506089956,0.03743961545096251,7.183559417069463e-05,-26.59218825299649
121882.11293173932,0.037569171710312564,7.235257142761276e-05,-26.638449810903218
122091.74072711068,0.03769917135543747,7.287295298466888e-05,-26.684793716115664
122301.72906605594,0.037829615891297144,7.339675849600747e-05,-26.731220125250438
122512.07856868213,0.03796050682782896,7.392400770833888e-05,-26.777729195276635
122722.78985616284,0.03809184567997728,7.445472044358145e-05,-26.8243210835169
122933.86355073996,0.03822363396770002,7.498891659114694e-05,-26.870995947648563
123145.30027572566,0.03835587321597508,7.552661613301263e-05,-26.917753945704693
123357.10065550386,0.038488564954833826,7.606783911286307e-05,-26.964595236075176
123569.26531553316,0.03862171071935407,7.661260565730498e-05,-27.011519977508037
123781.79488234712,0.038755312049706905,7.716093596815254e-05,-27.058528329110203
123994.68998355715,0.03888937049113626,7.771285031471284e-05,-27.10562045034889
124207.95124785385,0.039023887593992335,7.826836905500066e-05,-27.152796501052574
124421.57930500989,0.0391588649137533,7.882751261259485e-05,-27.20005664141233
124635.57478588031,0.039294304011028014,7.939030147856672e-05,-27.2474010319827
124849.93832240546,0.03943020645157394,7.995675622883776e-05,-27.294829833682975
125064.67054761256,0.03956657380631891,8.052689751067904e-05,-27.342343207798336
125279.77209561759,0.03970340765136763,8.11007460388538e-05,-27.38994131598098
125495.24360162715,0.039840709568019536,8.167832260140333e-05,-27.43762432025131
125711.08570194036,0.0399784811427983,8.225964805964672e-05,-27.485392382999017
125927.29903395075,0.040116723967437054,8.284474334625228e-05,-27.533245666984335
126143.88423614805,0.040255439638925174,8.343362945945136e-05,-27.581184335339167
126360.84194812021,0.04039462975950308,8.402632747846744e-05,-27.629208551568254
126578.17281055519,0.0405342959366955,8.462285853458638e-05,-27.677318479550387
126795.87746524262,0.04067443978330059,8.522324384394319e-05,-27.725514283539482
127013.95655507676,0.04081506291743657,8.582750468437824e-05,-27.773796128166087
127232.41072405678,0.04095616696252697,8.643566240122307e-05,-27.82216417843815
127451.24061728979,0.04109775354734728,8.704773840730025e-05,-27.870618599742496
127670.44688099214,0.041239824306017844,8.766375416942285e-05,-27.919159557845934
127890.0301624924,0.041382380878019764,8.828373125275286e-05,-27.967787218896643
128109.99111023176,0.04152542490822238,8.890769124751303e-05,-28.01650174942513
128330.33037376685,0.04166895804689906,8.953565583070295e-05,-28.065303316345606
128551.04860377157,0.04181298194973364,9.016764674295547e-05,-28.114192086957214
128772.14645203891,0.04195749827783235,9.080368577696461e-05,-28.163168228945224
128993.62457148287,0.04210250869775509,9.144379479291459e-05,-28.212231910382336
129215.48361614042,0.04224801488152744,9.208799571269375e-05,-28.261383299729857
129437.72424117343,0.042394018506641186,9.273631052375181e-05,-28.31062256583902
129660.34710287061,0.04254052125608739,9.338876125017013e-05,-28.359949877952193
129883.3528586494,0.042687524818356914,9.404537000666329e-05,-28.409365405704172
130106.74216705772,0.04283503088748885,9.47061589349342e-05,-28.458869319123394
130330.5156877769,0.04298304116302876,9.537115024996105e-05,-28.508461788633458
130554.67408162213,0.04313155735010971,9.604036622456818e-05,-28.558142985054037
130779.21801054534,0.04328058115941631,9.671382917206821e-05,-28.607913079602387
131004.14813763676,0.04343011430723115,9.739156147133419e-05,-28.657772243894602
131229.46512712786,0.043580158515435216,9.807358554944169e-05,-28.70772064994706
131455.16964439175,0.04373071551152945,9.875992388552605e-05,-28.757758470177443
131681.26235594618,0.04388178702865432,9.945059900113896e-05,-28.80788587740625
131907.7439294553,0.04403337480559981,0.00010014563348339204,-28.85810304485809
132134.61503373148,0.04418548058682116,0.00010084504994831259,-28.90841014616298
132361.87633873755,0.044338106122464166,0.00010154887107748754,-28.958807355357692
132589.52851558852,0.04449125316835404,0.00010225711958141922,-29.009294846887116
132817.57223655368,0.04464492348606293,0.00010296981822266898,-29.059872795605564
133046.00817505858,0.04479911884286035,0.00010368698980621367,-29.110541376778137
133274.83700568703,0.044953841011790285,0.00010440865717944569,-29.16130076608212
133504.0594041831,0.04510909177164271,0.00010513484323217274,-29.212151139608316
133733.67604745267,0.04526487290699614,0.00010586557088118872,-29.263092673862317
133963.68761356684,0.04542118620821212,0.0001066008630934171,-29.314125545766252
134194.09478176205,0.04557803347148355,0.00010734074286855316,-29.365249932659662
134424.89823244317,0.04573541649880421,0.00010808523324870692,-29.416466012301225
134656.0986471852,0.04589333709804001,0.00010883435728754504,-29.46777396287
134887.6967087361,0.04605179708288904,0.00010958813808693453,-29.519173962967137
135119.69310101727,0.04621079827294117,0.00011034659878344232,-29.57066619161679
135352.08850912677,0.046370342493670724,0.00011110976252519148,-29.622250828267937
135584.8836193409,0.04653043157645961,0.00011187765249886192,-29.673928052795656
135818.07911911636,0.04669106735861301,0.00011265029191618987,-29.725698045502575
136051.67569709214,0.046852251683380565,0.00011342770400432456,-29.777560987120307
136285.67404309168,0.04701398639995663,0.00011420991202125712,-29.829517058810918
136520.07484812493,0.0471762733635169,0.00011499693924617736,-29.88156644216839
136754.8788043902,0.04733911443521854,0.00011578880895825859,-29.93370931922002
136990.08660527645,0.04750251148222341,0.00011658554447330154,-29.985945872427962
137225.69894536506,0.04766646637770585,0.00011738716911480478,-30.038276284690678
137461.71652043195,0.047830981000889235,0.0001181937062139645,-30.090700739344342
137698.14002745037,0.047996057237038495,0.00011900517912124623,-30.14321942016459
137934.97016459165,0.04816169697748511,0.00011982161117938387,-30.1958325113677
138172.20763122773,0.04832790211965406,0.00012064302576002346,-30.248540197612144
138409.85312793445,0.04849467456704859,0.00012146944621936472,-30.30134266400047
138647.9073564916,0.048662016229313564,0.00012230089592516152,-30.354240096080307
138886.37101988634,0.048829929022201,0.00012313739824515015,-30.4072326798462
139125.24482231485,0.04899841486763152,0.00012397897653354867,-30.460320601741078
139364.52946918452,0.049167475693663656,0.00012482565415420033,-30.513504048657804
139604.225667116,0.049337113434557225,0.00012567745445550137,-30.566783207940716
139844.33412394518,0.0495073300307618,0.0001265344007819725,-30.620158267387183
140084.8555487255,0.049678127428926286,0.0001273965164549727,-30.673629415249184
140325.79065172983,0.04984950758193347,0.00012826382479777098,-30.727196840234882
140567.1401444527,0.05002147244891914,0.0001291363490969739,-30.78086073151019
140808.90473961228,0.05019402399525675,0.00013001411263916933,-30.834621278700375
141051.08515115237,0.050367164192612925,0.00013089713867042512,-30.888478671891583
141293.68209424548,0.05054089501892828,0.0001317854504290756,-30.942433101632734
141536.6962852934,0.050715218458463336,0.00013267907110329168,-30.996484758936713
141780.12844193025,0.050890136501788856,0.00013357802387351056,-31.05063383528226
142023.9792830242,0.05106565114582218,0.00013448233188157762,-31.104880522615485
142268.2495286807,0.051241764393819424,0.0001353920182172457,-31.15922501335174
142512.93990024278,0.051418478255429105,0.00013630710594710467,-31.21366750037694
142758.0511202945,0.051595794746665084,0.00013722761808565164,-31.268208177049377
143003.5839126626,0.05177371588993903,0.00013815357761264867,-31.322847237201422
143249.5390024189,0.05195224371409482,0.00013908500744419316,-31.37758487514111
143495.91711588218,0.05213138025439677,0.00014002193045971857,-31.432421285653927
143742.71898062044,0.052311127552554446,0.00014096436946727897,-31.487356664004366
143989.94532545307,0.052491487656743524,0.00014191234723054974,-31.54239120593776
144237.59688045294,0.052672462621622784,0.00014286588643989807,-31.597525107681882
144485.67437694865,0.052854054508333956,0.0001438250097335977,-31.65275856594874
144734.17854752654,0.053036265384534,0.00014478973966311365,-31.70809177793624
144983.1101260327,0.053219097324404475,0.00014576009871624548,-31.763524941329898
145232.46984757629,0.05340255240865698,0.00014673610931327,-31.81905825430485
145482.25844852984,0.05358663272457892,0.0001477177937741547,-31.874691915527155
145732.47666653275,0.0537713403660044,0.0001487051743494154,-31.930426124155876
145983.12524049278,0.05395667743336572,0.00014969827320468723,-31.986261079844684
146234.20491058944,0.0541426460336949,0.00015069711239758127,-32.04219698274394
146485.7164182744,0.05432924828063492,0.00015170171390275624,-32.09823403350203
146737.66050627484,0.05451648629446995,0.00015271209958684655,-32.15437243326749
146990.03791859545,0.05470436220211354,0.00015372829122003382,-32.21061238369068
147242.84940052047,0.05489287813715994,0.00015475031045676074,-32.26695408692568
147496.09569861603,0.055082036239858814,0.0001557781788376594,-32.32339774563204
147749.77756073224,0.05527183865717232,0.00015681191780305163,-32.37994356297666
148003.8957360055,0.055462287542742066,0.00015785154864087633,-32.436591742635635
148258.45097486067,0.055653385056957716,0.00015889709254261923,-32.49334248879608
148513.44402901322,0.05584513336692198,0.00015994857054352557,-32.55019600615803
148768.8756514713,0.05603753464650192,0.0001610060035669584,-32.607152499936234
149024.746596539,0.05623059107632655,0.00016206941237039712,-32.6642121758623
149281.0576198169,0.05642430484379013,0.00016313881758593847,-32.72137524018619
149537.80947820542,0.056618678143109155,0.00016421423968558123,-32.7786418996784
149795.00292990656,0.056813713175268184,0.00016529569898315503,-32.836012361631745
150052.63873442716,0.05700941214811123,0.00016638321564010582,-32.89348683386351
150310.71765257957,0.05720577727629909,0.00016747680964042407,-32.951065524717066
150569.24044648488,0.057402810781347034,0.00016857650080221635,-33.008748643063996
150828.20787957503,0.05760051489163574,0.00016968230876613358,-33.06653639830605
151087.62071659497,0.057798891842433704,0.00017079425299151374,-33.124429000377056
151347.47972360495,0.05799794387587543,0.00017191235274288165,-33.182426659744934
151607.78566798285,0.05819767324103566,0.00017303662709573466,-33.240529587413675
151868.5393184263,0.058398082193890255,0.00017416709492111383,-33.29873799492534
152129.74144495506,0.05859917299735204,0.00017530377488560392,-33.357052094362054
152391.39281891327,0.05880094792128727,0.0001764466854494046,-33.41547209834804
152653.49421297174,0.05900340924251499,0.00017759584483933004,-33.47399822005166
152916.04640112983,0.05920655924483497,0.00017875127106616642,-33.532630673187334
153179.05015871912,0.05941040021904241,0.00017991298191117157,-33.59136967201795
153442.5062624038,0.05961493446292131,0.00018108099491643203,-33.65021543135646
153706.41549018407,0.05982016428127253,0.00018225532737329125,-33.709168166568205
153970.77862139797,0.06002609198593401,0.0001834359963319928,-33.768228093572944
154235.5964367249,0.06023271989577237,0.00018462301857082258,-33.827395428847154
154500.869718186,0.06044005033672032,0.00018581641061346643,-33.886670389425774
154766.59924914778,0.06064808564176825,0.00018701618870200956,-33.946053192904536
155032.785814324,0.06085682815099775,0.000188222368804651,-34.00554405744211
155299.43019977811,0.06106628021156363,0.00018943496661184665,-34.065143201762204
155566.5331929256,0.06127644417773885,0.0001906539974977368,-34.1248508451557
155834.09558253613,0.06148732241090803,0.00019187947655100444,-34.18466720748286
156102.11815873606,0.06169891727958552,0.00019311141854015987,-34.244592509175476
156370.6017130107,0.06191123115942803,0.0001943498379231843,-34.30462697123908
156639.5470382066,0.06212426643324502,0.00019559474882631492,-34.36477081525512
156908.954928534,0.06233802549100932,0.00019684616504597386,-34.42502426338321
157178.82617956877,0.06255251072986184,0.00019810410002755343,-34.48538753836327
157449.16158825613,0.06276772455415458,0.00019936856687891667,-34.54586086351802
157719.96195291093,0.06298366937542098,0.00020063957833761108,-34.60644446275487
157991.22807322146,0.06320034761240538,0.00020191714677472602,-34.6671385605684
158262.96075025102,0.06341776169107359,0.00020320128418717837,-34.72794338204253
158535.16078644173,0.06363591404463083,0.00020449200217842676,-34.788859152853135
158807.8289856148,0.06385480711353031,0.00020578931196811468,-34.849886099269796
159080.96615297426,0.06407444334546249,0.00020709322435735587,-34.9110244481585
159354.57309510917,0.06429482519540183,0.00020840374974994905,-34.97227442698393
159628.6506199957,0.06451595512558647,0.0002097208981041632,-35.03363626381168
159903.19953699972,0.0647378356055382,0.0002110446789635951,-35.09511018731071
160178.22065687922,0.06496046911208986,0.00021237510141474086,-35.156696426755666
160453.71479178657,0.06518385812936128,0.00021371217409856723,-35.2183952120293
160729.68275527094,0.06540800514880783,0.00021505590518929745,-35.28020677362481
161006.1253622808,0.06563291266918654,0.00021640630238476858,-35.34213134264828
161283.043429166,0.06585858319660276,0.00021776337289100285,-35.404169150821055
161560.43777368127,0.06608501924450702,0.00021912712343570822,-35.46632043048239
161838.309214987,0.06631222333370126,0.0002204975602258495,-35.52858541459154
162116.65857365265,0.0665401979923415,0.00022187468895150568,-35.59096433673046
162395.4866716588,0.06676894575596122,0.00022325851477044182,-35.65345743110615
162674.7943324006,0.0669984691674721,0.00022464904230618037,-35.71606493255345
162954.5823806886,0.06722877077716635,0.00022604627562485867,-35.77878707653712
163234.85164275215,0.06745985314274212,0.0002274502182275149,-35.841624099154586
163515.60294624165,0.06769171882929456,0.00022886087303851662,-35.90457623713846
163796.837120231,0.06792437040932378,0.0002302782423882041,-35.96764372785908
164078.55499522015,0.06815781046275651,0.0002317023280148192,-36.03082680932703
164360.75740313728,0.06839204157694266,0.00023313313103557682,-36.09412572019576
164643.44517734155,0.06862706634665577,0.0002345706519331652,-36.15754069976419
164926.61915262532,0.06886288737412401,0.00023601489056153236,-36.22107198797925
165210.2801652169,0.06909950726900188,0.00023746584611310012,-36.28471982543856
165494.42905278265,0.06933692864841459,0.00023892351711490766,-36.348484453393034
165779.06665442945,0.0695751541369355,0.00024038790140739748,-36.41236611374948
166064.19381070833,0.06981418636660165,0.00024185899614055862,-36.47636504907353
166349.811363615,0.07005402797691607,0.0002433367977565701,-36.54048150259195
166635.92015659373,0.07029468161486144,0.0002448213019647294,-36.60471571819553
166922.52103453898,0.07053614993490419,0.0002463125037356677,-36.669067940441714
167209.61484379953,0.07077843559898708,0.0002478103972955645,-36.733538414557636
167497.20243217872,0.07102154127653902,0.00024931497609143353,-36.79812738644239
167785.2846489384,0.07126546964450019,0.0002508262327911236,-36.86283510267009
168073.86234480102,0.0715102233872781,0.00025234415925439027,-36.92766181049252
168362.93637195232,0.07175580519680531,0.0002538687465348251,-36.9926077578421
168652.5075840437,0.07200221777251653,0.0002553999848432133,-37.0576731933345
168942.5768361947,0.07224946382133923,0.0002569378635436771,-37.122858366271565
169233.14498499566,0.07249754605772624,0.00025848237114981963,-37.18816352664411
169524.2128885102,0.07274646720363478,0.0002600334952630104,-37.253588925134856
169815.78140627773,0.07299622998853811,0.0002615912226090298,-37.319134813121224
170107.851399316,0.07324683714942735,0.0002631555389821404,-37.38480144267826
170400.42373012326,0.07349829143080781,0.0002647264292508739,-37.4505890665815
170693.49926268228,0.07375059558471804,0.0002663038773213888,-37.51649793831012
170987.0788624608,0.07400375237069926,0.0002678878661355424,-37.58252831204952
171281.16339641498,0.07425776455582209,0.0002694783776381063,-37.648680442694406
171575.75373299324,0.07451263491468267,0.0002710753927709811,-37.71495458585214
171870.85074213656,0.07476836622938923,0.0002726788914384832,-37.781350997845166
172166.4552952825,0.07502496128957341,0.0002742888525034883,-37.84786993571433
172462.5682653675,0.07528242289239212,0.0002759052537623611,-37.914511657221915
172759.19052682925,0.0755407538425178,0.00027752807191602763,-37.981276420854606
173056.32295560953,0.07579995695213637,0.00027915728256033297,-38.04816448582663
173353.96642915657,0.07606003504095471,0.00028079286016097145,-38.115176112082814
173652.12182642784,0.07632099093618516,0.0002824347780303442,-38.182311560301656
173950.79002789245,0.07658282747256247,0.00028408300831984646,-38.2495710918985
174249.97191553397,0.07684554749231304,0.0002857375219677968,-38.316954969028686
174549.66837285276,0.07710915384517565,0.0002873982887129382,-38.384463454590644
174849.88028486853,0.07737364938839544,0.00028906527704043977,-38.452096812229094
175150.6085381241,0.07763903698669304,0.0002907384541934689,-38.51985530633844
175451.8540206861,0.0779053195122967,0.00029241778611147805,-38.587739202065634
175753.61762214886,0.07817249984491717,0.0002941032374340637,-38.65574876531365
176055.9002336364,0.07844058087173197,0.00029579477146818143,-38.72388426274467
176358.7027478065,0.07870956548741564,0.00029749235016693327,-38.792145961783525
176662.02605885116,0.07897945659408385,0.000299195934092926,-38.86053413062072
176965.87106250066,0.07925025710132359,0.00030090548241441546,-38.929049038215915
177270.2386560259,0.07952196992618703,0.0003026209528609512,-38.99769095430123
177575.12973824094,0.07979459799314312,0.00030434230170216296,-39.06646014938462
177880.54520950586,0.08006814423411548,0.00030606948373040584,-39.13535689475325
178186.48597172915,0.08034261158845316,0.00030780245222604695,-39.204381462476874
178492.95292837062,0.08061800300292055,0.0003095411589266103,-39.27353412541129
178799.9469844439,0.08089432143167764,0.00031128555400749245,-39.34281515720174
179107.4690465192,0.08117156983630258,0.0003130355860568931,-39.41222483228641
179415.52002272595,0.08144975118574496,0.00031479120203531635,-39.48176342589987
179724.10082275514,0.08172886845632733,0.0003165523472543586,-39.55143121407657
180033.21235786343,0.08200892463174825,0.0003183189653458531,-39.621228473654604
180342.8555408737,0.08228992270303959,0.0003200909982406576,-39.69115548227886
180653.03128617918,0.08257186566857742,0.00032186838612044167,-39.76121251840485
180963.74050974537,0.08285475653405638,0.00032365106740033195,-39.83139986130214
181274.98412911434,0.08313859831248514,0.00032543897869998536,-39.90171779105834
181586.7630634051,0.08342339402415322,0.0003272320547973053,-39.9721665885822
181899.07823331782,0.08370914669663973,0.00032903022862073,-40.04274653560766
182211.93056113634,0.0839958593647821,0.0003308334311875196,-40.1134579146974
182525.32097073057,0.08428353507065414,0.00033264159159411615,-40.18430100924651
182839.25038755953,0.08457217686355958,0.00033445463696985987,-40.255276103486324
183153.7197386739,0.08486178780002354,0.00033627249245384857,-40.326383482488076
183468.7299527189,0.08515237094374012,0.00033809508114479727,-40.39762343216674
183784.28195993678,0.08544392936558293,0.00033992232408368327,-40.4689962392848
184100.37669216993,0.08573646614357747,0.00034175414020360615,-40.540502191456056
184417.01508286293,0.08602998436287533,0.00034359044629700386,-40.6121415771494
184734.198067067,0.08632448711573615,0.0003454311569963705,-40.68391468569309
185051.9265814404,0.08661997750151508,0.0003472761847067579,-40.75582180727798
185370.2015642528,0.08691645862660456,0.00034912543958456486,-40.82786323296199
185689.0239553872,0.08721393360446766,0.00035097882951053947,-40.90003925467363
186008.3946963443,0.08751240555554733,0.00035283626002806747,-40.9723501652166
186328.31473024294,0.08781187760731302,0.00035469763431810413,-41.044796258273
186648.7850018244,0.08811235289416613,0.0003565628531471052,-41.117377828407875
186969.80645745498,0.08841383455746367,0.000358431814849673,-41.19009517107309
187291.38004512846,0.08871632574545993,0.00036030441526105936,-41.262948582611436
187613.50671446923,0.08901982961329387,0.00036218054768824006,-41.33593836026067
187936.18741673493,0.08932434932296121,0.0003640601028597751,-41.409064802157744
188259.42310481932,0.08962988804326749,0.00036594296890459757,-41.48232820734285
188583.21473325495,0.08993644894982689,0.0003678290312671597,-41.555728875763656
188907.56325821625,0.09024403522499222,0.0003697181727132221,-41.62926710827945
189232.46963752207,0.09055265005785378,0.0003716102732353565,-41.702943206665466
189557.9348306383,0.09086229664419038,0.0003735052100490929,-41.776757473616904
189883.9597986822,0.09117297818645086,0.00037540285751577925,-41.85071021275379
190210.5455044229,0.09148469789369366,0.0003773030871097999,-41.92480172862447
190537.6929122858,0.09179745898156454,0.0003792057673703644,-41.99903232671061
190865.4029883547,0.09211126467227042,0.0003811107638494402,-42.073402313431096
191193.6767003761,0.09242611819452462,0.00038301793905775575,-42.14791199614698
191522.51501775978,0.09274202278350735,0.0003849271524378049,-42.2225616831653
191851.91891158329,0.09305898168084525,0.00038683826027127857,-42.2973516837439
192181.88935459423,0.09337699813453552,0.00038875111566749767,-42.37228230809581
192512.4273212134,0.09369607539895228,0.0003906655684862739,-42.447353867393765
192843.53378753742,0.09401621673475147,0.0003925814653051282,-42.522566673774726
193175.20973134178,0.09433742540886954,0.00039449864933636594,-42.59792104034446
193507.45613208358,0.09465970469445327,0.00039641696040393836,-42.67341728118214
193840.27397090467,0.09498305787081635,0.00039833623486630355,-42.74905571134502
194173.66423063423,0.09530748822339771,0.00040025630557014534,-42.82483664687299
194507.62789579187,0.09563299904372391,0.00040217700178480563,-42.90076040479331
194842.1659525902,0.09595959362933121,0.000404098149148289,-42.97682730312529
195177.27938893912,0.09628727528373354,0.000406019569617124,-43.05303766088534
195512.96919444646,0.09661604731637713,0.0004079410813930819,-43.1293917980912
195849.2363604226,0.09694591304256253,0.00040986249886339535,-43.205890035767176
196186.08187988237,0.09727687578342593,0.00041178363255062005,-43.282532695948746
196523.50674754984,0.09760893886584218,0.000413704289041282,-43.359320101687786
196861.51195985862,0.09794210562240223,0.0004156242709183822,-43.436252577057054
197200.09851495657,0.09827637939133896,0.0004175433767016154,-43.513330447155326
197539.26741270826,0.09861176351647029,0.00041946140078951777,-43.59055403811235
197879.01965469794,0.09894826134713267,0.0004213781333823285,-43.66792367709391
198219.35624423253,0.09928587623813748,0.00042329336041642315,-43.74543969230674
198560.27818634457,0.09962461154968731,0.0004252068635026043,-43.823102413003745
198901.78648779512,0.09996447064731517,0.00042711841983546336,-43.900912169488926
199243.8821570769,0.100305456901839,0.0004290278021721707,-43.97886929312273
199586.56620441706,0.1006475736892607,0.00043093477868976697,-44.05697411632701
199929.83964177986,0.10099082439072823,0.00043283911297359583,-44.135226972590274
200273.70348287135,0.1013352123924386,0.00043474056391316625,-44.213628196473294
200618.1587431398,0.10168074108558836,0.00043663888564430034,-44.29217812361378
200963.20643978036,0.10202741386628424,0.000438533827446924,-44.37087709073202
201308.84759173734,0.10237523413548219,0.0004404251337045714,-44.4497254356362
201655.08321970876,0.1027242052988961,0.00044231254379253324,-44.528723497227986
202001.9143461469,0.10307433076693504,0.00044419579202000447,-44.60787161550747
202349.34199526298,0.10342561395461176,0.00044607460754523176,-44.68717013157901
202697.36719302982,0.10377805828146663,0.00044794871428294734,-44.766619387656576
203045.99096718486,0.10413166717148771,0.00044981783083494536,-44.84621972706934
203395.2143472331,0.10448644405300789,0.0004516816704090863,-44.92597149426716
203745.0383644502,0.10484239235865925,0.0004535399407151595,-45.005875034826275
204095.46405188568,0.10519951552523783,0.00045539234388581657,-45.08593069545488
204446.49244436563,0.10555781699365224,0.00045723857641678984,-45.16613882399885
204798.1245784961,0.10591730020880367,0.0004590783290183982,-45.24649976944739
205150.36149266595,0.10627796861950603,0.0004609112865981938,-45.32701388193889
205503.2042270496,0.106639825678402,0.0004627371281047528,-45.407681512766565
205856.65382361173,0.10700287484184508,0.00046455552647368004,-45.48850301438465
206210.7113261079,0.10736711956980816,0.00046636614851575646,-45.56947874041373
206565.3777800892,0.10773256332579403,0.0004681686548282293,-45.65060904564705
206920.65423290466,0.10809920957672306,0.0004699626997003162,-45.73189428605627
207276.54173370582,0.1084670617928227,0.0004717479310071389,-45.81333481879781
207633.0413334475,0.10883612344752853,0.000473523990113298,-45.89493100221835
207990.15408489245,0.10920639801738335,0.00047529051176680614,-45.976683195861234
208347.88104261414,0.10957788898191904,0.00047704712400844937,-46.058591760472616
208706.22326299982,0.10995059982353683,0.00047879344805800463,-46.140657058007456
209065.18180425357,0.11032453402740809,0.00048052909820624424,-46.22287945163582
209424.7577263996,0.11069969508133742,0.00048225368171465356,-46.30525930574916
209784.9520912852,0.11107608647567124,0.0004839667986958627,-46.38779698596644
210145.76596258403,0.11145371170314931,0.00048566804201722187,-46.47049285914068
210507.2004057991,0.11183257425879632,0.0004873569971773753,-46.553347293365135
210869.25648826564,0.1122126776397943,0.000489033242196336,-46.63636065797975
211231.93527915588,0.11259402534535526,0.0004906963474997742,-46.71953332357797
211595.23784947966,0.11297662087658594,0.0004923458758090907,-46.80286566201261
211959.16527208927,0.1133604677363548,0.0004939813819929204,-46.886358046402826
212323.71862168188,0.11374556942917591,0.0004956024129938471,-46.970010851140614
212688.8989748042,0.11413192946103394,0.000497208507666406,-47.05382445189765
213054.7074098534,0.11451955133928153,0.0004987991966710144,-47.13779922563158
213421.1450070817,0.11490843857247378,0.0005003740023389715,-47.221935550593024
213788.21284859936,0.11529859467023712,0.000501932438560603,-47.30623380633228
214155.9120183777,0.11569002314311529,0.0005034740106290475,-47.39069437370619
214524.2436022525,0.11608272750240774,0.0005049982151380415,-47.47531763488499
214893.208687927,0.11647671126004235,0.0005065045398257061,-47.56010397335922
215262.8083649752,0.1168719779283929,0.0005079924634511171,-47.64505377394671
215633.0437248452,0.11726853102014621,0.0005094614556535181,-47.730167422799624
216003.91586086215,0.11766637404811388,0.000510910976807677,-47.81544530741144
216375.42586823172,0.1180655105250994,0.0005123404778946694,-47.90088781662418
216747.57484404283,0.11846594396368737,0.0005137494003514473,-47.9864953406354
217120.36388727257,0.11886767787612759,0.0005151371759223368,-48.072268271005846
217493.79409878692,0.11927071577411866,0.0005165032265047492,-48.15820700066607
217867.86658134565,0.11967506116865984,0.000517846964027676,-48.24431192392422
218242.58243960477,0.12008071756984608,0.0005191677902703993,-48.33058343647316
218617.94278012158,0.12048768848671433,0.0005204650967159157,-48.41702193539829
218993.94871135516,0.12089597742702905,0.0005217382644062864,-48.50362781918447
219370.6013436716,0.12130558789712483,0.0005229866637709888,-48.59040148772386
219747.90178934665,0.12171652340169385,0.0005242096544591236,-48.67734334232348
220125.8511625691,0.1221287874435925,0.000525406585204406,-48.7644537857128
220504.45057944412,0.12254238352365737,0.0005265767936419434,-48.851733222051394
220883.70115799643,0.12295731514047976,0.0005277196061192257,-48.9391820569368
221263.60401817368,0.12337358579022165,0.0005288343375688295,-49.02680069741217
221644.16028184976,0.12379119896640925,0.0005299202913097628,-49.11458955197418
222025.3710728281,0.12421015815969422,0.0005309767588623117,-49.202549030580975
222407.23751684494,0.12463046685766789,0.0005320030198014538,-49.29067954466007
222789.7607415723,0.1250521285446209,0.0005329983415504885,-49.378981507116286
223172.94187662305,0.12547514670134802,0.0005339619792055207,-49.46745533234023
223556.78205355152,0.12589952480487349,0.0005348931753425878,-49.55610143621583
223941.2824058587,0.12632526632828095,0.0005357911598614274,-49.644920236128904
224326.4440689947,0.12675237474041778,0.0005366551497424587,-49.73391215097519
224712.2681803638,0.12718085350571187,0.0005374843488924773,-49.82307760116917
225098.75587932524,0.12761070608388764,0.0005382779479440611,-49.91241700865163
225485.90830719826,0.1280419359297429,0.0005390351240279781,-50.00193079689867
225873.72660726513,0.128474546492903,0.0005397550406111601,-50.091619390929985
226262.21192477446,0.12890854121753137,0.0005404368472536787,-50.18148321731747
226651.36540694453,0.12934392354211616,0.0005410796794274318,-50.271522704193735
227041.1882029669,0.12978069689917512,0.0005416826583039713,-50.36173828126091
227431.68146400954,0.130218864714995,0.0005422448905153311,-50.452130379799236
227822.84634322033,0.13065843040938405,0.0005427654679572795,-50.54269943267594
228214.6839957305,0.1310993973953545,0.0005432434675713571,-50.633445874354045
228607.1955786576,0.13154176907886778,0.0005436779511114829,-50.72437014090122
229000.38225111068,0.1319855488585531,0.0005440679649163464,-50.81547266999916
229394.245174191,0.13243074012540174,0.0005444125396914376,-50.906753900952005
229788.7855109972,0.13287734626247627,0.0005447106902563624,-50.99821427469584
230184.004426628,0.13332537064462374,0.0005449614153384415,-51.08985423380776
230579.90308818736,0.13377481663814947,0.0005451636972853068,-51.18167422251533
230976.48266478517,0.13422568760053394,0.000545316501879708,-51.273674686705554
231373.74432754258,0.13467798688008964,0.0005454187780405345,-51.365856073934424
231771.68924959493,0.13513171781565947,0.0005454694576106165,-51.45821883343634
232170.31860609533,0.13558688373630395,0.0005454674550731697,-51.550763416133634
232569.63357421797,0.1360434879609315,0.0005454116673145205,-51.64349027464616
232969.6353331618,0.1365015337980087,0.0005453009733559719,-51.73639986330093
233370.32506415382,0.1369610245451851,0.0005451342340875958,-51.829492638141794
233771.7039504527,0.13742196348897537,0.0005449102919865927,-51.92276905693925
234173.77317735215,0.1378843539043651,0.0005446279708819332,-52.016229579200356
234576.5339321846,0.13834819905451995,0.0005442860756360694,-52.10987466617857
234979.987404324,0.138813502190352,0.0005438833918883556,-52.20370478088371
235384.13478519148,0.1392802665502021,0.0005434186857579662,-52.297720388092486
235788.9772682558,0.1397484953594392,0.0005428907035718801,-52.39192195435785
236194.51604903894,0.14021819183008227,0.0005422981715407917,-52.486309948019844
236600.75232511855,0.14068935916042988,0.000541639795506373,-52.58088483921553
237007.6872961335,0.14116200053464287,0.0005409142605998184,-52.67564709988991
237415.32216378447,0.14163611912236848,0.0005401202309601703,-52.770597203805565
237823.65813183947,0.14211171807832135,0.0005392563494082836,-52.86573562655379
238232.69640613694,0.14258880054186446,0.000538321237155499,-52.961062845564996
238642.4381945892,0.14306736963661115,0.0005373134934544552,-53.05657934011929
239052.8847071861,0.14354742846999136,0.0005362316952981097,-53.15228559135746
239464.03715599864,0.14402898013281018,0.0005350743970859686,-53.24818208229155
239875.8967551824,0.14451202769882787,0.0005338401302903116,-53.34426929781596
240288.46472098125,0.14499657422429413,0.0005325274031204822,-53.44054772471833
240701.74227173094,0.14548262274750554,0.0005311347001775296,-53.53701785169061
241115.73062786262,0.14597017628835543,0.0005296604821069163,-53.6336801693403
241530.43101190598,0.1464592378478501,0.0005281031852512183,-53.730535170201456
241945.84464849494,0.1469498104076419,0.0005264612212951057,-53.82758334874654
242361.97276436808,0.14744189692955903,0.000524732976887174,-53.92482520139709
242778.816588374,0.14793550035508995,0.0005229168132945524,-54.022261226535505
243196.3773514762,0.14843062360491152,0.000521011066017007,-54.11989192451708
243614.65628675392,0.14892726957837377,0.0005190140444164639,-54.21771779768077
244033.6546294077,0.1494254411529908,0.000516924031321454,-54.31573935036159
244453.37361676255,0.14992514118391256,0.0005147392826489055,-54.41395708890214
244873.81448827148,0.15042637250342178,0.000512458027016288,-54.51237152166465
245294.9784855194,0.15092913792034962,0.0005100784653344588,-54.61098315904285
245716.86685222646,0.15143344021958421,0.0005075987703889323,-54.70979251347413
246139.48083425217,0.15193928216147545,0.00050501708644621,-54.80880009945167
246562.82167959862,0.15244666648131006,0.0005023315288427435,-54.90800643353675
246986.89063841442,0.15295559588870342,0.0004995401835468893,-55.007412034370994
247411.6889629984,0.15346607306704874,0.0004966411067304948,-55.10701742268892
247837.2179078026,0.15397810067290937,0.0004936323243385466,-55.206823121330245
248263.47872943836,0.1544916813354401,0.0004905118316549491,-55.3068296552531
248690.4726866765,0.1550068176557592,0.0004872775928451517,-55.407037551545876
249118.20104045363,0.1555235122063531,0.00048392754050454687,-55.507447339440645
249546.66505387428,0.15604176753043028,0.0004804595752030023,-55.60805955032578
249975.86599221718,0.15656158614131493,0.0004768715650139496,-55.70887471775935
250405.8051229356,0.1570829705217636,0.00047316134503574747,-55.80989337748161
250836.4837156632,0.15760592312334076,0.0004693267169361738,-55.9111160674286
251267.9030422174,0.15813044636575094,0.00046536544842940415,-56.01254332774526
251700.06437660306,0.15865654263614107,0.000461275272805048,-56.11417570079897
252132.96899501613,0.15918421428843918,0.0004570538884359553,-56.21601373119284
252566.6181758476,0.1597134636426496,0.0004526989582474371,-56.318057965779396
253001.01319968718,0.16024429298415072,0.0004482081092057561,-56.42030895367428
253436.15534932708,0.16077670456296825,0.0004435789318278151,-56.52276724626991
253872.0459097658,0.1613107005930452,0.00043880897960211503,-56.62543339724946
254308.68616821192,0.1618462832515235,0.000433895768504195,-56.728307962600816
254746.07741408751,0.16238345467797477,0.0004288367763944126,-56.83139150063055
255184.2209390338,0.162922216973643,0.00042362944252177597,-56.93468457197855
255623.11803691203,0.16346257220066307,0.00041827116692747245,-57.038187739631574
256062.77000380924,0.16400452238129465,0.0004127593098888767,-57.14190156893826
256503.1781380412,0.16454806949710316,0.0004070911913442531,-57.24582662762321
256944.34374015822,0.16509321548817618,0.000401264090317437,-57.349963485802185
257386.2681129458,0.16563996225225971,0.0003952752442923517,-57.45431271599608
257828.95256143084,0.16618831164396938,0.00038912184866078865,-57.55887489314625
258272.3983928846,0.1667382654739166,0.0003828010560756643,-57.66365059462925
258716.60691682686,0.1672898255078598,0.0003763099758466819,-57.76864040027197
259161.57944502964,0.16784299346582612,0.000369645673316683,-57.8738448923667
259607.31729152106,0.16839777102122916,0.0003628051692148299,-57.97926465568646
260053.82177258935,0.16895415979996328,0.00035578543904062033,-58.08490027750038
260501.09420678657,0.16951216137949238,0.000348583412363016,-58.19075234758913
260949.1359149327,0.17007177728793904,0.0003411959722044017,-58.2968214582606
261397.94822011873,0.1706330090031216,0.0003336199543473722,-58.40310820436537
261847.53244771305,0.17119585795160622,0.00032585214664727403,-58.5096131833132
262297.88992536184,0.17176032550774523,0.0003178892883678609,-58.61633699508814
262749.0219829953,0.17232641299268864,0.0003097280694417014,-58.72328024226507
263200.92995283054,0.1728941216733815,0.0003013651297941975,-58.83044353002571
263653.6151693774,0.17346345276155634,0.0002927970586097115,-58.937827466175385
264107.07896943967,0.17403440741269707,0.0002840203935957296,-59.04543266115867
264561.3226921206,0.17460698672500252,0.00027503162025277494,-59.15325972807651
265016.3476788267,0.17518119173832516,0.0002658271711134258,-59.26130928270267
265472.15527327167,0.17575702343308994,0.00025640342499479575,-59.36958194350055
265928.74682148005,0.17633448272920815,0.00024675670620854476,-59.47807833164011
266386.12367179175,0.17691357048496725,0.0002368832837824211,-59.586799071014944
266844.28717486555,0.17749428749590035,0.0002267793706798323,-59.695744788259326
267303.2386836832,0.17807663449365088,0.00021644112297501458,-59.804916112765554
267762.9795535536,0.17866061214482265,0.00020586463904551515,-59.91431367670144
268223.5111421167,0.1792462210497778,0.00019504595874726992,-60.023938115027654
268684.8348093467,0.17983346174146358,0.0001839810625722766,-60.13379006551542
269146.95191755885,0.18042233468420582,0.00017266587078307457,-60.24387016876481
269609.86383140954,0.18101284027245795,0.00016109624257610328,-60.35417906822178
270073.5719179029,0.18160497882956755,0.00014926797517557762,-60.464717410196855
270538.07754639373,0.1821987506065095,0.00013717680298131084,-60.575485843882994
271003.3820885936,0.18279415578059569,0.00012481839663162182,-60.68648502137446
271469.48691857164,0.18339119445417185,0.00011218836211247185,-60.797715597684444
271936.39341276087,0.1839898666533059,9.928223982411197e-05,-60.909178230764255
272404.1029499616,0.1845901723264053,8.609550363995471e-05,-61.02087358152177
272872.6169113457,0.1851921113429162,7.26235599711681e-05,-61.13280231384041
273341.9366804604,0.1857956834918822,5.886174677334576e-05,-61.24496509459811
273812.0636432326,0.1864008884805675,4.480533258975355e-05,-61.35736259368638
274282.9991879729,0.18700772593302284,3.044951555014809e-05,-61.46999548402963
274754.7447053797,0.1876161953886541,1.5789422371452582e-05,-61.58286444160463
275227.3015885432,0.18822629630074056,8.201073255716445e-07,-61.69597014545987
275700.67123294977,0.1888380280349333,-1.4463448788048252e-05,-61.809313277735484
276174.8550364851,0.18945138986778312,-3.0066339699830964e-05,-61.92289452368276
276649.85439944104,0.19006638098516146,-4.599373470634841e-05,-62.03671457168468
277125.6707245161,0.19068300048073514,-6.225087979636447e-05,-62.15077411327544
277602.3054168218,0.19130124735437595,-7.884309870271139e-05,-62.26507384316088
278079.7598838858,0.19192112051055257,-9.577579402754403e-05,-62.37961445923892
278558.0355356584,0.1925426187567118,-0.00011305444837732896,-62.49439666262054
279037.1337845132,0.1931657408016289,-0.00013068462547671236,-62.609421157649706
279517.05604525335,0.19379048525372483,-0.00014867197136348947,-62.724688651924666
279997.80373511557,0.19441685061936967,-0.00016702221550941987,-62.840199856318925
280479.37827377394,0.1950448353011677,-0.00018574117207036805,-62.955955485002356
280961.7810833444,0.19567443759618203,-0.000204834741029508,-63.07195625546247
281445.01358838886,0.19630565569419348,-0.000224308909475646,-63.18820288852591
281929.07721591915,0.19693848767586675,-0.00024416975279968676,-63.30469610837999
282413.9733954016,0.1975729315109459,-0.00026442343597415046,-63.42143664259456
282899.70355876116,0.19820898505637335,-0.00028507621482413043,-63.53842522214376
283386.2691403849,0.19884664605443486,-0.00030613443731091123,-63.65566258142813
283873.6715771287,0.19948591213083017,-0.00032760454485139583,-63.77314945829723
284361.91230831796,0.2001267807927448,-0.0003494930736386281,-63.890886594071276
284850.9927757542,0.2007692494268737,-0.00037180665600777634,-64.00887473356417
285340.9144237182,0.20141331529743006,-0.0003945520217636813,-64.12711462510603
285831.6786989764,0.20205897554411828,-0.00041773599959823467,-64.24560702056647
286323.28705078206,0.2027062271800924,-0.00044136551848379636,-64.36435267537686
286815.74093088135,0.20335506708984907,-0.0004654476091024463,-64.48335234855402
287309.0417935175,0.2040054920271278,-0.000489989405270572,-64.60260680272346
287803.1910954348,0.20465749861275984,-0.000514998145419552,-64.72211680414286
288298.1902958832,0.20531108333248216,-0.0005404811740794995,-64.84188312272569
288794.0408566224,0.20596624253475154,-0.000566445943372823,-64.96190653206517
289290.74424192606,0.20662297242847288,-0.0005929000145426804,-65.08218780945816
289788.3019185864,0.20728126908074035,-0.0006198510595028347,-65.20272773592927
290286.71535591845,0.20794112841453866,-0.0006473068624002333,-65.3235270962554
290785.98602576426,0.20860254620637395,-0.0006752753212202159,-65.44458667899
291286.11540249677,0.20926551808392727,-0.0007037644493735987,-65.56590727648778
291787.10496302653,0.20993003952362044,-0.000732782377342792,-65.68748968492999
292288.9561868025,0.21059610584818972,-0.0007623373543425976,-65.80933470434863
292791.6705558186,0.21126371222419085,-0.0007924377499899031,-65.93144313865221
293295.24955461733,0.21193285365948517,-0.0008230920560218228,-66.05381579565076
293799.6946702961,0.2126035250006879,-0.0008543088880015337,-66.176453487082
294305.00739250827,0.21327572093057062,-0.0008860969870879998,-66.29935702863611
294811.1892134699,0.21394943596544863,-0.0009184652217972661,-66.42252723998219
295318.24162796355,0.21462466445248546,-0.0009514225898074016,-66.54596494479424
295826.16613334266,0.21530140056702318,-0.0009849782197839604,-66.66967097077719
296334.964229536,0.21597963830979044,-0.001019141373229819,-66.79364614969354
296844.63741905213,0.21665937150416478,-0.0010539214463526525,-66.91789131738976
297355.1872069838,0.21734059379331644,-0.0010893279719741684,-67.04240731382313
297866.6151010124,0.21802329863735753,-0.0011253706214550616,-67.16719498308859
298378.9226114124,0.21870747931041604,-0.0011620592066511376,-67.29225517344594
298892.11125105585,0.21939312889769844,-0.0011994036818871086,-67.41758873734705
299406.1825354162,0.22008024029250317,-0.0012374141459750708,-67.54319653146327
299921.1379825752,0.22076880619316883,-0.001276100844245857,-67.6690794167136
300436.9791132239,0.22145881909999524,-0.0013154741706077285,-67.79523825829166
300953.70745066856,0.22215027131212597,-0.0013555446696497885,-67.92167392569411
301471.3245208374,0.2228431549243683,-0.0013963230387592563,-68.0483872927494
301989.83185228135,0.22353746182399836,-0.0014378201302680492,-68.17537923764515
302509.23097618076,0.22423318368746498,-0.0014800469536479705,-68.30265064295735
303029.5234263497,0.22493031197710495,-0.0015230146776966493,-68.43020239567899
303550.7107392401,0.22562883793777966,-0.0015667346328049011,-68.55803538724894
304072.7944539465,0.2263287525934533,-0.0016112183132167925,-68.68615051358105
304595.77611221076,0.2270300467437679,-0.0016564773793325757,-68.81454867509365
305119.6572584261,0.2277327109605115,-0.0017025236600429266,-68.94323077673869
305644.4394396422,0.22843673558407704,-0.0017493691551070485,-69.0721977280318
306170.1242055695,0.2291421107198372,-0.001797026037534134,-69.20145044308187
306696.71310858376,0.22984882623450448,-0.001845506656040549,-69.33098984062129
307224.20770373015,0.23055687175242595,-0.0018948235374997941,-69.46081684403585
307752.60954873025,0.23126623665177887,-0.0019449893894392806,-69.59093238139597
308281.92020398297,0.23197691006079674,-0.0019960171025964696,-69.72133738548642
308812.14123257145,0.23268888085387385,-0.0020479197534697693,-69.85203279383741
309343.2742002668,0.23340213764761586,-0.0021007106069249716,-69.98301954875568
309875.3206755349,0.2341166687969114,-0.002154403118846634,-70.1142985973561
310408.2822295373,0.23483246239082226,-0.002209010938813205,-70.2458708915921
310942.16043613874,0.23554950624851367,-0.0022645479128016992,-70.377737388288
311476.95687191054,0.23626778791510053,-0.0023210280859460525,-70.50989904917039
312012.6731161358,0.23698729465740978,-0.002378465705328919,-70.64235684090029
312549.3107508139,0.23770801345971762,-0.00243687522280404,-70.7751117351052
313086.87136066507,0.23842993101939103,-0.002496271297864633,-70.90816470841132
313625.356533135,0.2391530337424742,-0.0025566688005501086,-71.04151674247622
314164.7678583999,0.2398773077392645,-0.002618082814383415,-71.17516882402154
314705.10692937084,0.24060273881973693,-0.0026805286393679776,-71.30912194486572
315246.3753416985,0.24132931248896766,-0.002744021795006624,-71.44337710195724
315788.57469377754,0.24205701394247242,-0.002808578023383046,-71.5779352974077
316331.7065867534,0.24278582806147198,-0.0028742132922392493,-71.71279753852586
316875.77262452367,0.24351573940810484,-0.0029409437981647805,-71.84796483785047
317420.77441374504,0.24424673222054658,-0.003008785969774279,-71.98343821318457
317966.71356383676,0.24497879040810785,-0.003077756470955375,-72.11921868762929
318513.59168698837,0.2457118975461947,-0.003147872204127147,-72.25530728961877
319061.4103981601,0.24644603687125655,-0.003219150313610465,-72.3917050529535
319610.17131509056,0.24718119127563418,-0.0032916081889578217,-72.5284130168356
320159.8760583006,0.24791734330232812,-0.0033652634684143944,-72.66543222590346
320710.52625109843,0.24865447513972117,-0.003440134042350232,-72.80276373026665
321262.123519584,0.24939256861620113,-0.003516238056790934,-72.9404085855411
321814.6694926543,0.25013160519470923,-0.0035935939169716097,-73.07836785288453
322368.16580200766,0.2508715659672155,-0.0036722202909700995,-73.21664259903173
322922.6140821489,0.25161243164913244,-0.003752136113321088,-73.35523389633056
323478.015970394,0.252354182573617,-0.0038333605887712983,-73.49414282277765
324034.37310687447,0.25309679868582385,-0.003915913196008888,-73.63337046205429
324591.6871345446,0.2538402595370313,-0.003999813691486726,-73.77291790356352
325149.9596991824,0.2545845442787592,-0.004085082113288444,-73.91278624246539
325709.19244939735,0.2553296316567193,-0.004171738785028624,-74.05297657971428
326269.3870366335,0.2560755000047445,-0.004259804319829608,-74.19349002209542
326830.54511517746,0.2568221272386001,-0.004349299624347958,-74.33432768226244
327392.66834215896,0.25756949084970776,-0.004440245902845787,-74.47549067877357
327955.75837755855,0.25831756789879634,-0.004532664661317605,-74.6169801361296
328519.81688421185,0.2590663350094549,-0.004626577711690107,-74.75879718481112
329084.84552781447,0.25981576836159553,-0.004722007176048622,-74.90094296131636
329650.84597692674,0.2605658436848219,-0.004818975490960708,-75.04341860819882
330217.8199029789,0.26131653625169643,-0.004917505411816867,-75.18622527410545
330785.76898027596,0.26206782087095315,-0.005017620017259805,-75.32936411381465
331354.69488600246,0.2628196718805338,-0.0051193427136617935,-75.47283628827466
331924.5993002277,0.26357206314063125,-0.005222697239660773,-75.61664296464211
332495.4839059106,0.264324968026544,-0.005327707670769739,-75.76078531632056
333067.35038890364,0.2650783594214827,-0.005434398424025688,-75.9052645229992
333640.2004379614,0.2658322097092463,-0.005542794262718705,-76.05008177069251
334214.03574474045,0.26658649076683777,-0.005652920301191613,-76.19523825177832
334788.85800380784,0.2673411739569125,-0.0057648020096832085,-76.34073516503774
335364.6689126444,0.26809623012018424,-0.005878465219250858,-76.48657371569433
335941.47017165256,0.2688516295676843,-0.005993936126750323,-76.63275511545427
336519.2634841572,0.2696073420729256,-0.006111241299895074,-76.77928058254504
337098.0505564135,0.2703633368639683,-0.006230407682378752,-76.92615134175603
337677.8330976113,0.27111958261535724,-0.006351462599048298,-77.07336862447829
338258.6128198801,0.2718760474399333,-0.006474433761180912,-77.22093366874464
338840.391438294,0.27263269888059183,-0.0065993492718079555,-77.36884771927002
339423.1706708772,0.2733895039018601,-0.006726237631100367,-77.51711202749183
340006.9522386085,0.2741464288813785,-0.006855127741864868,-77.66572785161044
340591.7378654267,0.27490343960128694,-0.006986048915070962,-77.81469645662979
341177.5292782356,0.2756605012394565,-0.007119030875484041,-77.96401911439817
341764.3282069094,0.27641757836062475,-0.007254103767350699,-78.11369710364919
342352.1363842966,0.2771746349073933,-0.007391298160182601,-78.26373171004245
342940.9555462281,0.2779316341911233,-0.00753064505458595,-78.41412422620536
343530.78743151843,0.2786885388826574,-0.007672175888211926,-78.56487595177337
344121.6337819734,0.2794453110029693,-0.007815922541738398,-78.7159881934319
344713.4963423937,0.2802019119136578,-0.007961917344971847,-78.86746226495727
345306.37686058326,0.28095830230730323,-0.00811019308301067,-79.01929948725918
345900.27708734985,0.28171444219769726,-0.008260783002489315,-79.17150118842086
346495.1987765133,0.2824702909099521,-0.008413720817912992,-79.3240687037417
347091.1436849098,0.2832258070704525,-0.008569040718072407,-79.4770033757787
347688.1135723972,0.2839809485966662,-0.008726777372541603,-79.63030655438814
348286.1102018602,0.2847356726868622,-0.008886965938276318,-79.7839795967677
348885.1353392154,0.2854899358096186,-0.009049642066278283,-79.93802386749812
349485.1907534168,0.2862436936932385,-0.009214841908360291,-80.09244073858535
350086.2782164607,0.2869969013150008,-0.009382602123989017,-80.24723158950248
350688.3995033913,0.28774951289024897,-0.009552959887253,-80.40239780723186
351291.55639230483,0.28850148186138863,-0.009725952893867122,-80.55794078630703
351895.75066435797,0.28925276088665247,-0.009901619368330502,-80.71386192885545
352500.9841037686,0.2900033018287823,-0.010079998071117292,-80.87016264463972
353107.2584978242,0.29075305574350985,-0.010261128306006704,-81.02684435110048
353714.57563688536,0.291501972867913,-0.010445049927506046,-81.18390847339805
354322.9373143942,0.2922500026086088,-0.010631803348359241,-81.34135644445557
354932.3453268752,0.29299709352974623,-0.010821429547121645,-81.49918970499994
355542.8014739435,0.2937431933409086,-0.011013970075912316,-81.65740970360478
356154.30755830946,0.2944882488847879,-0.011209467068210735,-81.81601789673242
356766.8653857839,0.29523220612472156,-0.011407963246749255,-81.9750157487759
357380.4767652835,0.29597501013205507,-0.011609501931560361,-82.13440473210127
357995.14350883616,0.2967166050733439,-0.011814127048068855,-82.2941863270894
358610.8674315863,0.2974569341973713,-0.012021883135333408,-82.45436202217816
359227.6503518003,0.2981959398219811,-0.012232815354392312,-82.61493331390422
359845.49409087177,0.2989335633207755,-0.012446969496667227,-82.77590170694491
360464.400473327,0.2996697451095732,-0.012664391992559384,-82.93726871416017
361084.3713268296,0.3004044246327547,-0.012885129920080056,-83.09903585663379
361705.40848218877,0.3011375403493602,-0.013109231013653591,-83.26120466371594
362327.5137733604,0.3018690297190402,-0.013336743672978308,-83.42377667306349
362950.6890374554,0.302598829187823,-0.013567716972069103,-83.58675343068197
363574.9361147436,0.3033268741736582,-0.013802200668346736,-83.75013649096654
364200.2568486621,0.3040530990518119,-0.014040245211883209,-83.91392741674392
364826.6530858164,0.304777437140027,-0.014281901754780273,-84.07812777931193
365454.12667598895,0.30549982068351644,-0.01452722216063398,-84.24273915848129
366082.6794721433,0.30622018083973856,-0.014776259014137667,-84.40776314261568
366712.3133304303,0.3069384476629813,-0.01502906563080919,-84.57320132867248
367343.03011019307,0.30765455008875303,-0.01528569606685324,-84.7390553222427
367974.83167397266,0.3083684159179426,-0.01554620512911653,-84.90532673759111
368607.71988751355,0.30907997180078145,-0.015810648385209566,-85.07201719769589
369241.6966197692,0.30978914322061696,-0.016079082173746952,-85.23912833428808
369876.7637429075,0.31049585447743766,-0.01635156361469012,-85.40666178789107
370512.9231323156,0.3112000286711954,-0.016628150619875857,-85.57461920785909
371150.1766666084,0.311901587684935,-0.016908901903615003,-85.7430022524169
371788.52622762957,0.31260045216767873,-0.017193876993504654,-85.91181258869682
372427.9737004602,0.3132965415170641,-0.01748313624126767,-86.08105189277768
373068.52097342286,0.31398977386181726,-0.017776740833870125,-86.25072184972231
373710.16993809014,0.31468006604396365,-0.01807475280464743,-86.42082415361538
374352.92248928564,0.3153673336007892,-0.018377235044653027,-86.59136050759963
374996.7805250928,0.3160514907466204,-0.018684251314137267,-86.76233262391294
375641.7459468594,0.31673245035431286,-0.018995866254128815,-86.9337422239247
376287.8206592037,0.31741012393654816,-0.019312145398230084,-87.1055910381715
376935.00657001947,0.31808442162687234,-0.01963315518448697,-87.27788080639246
377583.305590482,0.3187552521604765,-0.019958962967489877,-87.45061327756434
378232.7196350539,0.31942252285476413,-0.020289637030535324,-87.62379020993596
378883.25062149,0.3200861395896384,-0.020625246598027412,-87.79741337106199
379534.900470844,0.3207460067875716,-0.020965861847962033,-87.97148453783683
380187.67110747343,0.3214020273933875,-0.02131155392462763,-88.14600549652715
380841.5644590448,0.3220541028538123,-0.021662394951410875,-88.32097804280427
381496.58245654235,0.3227021330967606,-0.02201845804381211,-88.49640398177677
382152.72703426937,0.32334601651036626,-0.02237981732255215,-88.67228512802048
382810.00012985646,0.3239856499217241,-0.02274654792695073,-88.84862330560988
383468.40368426626,0.32462092857539754,-0.02311872602834027,-89.02542034814768
384127.93964180193,0.3252517461116461,-0.02349642884376013,-89.20267809879483
384788.60995010834,0.3258779945443875,-0.023879734649755804,-89.3803984102981
385450.416560181,0.32649956423884385,-0.024268722796328218,-89.5585831450186
386113.361426371,0.3271163438889878,-0.024663473721158326,-89.73723417495877
386777.4465063905,0.3277282204946502,-0.025064068963869816,-89.91635338178887
387442.67376131925,0.32833507933833767,-0.025470591180565397,-90.09594265687247
388109.04515560955,0.328936803961842,-0.02588312415850003,-90.27600390129132
388776.5626570924,0.3295332761424627,-0.02630175283095943,-90.45653902586919
389445.2282369836,0.33012437586901505,-0.026726563292264187,-90.63754995119506
390115.0438698889,0.33070998131751195,-0.027157642813021035,-90.81903860764507
390786.0115338105,0.33128996882654493,-0.027595079855524382,-91.00100693540419
391458.1332101518,0.331864212872395,-0.0280389640893338,-91.18345688448576
392131.4108837263,0.3324325860438227,-0.028489386407086315,-91.366390414752
392805.846542759,0.33299495901655796,-0.028946438940424285,-91.54980949593092
393481.4421788952,0.33355120052747517,-0.029410215076198218,-91.73371610763427
394158.19978720474,0.3341011773484867,-0.02988080947280513,-91.91811223937336
394836.12136619154,0.3346447542601066,-0.030358318076715313,-92.10299989057496
395515.20891779417,0.33518179402469717,-0.030842838139258193,-92.28838107059376
396195.46444739524,0.33571215735940846,-0.03133446823356539,-92.47425779872601
396876.8899638264,0.3362357029087937,-0.031833308271667096,-92.6606321042207
397559.4874793745,0.33675228721711614,-0.03233945952190711,-92.84750602628985
398243.2590097872,0.3372617647003187,-0.03285302462645389,-93.03488161411721
398928.20657427906,0.3377639876176605,-0.033374107619067325,-93.22276092686613
399614.3321955378,0.33825880604305847,-0.03390281394308142,-93.41114603368554
400301.63789972966,0.33874606783604716,-0.034439250469561436,-93.60003901371479
400990.12571650604,0.3392256186124707,-0.03498352551570017,-93.78944195608713
401679.7976790081,0.33969730171477086,-0.03553574886342073,-93.97935695993118
402370.6558238765,0.34016095818198416,-0.03609603177819251,-94.16978613437222
403062.70219125214,0.3406164267193734,-0.03666448702806931,-94.36073159852963
403755.9388247859,0.341063543667749,-0.03724122890293799,-94.55219548151494
404450.36777164234,0.34150214297238524,-0.03782637323398376,-94.74417992242685
405145.9910825098,0.3419320561516767,-0.038420037413405154,-94.93668707034591
405842.81081160106,0.3423531122653594,-0.03902234041432378,-95.1297190843252
406540.82901666284,0.34276513788241847,-0.039633402810927705,-95.32327813338152
407240.04775898095,0.34316795704867065,-0.04025334679885867,-95.51736639648344
407940.4691033865,0.34356139125394086,-0.04088229621578409,-95.71198606253807
408642.095118262,0.34394525939891407,-0.04152037656229398,-95.90713933037529
409344.92787554726,0.34431937776160515,-0.04216771502289821,-96.10282840873056
410048.96945074585,0.3446835599635053,-0.042824440487374535,-96.29905551622551
410754.22192293097,0.34503761693531965,-0.043490683572300314,-96.49582288134611
411460.6873747516,0.34538135688237426,-0.044166576642829324,-96.69313274241931
412168.3678924389,0.3457145852496418,-0.04485225383469689,-96.89098734758694
412877.2655658111,0.34603710468641313,-0.04554785107650604,-97.08938895477733
413587.3824882834,0.34634871501058806,-0.046253506112202455,-97.28833983167593
414298.72075686906,0.3466492131725802,-0.046969358523843416,-97.48784225569096
415011.2824721888,0.34693839321890346,-0.04769554975458287,-97.68789851391915
415725.0697384754,0.3472160462553376,-0.048432223131919076,-97.88851090310749
416440.08466358326,0.3474819604097016,-0.04917952389116944,-98.08968172961406
417156.32935898966,0.3477359207943519,-0.04993759919924835,-98.29141330936353
417873.80593980436,0.34797770946817824,-0.0507065981786322,-98.49370796780282
418592.5165247747,0.34820710539832017,-0.05148667193161444,-98.6965680398523
419312.4632362924,0.34842388442143624,-0.05227797356482644,-98.89999586985505
420033.64820039936,0.3486278192046589,-0.053080658213984284,-99.10399381152271
420756.0735467941,0.3488186792061275,-0.05389488306892566,-99.30856422787879
421479.74140883813,0.34899623063513957,-0.05472080739886521,-99.51370949119877
422204.65392356215,0.34916023641196664,-0.05555859257796433,-99.71943198294731
422930.81323167233,0.34931045612723943,-0.05640840211111899,-99.92573409371218
423658.2214775568,0.3494466460009849,-0.057270401660035254,-100.13261822313501
424386.88080929086,0.3495685588412869,-0.05814475906954175,-100.34008677983863
425116.7933786471,0.3496759440025316,-0.059031644394225674,-100.54814218135239
425847.9613410964,0.34976854734333673,-0.059931229925260655,-100.75678685403115
426580.3868558165,0.34984611118402187,-0.06084369021755243,-100.9660232329734
427314.0720857019,0.3499083742637822,-0.061769202117149265,-101.17585376193591
428049.0191973642,0.3499550716974512,-0.06270794478890127,-101.38628089324202
428785.23036114237,0.3499859349318576,-0.06366009974440033,-101.59730708768919
429522.70775110804,0.35000069170186254,-0.0646258508702239,-101.80893481445115
430261.4535450723,0.34999906598599717,-0.06560538445637219,-102.0211665509766
431001.4699245917,0.3499807779617317,-0.06659888922505283,-102.23400478288393
431742.75907497515,0.34994554396036825,-0.06760655635973258,-102.44745200385184
432485.32318528986,0.34989307642159684,-0.06862857953440608,-102.6615107155057
433229.16444836813,0.34982308384764693,-0.06966515494321263,-102.87618342730002
433974.28506081394,0.3497352707571002,-0.07071648133025048,-103.09147265639645
434720.687223009,0.3496293376383442,-0.07178276001975523,-103.30738092753715
435468.37313911883,0.349504980902658,-0.07286419494647917,-103.52391077291378
436217.3450171025,0.34936189283695396,-0.07396099268637399,-103.74106473203297
436967.60506871395,0.34919976155617044,-0.07507336248756853,-103.95884535157474
437719.15550951206,0.34901827095531074,-0.0762015163015878,-104.17725518524855
438471.9985588654,0.34881710066113286,-0.07734566881486889,-104.39629679364305
439226.13643996237,0.3485959259835326,-0.07850603748054956,-104.61597274407232
439981.57137981243,0.3483544178665581,-0.07968284255053582,-104.83628561041479
440738.30560925615,0.34809224283910967,-0.0808763071078143,-105.05723797294912
441496.34136297106,0.3478090629653019,-0.08208665709911649,-105.27883241818412
442255.680879478,0.3475045357945419,-0.08331412136773046,-105.50107153868294
443016.32640114817,0.3471783143112553,-0.08455893168674804,-105.72395793288251
443778.28017420915,0.3468300468843253,-0.08582132279241608,-105.94749420490686
444541.54444875213,0.3464593772162212,-0.08710153241789254,-106.17168296437512
445306.12147873815,0.34606594429183757,-0.08839980132720338,-106.39652682620373
446072.0135220049,0.3456493823270488,-0.0897163733494788,-106.62202841040266
446839.2228402733,0.3452093207169673,-0.09105149541348763,-106.84819034186577
447607.7516991535,0.34474538398396093,-0.09240541758238964,-107.07501525015502
448377.6023681551,0.3442571917253502,-0.09377839308880626,-107.30250576927943
449148.77712068806,0.3437443585609212,-0.09517067837010845,-107.53066453746541
449921.27823407354,0.34320649408012044,-0.09658253310397719,-107.75949419692328
450695.10798954865,0.34264320278905347,-0.09801422024426795,-107.9889973936057
451470.2686722767,0.3420540840572479,-0.09946600605707358,-108.21917677696095
452246.7625713485,0.34143873206418646,-0.1009381601570519,-108.45003499967707
453024.59197979304,0.3407967357456324,-0.10243095554405549,-108.68157471742164
453803.75919458293,0.34012767873976363,-0.10394466863994717,-108.91379858857329
454584.2665166415,0.3394311393331101,-0.1054795793256874,-109.14670927394648
455366.11625084945,0.33870669040634327,-0.10703597097870712,-109.38030943650901
456149.31070605177,0.3379538993798459,-0.10861413051043502,-109.61460174109239
456933.85219506436,0.33717232815919096,-0.11021434840415295,-109.84958885409443
457719.74303468113,0.33636153308044625,-0.11183691875302901,-110.0852734431748
458506.98554568057,0.33552106485537714,-0.11348213929837747,-110.3216581769426
459295.5820528319,0.33465046851650926,-0.11515031146819552,-110.55874572463581
460085.53488490544,0.3337492833621407,-0.1168417404158707,-110.79653875579463
460876.8463746742,0.3328170429012229,-0.11855673505913676,-111.03503993992358
461669.518858924,0.3318532747982256,-0.12029560811922688,-111.27425194614847
462463.5546784592,0.33085750081790577,-0.12205867616023434,-111.51417744286366
463258.9561781127,0.32982923677009696,-0.12384625962871156,-111.75481909737215
464055.7257067476,0.32876799245443683,-0.12565868289338933,-111.99617957551465
464853.86561726785,0.3276732716051322,-0.1274962742851862,-112.23826154129304
465653.3782666242,0.32654457183571817,-0.12935936613734073,-112.4810676564832
466454.26601582096,0.32538138458389454,-0.13124829482572767,-112.7246005802398
467256.5312299236,0.3241831950563984,-0.13316340080938505,-112.96886296869161
468060.1762780649,0.3229494821739501,-0.13510502867116744,-113.2138574745282
468865.20353345264,0.3216797185163335,-0.13707352715858148,-113.45958674657713
469671.61537337623,0.32037337026756474,-0.13906924922479008,-113.70605342937182
470479.4141792138,0.3190298971612603,-0.1410925520697352,-113.95326016271007
471288.60233643936,0.3176487524260951,-0.1431437971814063,-114.20120958120305
472099.18223462877,0.3162293827315449,-0.1452233503772538,-114.4499043138141
472911.15626747056,0.31477122813376324,-0.14733158184572293,-114.69934698338955
473724.5268327674,0.31327372202178233,-0.14946886618787633,-114.94954020617607
474539.29633244703,0.31173629106389844,-0.1516355824591592,-115.2004865913319
475355.46717256727,0.31015835515444146,-0.153832114211236,-115.45218874042509
476173.041763327,0.30853932736077466,-0.15605884953393695,-115.70464924692398
476992.0225190678,0.30687861387073995,-0.15831618109723233,-115.95787069567416
477812.4118582844,0.30517561394039844,-0.16060450619334599,-116.2118556623678
478634.21220363135,0.3034297198422408,-0.16292422677885537,-116.46660671300103
479457.42598192993,0.30164031681380465,-0.16527574951689422,-116.72212640332083
480282.05562417535,0.29980678300677,-0.1676594858193377,-116.97841727826145
481108.1035655439,0.2979284894365728,-0.17007585188904406,-117.2354818713692
481935.57224540034,0.2960047999325234,-0.17252526876212873,-117.49332270421716
482764.46410730475,0.2940350710885229,-0.17500816235013622,-117.751942285808
483594.78159902006,0.29201865221437656,-0.177524963482342,-118.01134311196616
484426.5271725192,0.2899548852877115,-0.180076107947886,-118.2715276647185
485259.70328399114,0.287843104906633,-0.18266203653797564,-118.53249841166313
486094.31239385245,0.2856826382430273,-0.18528319508797003,-118.79425780532867
486930.3569667484,0.28347280499665817,-0.18794003451940627,-119.05680828251856
487767.83947156434,0.2812129173500299,-0.19063301088193968,-119.32015226364722
488606.76238143066,0.2789022799240596,-0.19336258539521262,-119.58429215206189
489447.1281737345,0.2765401897346925,-0.19612922449056183,-119.84923033335565
490288.93933012104,0.27412593615028535,-0.1989333998526217,-120.11496917466444
491132.19833650446,0.27165880085010535,-0.2017755884607879,-120.38151102395591
491976.90768307465,0.2691380577836948,-0.20465627263046232,-120.64885820930456
492823.06986430445,0.2665629731313126,-0.20757594005421878,-120.91701303815523
493670.68737895694,0.26393280526548857,-0.21053508384261563,-121.1859777965742
494519.7627300929,0.2612468047136406,-0.21353420256496597,-121.45575474848867
495370.2984250782,0.2585042141219285,-0.2165738002897028,-121.72634613491351
496222.29697559116,0.25570426822027864,-0.21965438662460104,-121.9977541731664
497075.76089762995,0.2528461937886806,-0.22277647675667228,-122.26998105607015
497930.6927115192,0.24992920962485216,-0.2259405914917736,-122.54302895114282
498787.0949419212,0.24695252651317254,-0.22914725729389546,-122.81689999977698
499644.97011783737,0.2439153471951428,-0.23239700632408383,-123.09159631640354
500504.32077262003,0.2408168663412233,-0.2356903764790641,-123.36711998764645
501365.14944397757,0.23765627052423147,-0.23902791142940524,-123.64347307146315
502227.45867398597,0.23443273819432586,-0.24241016065731616,-123.92065759627475
503091.2510090905,0.23114543965557477,-0.2458376794940032,-124.1986755600805
503956.5290001171,0.22779353704422772,-0.24931102915658498,-124.47752892956346
504823.2952022789,0.22437618430873332,-0.2528307767844853,-124.7572196391821
505691.55217518366,0.22089252719154157,-0.25639749547537166,-125.03774959025023
506561.30248284177,0.217341703212738,-0.2600117643205209,-125.31912065000455
507432.5486936733,0.2137228416556135,-0.2636741684396519,-125.60133465066035
508305.2933805159,0.21003506355417384,-0.2673852990151631,-125.88439338845504
509179.53912063217,0.20627748168269358,-0.2711457533257654,-126.16829862267963
510055.2884957175,0.20244920054734622,-0.2749561347794583,-126.45305207469843
510932.54409190774,0.1985493163799662,-0.2788170529458519,-126.73865542695712
511811.3084997854,0.1945769171340557,-0.2827291235877983,-127.02511032197843
512691.5843143918,0.1905310824830028,-0.28669296869227145,-127.31241836134811
513573.37413522846,0.18641088382067356,-0.29070921650051873,-127.60058110468619
514456.6805662688,0.18221538426438988,-0.2947785015373928,-127.88960006861014
515341.5062159639,0.1779436386603614,-0.29890146463987316,-128.17947672568482
516227.8536972544,0.17359469359159652,-0.3030787529847923,-128.47021250336337
517115.7256275715,0.1691675873884823,-0.3073110201155529,-128.76180878291407
518005.12462884974,0.16466135014194028,-0.31159892596805455,-129.0542668983397
518896.0533275327,0.16007500371933836,-0.3159431368956129,-129.3475881352848
519788.51435458154,0.15540756178315063,-0.3203443256928859,-129.64177372993285
520682.51034548244,0.150658029812495,-0.32480317161879274,-129.93682486789365
521578.04394025425,0.14582540512756567,-0.32932036041838764,-130.23274268308043
522475.1177834566,0.14090867691706122,-0.33389658434363734,-130.52952825657775
523373.73452419747,0.13590682626862227,-0.3385325421730622,-130.82718261549985
524273.8968161412,0.13081882620242788,-0.3432289392302028,-131.12570673183987
525175.6073175161,0.1256436417079302,-0.34798648740093396,-131.42510152131038
526078.8686911215,0.12038022978388124,-0.352805905149473,-131.72536784217496
526983.6836043396,0.11502753948158959,-0.357687917533189,-132.02650649407346
527890.0547291372,0.10958451195167973,-0.36263325621600295,-132.32851821683573
528797.9847420767,0.10405008049419703,-0.36764265948049124,-132.63140368929106
529707.4763243269,0.09842317061221897,-0.372716872238609,-132.93516352807026
530618.5321616653,0.09270270006915954,-0.37785664604090385,-133.23979828639833
531531.1549444892,0.08688757894957991,-0.3830627390843392,-133.54530845288338
532445.3473678238,0.08097670972378565,-0.38833591621851893,-133.85169445029868
533361.112131329,0.07496898731619583,-0.3936769489504127,-134.15895663435856
534278.4519393082,0.06886329917751122,-0.3990866154474381,-134.46709529248997
535197.369500716,0.06265852536082613,-0.40456570053892504,-134.77611064259892
536117.8675291659,0.056353538601670035,-0.4101149957158717,-135.08600283183242
537039.948742939,0.04994720440211908,-0.41573529912897544,-135.39677193533743
537963.6158649914,0.043438381118928095,-0.42142741558489116,-135.70841795501573
538888.8716229625,0.036825920055903426,-0.42719215654065396,-136.02094081827664
539815.7187491821,0.030108665560384433,-0.4330303400962786,-136.3343403767869
540744.1599806822,0.023285455124039883,-0.43894279098539996,-136.64861640522068
541674.1980591997,0.01635511948803159,-0.4449303405639705,-136.96376860000512
542605.8357311876,0.009316482752444252,-0.450993826797007,-137.27979657806867
543539.0757478217,0.00216836249025859,-0.4571340942432,-137.59669987558777
544473.9208650131,-0.005090430134292632,-0.46335199403756555,-137.91447794673607
545410.3738434091,-0.012461090242732863,-0.469648383871799,-138.23313016243156
546348.4374484066,-0.019944819114836893,-0.4760241279725847,-138.55265580908937
547288.1144501586,-0.02754282405647106,-0.4824800970776152,-138.87305408737535
548229.4076235825,-0.03525631826277333,-0.4890171684093313,-139.19432411096363
549172.3197483685,-0.04308652067657264,-0.4956362256463749,-139.51646490529785
550116.8536089875,-0.05103465584208781,-0.5023381588926555,-139.83947540635768
551063.0119946996,-0.05910195375380636,-0.5091238646439779,-140.16335445943062
552010.7976995622,-0.06728964970053687,-0.5159942457522809,-140.48810081789014
552960.2135224381,-0.07559898410456856,-0.5229502113873076,-140.81371314198103
553911.262267004,-0.08403120235595571,-0.5299926769957465,-141.1401899976122
554863.9467417578,-0.09258755464182905,-0.5371225642577762,-141.46752985515877
555818.2697600309,-0.10126929577083875,-0.5443408010410054,-141.7957310882742
556774.2341399902,-0.1100776849924569,-0.5516483213516288,-142.1247919727102
557731.8427046506,-0.11901398581143949,-0.5590460652829751,-142.4547106851506
558691.0982818813,-0.12807946579716808,-0.566534978961172,-142.78548530205592
559652.0037044188,-0.13727539638802821,-0.574116014488093,-143.11711379852244
560614.561809868,-0.14660305269065085,-0.5817901298813197,-143.44959404715155
561578.7754407155,-0.1560637132741821,-0.5895582890113141,-143.78292381693768
562544.6474443368,-0.16565865995947196,-0.5974214615355582,-144.11710077216995
563512.1806730046,-0.1753891776032071,-0.6053806228297514,-144.4521224713507
564481.3779838976,-0.18525655387697687,-0.6134367539159723,-144.78798636613152
565452.242239108,-0.19526207904131626,-0.6215908413877145,-145.1246898002679
566424.7763056511,-0.2054070457147049,-0.6298438773318786,-145.46223000859314
567398.9830554731,-0.21569274863755608,-0.6381968592475745,-145.80060411601272
568374.8653654596,-0.2261204844311996,-0.6466507899617249,-146.13980913652026
569352.4261174432,-0.23669155135188466,-0.6552066775414707,-146.479841972235
570331.6681982166,-0.2474072490398938,-0.6638655352033103,-146.82069941246507
571312.5944995338,-0.25826887826363976,-0.6726283812188902,-147.16237813279113
572295.2079181237,-0.2692777406589928,-0.6814962388175161,-147.50487469417888
573279.5113556964,-0.2804351384636999,-0.6904701360852754,-147.84818554211637
574265.5077189556,-0.2917423742471154,-0.6995511058608164,-148.19230700578035
575253.1999196017,-0.30320075063505764,-0.708740185627547,-148.5372352972277
576242.5908743433,-0.31481157003012405,-0.7180384174025669,-148.88296651061995
577233.683504906,-0.32657613432731275,-0.7274468476219851,-149.22949662147622
578226.4807380405,-0.3384957446251396,-0.7369665270227694,-149.57682148595862
579220.9855055312,-0.3505717009322423,-0.7465985105210798,-149.9249368401895
580217.2007442049,-0.36280530186962784,-0.7563438570870006,-150.27383829960255
581215.1293959395,-0.37519784436857223,-0.7662036296157184,-150.62352135832882
582214.774407673,-0.38775062336430377,-0.7761788947951132,-150.9739813886177
583216.1387314115,-0.4004649314855445,-0.7862707229696896,-151.325213640295
584219.2253242385,-0.4133420587400378,-0.7964801880009386,-151.67721324025834
585224.0371483223,-0.4263832921960998,-0.8068083671239722,-152.02997519201102
586230.5771709295,-0.4395899156604408,-0.8172563408006456,-152.3834943752371
587238.8483644265,-0.45296320935212375,-0.8278251925687897,-152.73776554541334
588248.8537062932,-0.4665044495730577,-0.8385160088879842,-153.09278333346654
589260.5961791291,-0.48021490837499414,-0.849329878981532,-153.44854224547095
590274.0787706674,-0.49409585322321814,-0.860267894674819,-153.8050366623915
591289.3044737766,-0.5081485466569454,-0.8713311502299308,-154.1622608398674
592306.2762864733,-0.5223742459467708,-0.8825207421766141,-154.52020890804457
593324.9972119309,-0.536774202749165,-0.8938377691396026,-154.87887487145292
594345.4702584879,-0.5513496627582235,-0.9052833316622069,-155.2382526089302
595367.6984396568,-0.5661018653547929,-0.9168585320263299,-155.59833587359415
596391.6847741333,-0.5810320432532114,-0.9285644740687626,-155.9591182928631
597417.4322858048,-0.5961414221457361,-0.9404022629938782,-156.32059336852595
598444.9440037599,-0.611431220344912,-0.9523730051827528,-156.68275447686236
599474.2229622967,-0.6269026484239915,-0.964477807998645,-157.04559486881382
600505.272200932,-0.6425569088556559,-0.9767177795889239,-157.40910767020642
601538.0947644095,-0.6583951956491302,-0.9890940286834964,-157.7732858820255
602572.6937027128,-0.6744186939861206,-1.0016076643897158,-158.1381223807451
603609.0720710679,-0.6906285798553111,-1.0142597959837383,-158.50360991870724
604647.2329299568,-0.707026019686165,-1.0270515326985836,-158.86974112455928
605687.1793451238,-0.7236121699818393,-1.0399839835086675,-159.2365085037431
606728.9143875899,-0.7403881769516885,-1.053058256911118,-159.6039044390428
607772.4411336544,-0.7573551761432498,-1.066275460703626,-159.97192119118347
608817.7626649088,-0.7745142920743154,-1.0796367017591613,-160.34055089948995
609864.8820682443,-0.7918666378650419,-1.0931430857974553,-160.70978558260052
610913.8024358619,-0.809413314870401,-1.1067957171533258,-161.07961713923766
611964.5268652807,-0.8271554123132132,-1.120595698541912,-161.45003734903597
613017.0584593472,-0.8450940069180063,-1.1345441308209,-161.82103787342743
614071.4003262448,-0.8632301625458763,-1.1486421127498083,-162.19261025658443
615127.5555795024,-0.8815649298306714,-1.162890740746351,-162.5647459264207
616185.5273380041,-0.9000993458166251,-1.177291108640022,-162.93743619564978
617245.318725997,-0.9188344335978191,-1.1918443074229215,-163.31067226290156
618306.9328731056,-0.9377712019596872,-1.2065514249980271,-163.68444521389887
619370.372914333,-0.9569106450225568,-1.2214135459247035,-164.05874602268742
620435.6419900757,-0.9762537418879607,-1.2364317511619305,-164.43356555292857
621502.7432461302,-0.9958014562874937,-1.2516071178090382,-164.80889455924677
622571.6798337073,-1.0155547362348567,-1.2669407188442587,-165.1847236886379
623642.4549094336,-1.0355145136808623,-1.2824336228608992,-165.56104348192972
624715.0716353667,-1.0556817041722462,-1.2980868938016201,-165.93784437530516
625789.533179002,-1.0760572065140253,-1.3139015906906504,-166.31511670187868
626865.8427132834,-1.0966419024359062,-1.3298787673641184,-166.6928506933306
627944.0034166113,-1.1174366562629858,-1.346019472198656,-167.07103648159688
629024.0184728535,-1.1384423145908944,-1.3623247478383442,-167.44966410061468
630105.8910713532,-1.1596597059656981,-1.3787956309201574,-167.82872348812245
631189.6244069393,-1.1810896405688163,-1.3954331517979726,-168.20820448751437
632275.2216799353,-1.202732909907137,-1.4122383342653473,-168.58809684974867
633362.6860961694,-1.2245902865086569,-1.4292121952771208,-168.9683902353089
634452.020866982,-1.2466625236237796,-1.4463557446700126,-169.34907421621642
635543.2292092409,-1.2689503549327332,-1.4636699848824288,-169.73013827809675
636636.3143453423,-1.291454494258903,-1.4811559106733363,-170.11157182229186
637731.2795032265,-1.3141756352888447,-1.4988145088407492,-170.4933641680266
638828.1279163839,-1.3371144512988298,-1.5166467579396383,-170.8755045546205
639926.8628238705,-1.3602715948884003,-1.534653627999669,-171.2579821437501
641027.487470309,-1.3836476977207526,-1.552836080242543,-171.640786021753
642130.0051059041,-1.407243370270734,-1.5711950667996226,-172.02390520198173
643234.4189864505,-1.431059201580203,-1.5897315304295185,-172.40732862719935
644340.7323733428,-1.4550957590211695,-1.6084464042360755,-172.79104517201833
645448.9485335847,-1.479353588066842,-1.6273406113867552,-173.1750436453809
646559.0707397991,-1.5038332120708326,-1.6464150648317488,-173.55931279307967
647671.1022702374,-1.5285351320546687,-1.6656706670237622,-173.9438413003169
648785.0464087893,-1.5534598265037827,-1.6851083096388708,-174.32861779430132
649900.9064449929,-1.578607751172212,-1.7047288732983987,-174.71363084688085
651018.6856740422,-1.6039793388960797,-1.7245332272921492,-175.09886897720887
652138.3873968031,-1.6295749994162778,-1.7445222293031568,-175.4843206544464
653260.0149198145,-1.6553951192099483,-1.7646967251338195,-175.86997430049038
654383.5715553036,-1.6814400613316416,-1.7850575484341467,-176.25581829273585
655509.0606211934,-1.707710165263687,-1.805605520431742,-176.64184096686486
656636.4854411168,-1.7342057467763814,-1.8263414496641315,-177.02803061966222
657765.8493444199,-1.7609270977975378,-1.8472661317131487,-177.41437551185348
658897.1556661758,-1.7878744862921736,-1.8683803489420572,-177.80086387096858
660030.4077471937,-1.8150481561519802,-1.889684870235192,-178.18748389422535
661165.6089340289,-1.8424483270948546,-1.9111804507405044,-178.57422375143207
662302.7625789925,-1.8700751945745473,-1.932867831615082,-178.96107158790807
663441.8720401614,-1.897928929700482,-1.9547477397738402,-179.3480155274192
664582.9406813878,-1.9260096791678973,-1.9768208876416062,-179.73504367512757
665725.9718723097,-1.9543175651982767,-1.99908797290872,-180.12214412055297
666870.9689883607,-1.982852685490189,-2.0215496782902846,-180.50930494054418
668017.9354107797,-2.011615113180548,-2.0442066712893334,-180.89651420225812
669166.8745266198,-2.040604896816326,-2.067059603963993,-181.28375996614525
670317.7897287636,-2.0698220603368807,-2.090109112698937,-181.67103028894078
671470.6844159253,-2.0992666030665323,-2.1133558179809944,-182.058313226654
672625.5619926656,-2.128938499717882,-2.136800324179506,-182.4455968375623
673782.4258693999,-2.15883770040556,-2.1604432193312104,-182.83286918520108
674941.2794624128,-2.188964130670566,-2.1842850749301617,-183.22011834135256
676102.1261938612,-2.2193176915148323,-2.208326445722349,-183.607332389025
677264.9694917885,-2.249898259446492,-2.232567869505724,-183.9944994254283
678429.8127901348,-2.2807056865354562,-2.2570098669354355,-184.38160756493934
679596.6595287456,-2.311739800479315,-2.28165294133451,-184.7686449420551
680765.513153383,-2.3430004046795845,-2.306497578510097,-185.15559971433402
681936.3771157359,-2.374487278328123,-2.3315442465755303,-185.5424600653215
683109.2548734292,-2.406200176503745,-2.356793395778138,-185.92921420745913
684284.1498900349,-2.438138830278851,-2.382245458333142,-186.315850384975
685461.0656350823,-2.470302946836056,-2.4079008482636417,-186.70235687675378
686640.0055840678,-2.5026922095946476,-2.4337599612468614,-187.08872199918457
687820.9732184638,-2.5353062783467726,-2.4598231744667434,-187.47493410898406
689003.9720257352,-2.5681447894034344,-2.4860908464731377,-187.8609816059966
690189.0054993405,-2.6012073557495907,-2.51256331704735,-188.24685293596227
691376.0771387484,-2.6344935672090126,-2.5392409070746536,-188.63253659326003
692565.1904494446,-2.6680029906180835,-2.5661239184234157,-189.0180211236179
693756.3489429486,-2.7017351700089898,-2.5932126338313237,-189.4032951267935
694949.556136815,-2.735689626801268,-2.620507316798322,-189.7883472592159
696144.8155546498,-2.7698658600026276,-2.6480082114868564,-190.17316623659676
697342.1307261192,-2.8042633464180344,-2.6757155426291885,-190.55774083650255
698541.5051869602,-2.838881540867259,-2.703629515441934,-190.94205990088858
699742.9424789912,-2.873719876410599,-2.731750315547937,-191.3261123385936
700946.4461501221,-2.908777764582631,-2.7600781089054562,-191.70988712779314
702152.0197543649,-2.9440545956336868,-2.788613041744794,-192.09337331841064
703359.666851844,-2.9795497387790197,-2.8173552405124096,-192.47656003448498
704569.3910088075,-3.015262542455299,-2.846304811822533,-192.85943647649287
705781.1957976354,-3.0511923345842624,-2.8754618424162826,-193.24199192362576
706995.084796856,-3.0873384228434784,-2.9048263991285648,-193.62421573602023
708211.0615911486,-3.1237000949435196,-2.9343985288622716,-194.00609735693774
709429.129771359,-3.1602766189119524,-2.9641782585703695,-194.38762631489828
710649.2929345075,-3.197067243383403,-2.9941655952455255,-194.76879222576144
711871.5546838053,-3.234071197895951,-3.024360525917571,-195.14958479476024
713095.9186286569,-3.2712876931927863,-3.0547630176582343,-195.52999381847692
714322.3883846756,-3.3087159215299993,-3.085373017593937,-195.9100091867724
715550.9675736936,-3.3463550569893212,-3.1161904529260416,-196.28962088465832
716781.6598237723,-3.38420425579613,-3.1472152309587607,-196.66881899411726
718014.4687692131,-3.4222626566422045,-3.1784472391346634,-197.047593695867
719249.3980505681,-3.4605293810130267,-3.2098863450777912,-197.4259352710697
720486.4513146508,-3.4990035335195255,-3.241532396644278,-197.8038341029863
721725.6322145471,-3.537684202233793,-3.273385221980508,-198.18128067857322
722966.9444096258,-3.576570459028691,-3.305444629588707,-198.5582655900237
724210.3915655497,-3.615661359921032,-3.3377104083999583,-198.93477953625126
725455.9773542843,-3.65495594541804,-3.3701823278544705,-199.310813324316
726703.7054541156,-3.6944532408671034,-3.40286013798939,-199.68635787079532
727953.5795496514,-3.7341522568079277,-3.435743569533378,-200.06140420309242
729205.6033318378,-3.7740519893277,-3.4688323340087464,-200.43594346069142
730459.7804979682,-3.814151420418349,-3.502126123840367,-200.809966896352
731716.1147516989,-3.8544495183361254,-3.535624612471816,-201.18346587724852
732974.6098030524,-3.8949452379625873,-3.5693274544879983,-201.55643188604662
734235.2693684329,-3.9356375211676426,-3.603234285744893,-201.92885652192658
735498.0971706371,-3.976525297173726,-3.6373447235058274,-202.30073150154652
736763.0969388644,-4.017607482921123,-3.6716583665843308,-202.67204865994816
738030.2724087281,-4.058882983434189,-3.7061747954934225,-203.04279995140556
739299.6273222667,-4.100350692188225,-3.740893572601273,-203.41297745021595
740571.1654279543,-4.142009491476778,-3.7758142422930456,-203.7825733514345
741844.8904807124,-4.183858252779124,-3.8109363311388473,-204.15157997155188
743120.8062419207,-4.22589583712773,-3.846259348067615,-204.5199897491156
744398.916479428,-4.2681210954754505,-3.8817827845468584,-204.8877952452958
745679.224967562,-4.31053286906225,-3.9175061147680417,-205.2549891443952
746961.7354871468,-4.353129989781488,-3.9534287958376666,-205.6215642543066
748246.4518255042,-4.395911280544776,-3.9895502679734385,-205.98751350691086
749533.3777764702,-4.438875555646252,-4.025869954705978,-206.35282995842633
750822.5171404105,-4.482021621125589,-4.062387263085709,-206.71750678970412
752113.8737242224,-4.525348275128998,-4.0991015838942255,-207.08153730646748
753407.4513413524,-4.568854308269103,-4.1360122918609825,-207.44491493950352
754703.253811806,-4.61253850398278,-4.173118745884342,-207.8076332448017
756001.2849621582,-4.65639963888686,-4.210420289257162,-208.16968590364232
757301.5486255662,-4.700436483131799,-4.247916249896684,-208.53106672263536
758604.0486417793,-4.744647800752831,-4.285605940578582,-208.8917696337106
759908.7888571514,-4.7890323500186724,-4.3234886591750055,-209.25178869405963
761215.7731246514,-4.833588883777462,-4.361563688896409,-209.6111180860304
762525.0053038752,-4.878316149799896,-4.3998302985370135,-209.96975211697597
763836.4892610568,-4.923212891119315,-4.438287742723802,-210.3276852190571
765150.2288690784,-4.968277846368658,-4.476935262168725,-210.68491194900054
766466.2280074881,-5.013509750114271,-4.51577208392425,-211.041426987815
767784.4905625012,-5.058907333185937,-4.554797421641465,-211.3972251404609
769105.0204270193,-5.104469323003723,-4.594010475831357,-211.75230133548197
770427.8215006376,-5.1501944439009755,-4.633410434128521,-212.1066506245937
771752.8976896629,-5.196081417443782,-4.672996471557468,-212.4602681822345
773080.2529071158,-5.242128962745996,-4.712767750800802,-212.81314930507372
774409.8910727489,-5.288335796780846,-4.752723422469969,-213.16528941148565
775741.8161130563,-5.334700634688156,-4.792862625377646,-213.51668404098513
777076.031961285,-5.381222190077394,-4.833184486811947,-213.86732885362704
778412.5425574477,-5.427899175326498,-4.873688122812219,-214.21721962937147
779751.3518483329,-5.474730301876266,-4.914372638446192,-214.5663522674145
781092.4637875174,-5.521714280520361,-4.955237128088462,-214.91472278548645
782435.8823353782,-5.5688498216907565,-4.996280675699957,-215.26232731911819
783781.6114591033,-5.616135635738607,-5.0375023551083355,-215.60916212087668
785129.6551327045,-5.663570433210467,-5.078901230289189,-215.95522355957084
786480.0173370267,-5.711152925119743,-5.1204763556476705,-216.30050811942778
787832.7020597662,-5.75888182321364,-5.162226776300858,-216.64501239924402
789187.7132954734,-5.80675584023481,-5.2041515283599065,-216.98873311150564
790545.0550455704,-5.854773690178582,-5.2462496392127225,-217.33166708148622
791904.7313183598,-5.902934088545066,-5.2885201278063745,-217.67381124631868
793266.7461290432,-5.951235752586625,-5.330962004929533,-218.0151626540453
794631.1034997229,-5.999677401549813,-5.373574273494132,-218.3557184626408
795997.8074594208,-6.048257756912911,-5.416355928816989,-218.69547593901828
797366.8620440882,-6.096975542618171,-5.459305958900561,-219.03443245801216
798738.271296618,-6.14582948529908,-5.502423344712957,-219.37258550134172
800112.0392668566,-6.194818314502579,-5.545707060467038,-219.70993265655608
801488.170011616,-6.243940762906293,-5.589156073898498,-220.0464716159613
802866.667594685,-6.293195566530619,-5.632769346542695,-220.38220017553036
804247.5360868424,-6.342581464945861,-5.676545834010259,-220.71711623379784
805630.7795658683,-6.392097201474225,-5.7204844862612,-221.05121779073866
807016.4021165546,-6.441741523386789,-5.764584247877428,-221.38450294663346
808404.4078307232,-6.4915131820956535,-5.808844058333821,-221.71696990092138
809794.8008072295,-6.541410933340581,-5.853262852267081,-222.04861695103818
811187.5851519797,-6.5914335373711435,-5.897839559743091,-222.37944249124544
812582.7649779404,-6.641579759123523,-5.942573106521998,-222.7094450114474
813980.3444051569,-6.691848368392785,-5.987462414321491,-223.03862309600058
815380.327560756,-6.742238139999549,-6.032506401077359,-223.3669754225102
816782.7185789644,-6.792747853952371,-6.077703981202179,-223.6945007606226
818187.5216011192,-6.843376295604944,-6.123054065841429,-224.0211979708082
819594.7407756805,-6.894122255808518,-6.16855556312708,-224.34706600313845
821004.3802582433,-6.944984531059502,-6.214207378428589,-224.67210389605683
822416.4442115499,-6.995961923642323,-6.260008414601305,-224.99631077514522
823830.9368055024,-7.047053241767531,-6.305957572232006,-225.31968585188528
825247.8622171743,-7.098257299705198,-6.3520537498816925,-225.6422284224167
826667.2246308239,-7.149572917913733,-6.398295844325418,-225.96393786629264
828089.0282379058,-7.2009989231640406,-6.444682750789193,-226.28481364523242
829513.277237082,-7.25253414865911,-6.4912133631837365,-226.60485530187267
830939.9758342409,-7.3041774341494206,-6.5378865743354595,-226.92406245851956
832369.1282424997,-7.3559276260432345,-6.584701276213697,-227.24243481589625
833800.7386822233,-7.407783577513163,-6.631656360155269,-227.5599721518953
835234.8113810337,-7.45974414859806,-6.678750717085461,-227.8766743203293
836671.3505738296,-7.511808206300879,-6.725983237736023,-228.192541249685
838110.3605027876,-7.563974624681846,-6.773352812859178,-228.50757294187605
839551.8454173828,-7.6162422849479805,-6.820858333438902,-228.8217694710021
840995.8095743987,-7.668610075538254,-6.868498690898369,-229.135130982109
842442.2572379403,-7.721076892204721,-6.916272777304005,-229.44765768995256
843891.1926794464,-7.773641638089743,-6.964179485566051,-229.75934987776748
845342.6201777026,-7.826303223799234,-7.0122177096355465,-230.07020789603962
846796.5440188535,-7.879060567472046,-7.060386344697759,-230.38023216128397
848252.9684964154,-7.931912594845665,-7.108684287362022,-230.6894231548282
849711.8979112894,-7.984858239317997,-7.1571104358479385,-230.99778142160164
851173.3365717736,-8.037896442005689,-7.205663690167977,-231.30530756893066
852637.2887935744,-8.091026151798657,-7.254342952306333,-231.61200226534072
854103.7588998262,-8.144246325411478,-7.303147126394456,-231.91786623936704
855572.7512210935,-8.197555927430626,-7.3520751188822935,-232.22290027836874
857044.2700953907,-8.25095393035899,-7.401125838706464,-232.52710522735518
858518.3198681917,-8.304439314656655,-7.45029819745437,-232.83048198781725
859994.9048924493,-8.358011068778824,-7.499591109525032,-233.13303151657018
861474.0295285981,-8.411668189209893,-7.549003492285621,-233.43475482460073
862955.6981445737,-8.465409680495036,-7.598534266224876,-233.73565297592748
864439.9151158244,-8.519234555268389,-7.648182355102625,-234.03572708646806
865926.6848253241,-8.573141834278342,-7.697946686095642,-234.33497832291698
867416.0116635847,-8.627130546409873,-7.747826189939878,-234.6334079016327
868907.9000286699,-8.681199728704012,-7.797819801069038,-234.93101708753468
870402.3543262071,-8.73534842637454,-7.84792645774953,-235.227807193011
871899.3789694017,-8.789575692821927,-7.89814510221185,-235.52377957683635
873398.978379049,-8.843880589644598,-7.948474680778276,-235.81893564310028
874901.1569835462,-8.898262186647571,-7.9989141439870215,-236.11327684014643
876405.9192189123,-8.952719561848852,-8.049462446713099,-236.40680465952417
877913.2695287905,-9.007251801482697,-8.10011854828506,-236.6995206349478
879423.2123644684,-9.061858000001141,-8.150881412598807,-236.99142634127074
880935.752184888,-9.116537260072814,-8.201750008227634,-237.28252339346912
882450.8934566654,-9.171288692579777,-8.252723308529092,-237.57281344563864
883968.6406540939,-9.226111416611552,-8.30380029174791,-237.86229819000002
885488.9982591636,-9.281004559457678,-8.354979941116085,-238.1509793559193
887011.9707615734,-9.335967256597726,-8.406261244949317,-238.43885870893845
888537.5626587444,-9.390998651689465,-8.457643196740225,-238.72593804981852
890065.7784558327,-9.446097896554942,-8.509124795248194,-239.01221921359422
891596.622665743,-9.50126415116473,-8.560705044586063,-239.297704068641
893130.0998091417,-9.556496583620222,-8.612382954303488,-239.58239451575432
894666.2144144706,-9.611794370134234,-8.664157539467253,-239.86629248724066
896204.9710179598,-9.667156695009712,-8.716027820738313,-240.1493999460212
897746.3741636417,-9.722582750616901,-8.767992824445844,-240.4317188847477
899290.428403362,-9.778071737368652,-8.820051582658072,-240.71325132492981
900837.1382968009,-9.833622863694627,-8.872203133250494,-240.99399931607735
902386.5084114752,-9.889235346013193,-8.924446519970395,-241.27396493485023
903938.5433227594,-9.944908408702522,-8.976780792499143,-241.55315028422524
905493.2476138956,-10.000641284069944,-9.029205006511136,-241.8315574926725
907050.6258760139,-10.056433212320194,-9.081718223730343,-242.1091887133461
908610.6827081357,-10.112283441521797,-9.134319511983367,-242.3860461232843
910173.4227171937,-10.168191227572702,-9.18700794525038,-242.6621319226244
911738.8505180447,-10.224155834164499,-9.239782603713047,-242.93744833382922
913306.9707334823,-10.280176532745394,-9.292642573799807,-243.21199760092486
914877.7879942511,-10.33625260248212,-9.345586948228572,-243.48578198875185
916451.3069390601,-10.392383330220733,-9.398614826046764,-243.75880378222752
918027.5322145969,-10.448568010446373,-9.451725312668938,-244.03106528562083
919606.4684755405,-10.504805945241994,-9.504917519911784,-244.30256882183886
921188.1203845759,-10.561096444246177,-9.558190566026774,-244.57331673172573
922772.4926124077,-10.617438824609994,-9.61154357573037,-244.84331137337284
924359.5898377714,-10.673832410952944,-9.66497568023183,-245.11255512144064
925949.4167474557,-10.730276535318364,-9.718486017259028,-245.38105036649452
927541.9780363042,-10.786770537127406,-9.772073731081347,-245.64879951434793
929137.2784072356,-10.843313763132885,-9.825737972530998,-245.9158049854207
930735.3225712626,-10.899905567372286,-9.879477899022076,-246.1820692141089
932336.115247495,-10.95654531111964,-9.93329267456702,-246.4475946481627
933939.6611631609,-11.013232362837332,-9.98718146979156,-246.71238374807913
935545.9650536189,-11.069966098126969,-10.041143461947344,-246.97643898650455
937155.0316623722,-11.126745899679777,-10.095177834922655,-247.23976284764805
938766.8657410821,-11.183571157226416,-10.149283779251137,-247.50235782670634
940381.4720495827,-11.240441267486306,-10.203460492118715,-247.7642264292995
941998.8553558947,-11.297355634116482,-10.257707177368559,-248.02537117091717
943619.0204362391,-11.354313667659966,-10.312023045504313,-248.28579457637622
945241.9720750517,-11.411314785493794,-10.366407313691559,-248.5454991792881
946867.7150649976,-11.468358411776565,-10.420859205757505,-248.80448752153745
948496.2542069823,-11.525443977395637,-10.475377952189003,-249.06276215277015
950127.5943101749,-11.582570919914318,-10.529962790129213,-249.32032562989403
951761.7401920097,-11.63973868351805,-10.584612963372042,-249.57718051658583
953398.6966782088,-11.696946718961044,-10.639327722355693,-249.8333293828118
955038.4686027919,-11.75419448351218,-10.694106324154294,-250.08877480435606
956681.060808099,-11.811481440901215,-10.748948032468464,-250.3435193623611
958326.4781447925,-11.868807061263984,-10.803852117613815,-250.59756564287443
959974.7254718797,-11.926170821088197,-10.858817856508729,-250.8509162364081
961625.8076567249,-11.983572203158705,-10.91384453266041,-251.10357373750637
963279.7295750639,-12.041010696502708,-10.968931436149742,-251.35554074432255
964936.4961110185,-12.098485796334849,-11.02407786361491,-251.6068198582056
966596.1121571105,-12.155997004002261,-11.079283118233686,-251.85741368329542
968258.5826142767,-12.213543826929513,-11.134546509704661,-252.1073248261276
969923.9123918831,-12.271125778563528,-11.189867354227223,-252.35655589524643
971592.1064077396,-12.32874237831844,-11.24524497448045,-252.6051095008273
973263.1695881139,-12.386393151520492,-11.300678699600935,-252.85298825430718
974937.106867745,-12.444077629352876,-11.356167865159497,-253.100194768024
976613.923189865,-12.501795348800897,-11.411711813137194,-253.34673165486504
978293.6235062019,-12.559545852596536,-11.467309891899715,-253.59260152792154
979976.2127770025,-12.617328689163736,-11.522961456171503,-253.83780700015348
981661.6959710428,-12.675143412563425,-11.578665867008553,-254.08235068406157
983350.0780656505,-12.732989582438893,-11.634422491770735,-254.32623519136808
985041.3640467083,-12.790866763960798,-11.690230704092652,-254.56946313270345
986735.5589086758,-12.848774527772758,-11.74608988385427,-254.8120371173024
988432.667654603,-12.906712449936945,-11.801999417150519,-255.05395975270707
990132.6952961447,-12.964680111879742,-11.857958696260171,-255.29523364447752
991835.6468535751,-13.022677100337612,-11.913967119614002,-255.53586139590922
993541.5273558034,-13.080703007303207,-11.970024091762298,-255.7758456077588
995250.3418403876,-13.138757429971532,-12.026129023341605,-256.0151888779755
996962.0953535502,-13.196839970686426,-12.082281331040987,-256.25389380144054
998676.7929501927,-13.254950236887195,-12.138480437567583,-256.4919629697133
1000394.4396939087,-13.313087841055397,-12.194725771611523,-256.72939897078356
1002115.0406570069,-13.371252400662225,-12.251016767810691,-256.9662043888319
1003838.6009205137,-13.429443538115391,-12.307352866714236,-257.2023818039942
1005565.1255741968,-13.487660880707008,-12.36373351474626,-257.4379337921348
1007294.6197165755,-13.54590406056126,-12.42015816416866,-257.6728629246246
1009027.0884549445,-13.604172714582813,-12.476626273043918,-257.90717176812717
1010762.5369053767,-13.662466484404735,-12.53313730519676,-258.1408628843878
1012500.9701927459,-13.720785016337436,-12.589690730176127,-258.3739388300312
1014242.3934507405,-13.779127961317547,-12.646286023216415,-258.6064021563645
1015986.8118218785,-13.83749497485714,-12.702922665198408,-258.8382554091853
1017734.2304575226,-13.895885716993277,-12.759600142609916,-259.06950112859613
1019484.6545178951,-13.954299852237838,-12.816317947506047,-259.3001418488238
1021238.0891720941,-14.012737049527713,-12.87307557746928,-259.5301800980451
1022994.5395981078,-14.071196982175236,-12.929872535569116,-259.7596183982167
1024754.01098283,-14.129679327819007,-12.986708330321635,-259.98845926491117
1026516.508522076,-14.188183768375033,-13.04358247564872,-260.2167052071584
1028282.0374205947,-14.246709989988116,-13.100494490837015,-260.44435872729053
1030050.602892094,-14.305257682983925,-13.157443900497087,-260.6714223207943
1031822.2101592418,-14.363826541820757,-13.214430234521636,-260.8978984761655
1033596.8644536912,-14.422416265042273,-13.27145302804427,-261.12378967477025
1035374.5710160909,-14.481026555230255,-13.328511821397786,-261.3490983907099
1037155.33509611,-14.53965711895803,-13.385606160072607,-261.573827090692
1038939.1619524396,-14.59830766674365,-13.442735594674549,-261.797978233903
1040726.0568528178,-14.65697791300409,-13.4998996808831,-262.02155427188796
1042516.0250740428,-14.715667576009444,-13.557097979409281,-262.24455764843356
1044309.0719019885,-14.774376377837562,-13.61433005595355,-262.46699079945523
1046105.20263162,-14.833104044329115,-13.67159548116365,-262.6888561528887
1047904.4225670095,-14.891850305042933,-13.728893830592355,-262.9101561285854
1049706.7370213512,-14.950614893211773,-13.786224684655258,-263.13089313821206
1051512.1513169787,-15.009397545698475,-13.843587628588544,-263.3510695851541
1053320.6707853787,-15.068198002952446,-13.900982252406735,-263.5706878644226
1055132.3007672078,-15.127016008966539,-13.958408150860453,-263.78975036256566
1056947.046612306,-15.185851311234266,-14.015864923394176,-264.008259457582
1058764.9136797213,-15.2447036607077,-14.073352174104322,-264.226217518841
1060585.9073377121,-15.303572811755064,-14.130869511696742,-264.44362690700217
1062410.032963772,-15.362458522119432,-14.188416549444913,-264.66048997394137
1064237.2959446416,-15.421360552877356,-14.245992905147855,-264.876809062679
1066067.7016763324,-15.480278668398311,-14.303598201088477,-265.0925865073125
1067901.2555641304,-15.539212636303795,-14.361232063991324,-265.3078246329496
1069737.96302262,-15.598162227427522,-14.41889412498117,-265.52252575564756
1071577.8294756988,-15.657127215775708,-14.476584019541336,-265.736692182354
1073420.8603565928,-15.716107378487692,-14.534301387472183,-265.95032621085096
1075267.0611078728,-15.775102495797,-14.592045872849742,-266.16343012970174
1077116.4371814705,-15.834112350992848,-14.649817123984523,-266.3760062182011
1078968.994038694,-15.893136730381869,-14.707614793380362,-266.5880567463277
1080824.737150245,-15.952175423250377,-14.765438537693505,-266.7995839746995
1082683.6719962345,-16.01122822182691,-14.823288017691867,-267.010590154532
1084545.804066196,-16.07029492124514,-14.881162898214255,-267.22107752759837
1086411.1388591116,-16.12937531950742,-14.939062848130249,-267.43104832619395
1088279.6818834147,-16.188469217448144,-14.996987540299521,-267.64050477310036
1090151.4386570146,-16.247576418698028,-15.054936651531959,-267.8494490815543
1092026.414707309,-16.306696729648454,-15.112909862547681,-268.0578834552183
1093904.6155712092,-16.365829959416555,-15.170906857937581,-268.2658100881536
1095786.0467951426,-16.424975919809985,-15.2289273261234,-268.47323116479436
1097670.7139350781,-16.484134425292737,-15.286970959318701,-268.6801488599256
1099558.6225565406,-16.543305292950986,-15.345037453489702,-268.8865653386624
1101449.7782346276,-16.602488342459406,-15.403126508316403,-269.09248275643154
1103344.1865540247,-16.661683396047774,-15.46123782715391,-269.29790325895476
1105241.8531090233,-16.720890278467976,-15.51937111699403,-269.50282898223435
1107142.7835035361,-16.780108816961402,-15.577526088426994,-269.70726205254084
1109046.9833511144,-16.839338841226624,-15.635702455603562,-269.91120458640177
1110954.4582749642,-16.8985801833875,-15.693899936197216,-270.1146586905936
1112865.2139079634,-16.957832677961584,-15.752118251366703,-270.31762646213406
1114779.2558926751,-17.01709616182884,-15.810357125718657,-270.5201099882771
1116696.5898813743,-17.076370474201013,-15.868616287270871,-270.72211134650973
1118617.2215360506,-17.135655456590758,-15.926895467415143,-270.9236326045492
1120541.1565284343,-17.19495095278165,-15.985194400881017,-271.12467582034316
1122468.400540008,-17.254256808798246,-16.04351282569935,-271.3252430420708
1124398.959262033,-17.31357287287685,-16.10185048316662,-271.5253363081462
1126332.8383955522,-17.372898995435925,-16.160207117808735,-271.7249576472218
1128270.0436514167,-17.432235029047554,-16.218582477345848,-271.92410907819414
1130210.5807502987,-17.491580828408832,-16.27697631265701,-272.1227926102115
1132154.4554227106,-17.550936250313736,-16.33538837774526,-272.3210102426819
1134101.6734090205,-17.610301153625276,-16.393818429702883,-272.5187639652832
1136052.240459469,-17.669675399247936,-16.452266228676994,-272.71605575797406
1138006.1623341872,-17.729058850100536,-16.510731537835394,-272.91288759100604
1139963.444803213,-17.788451371089312,-16.56921412333264,-273.10926142493764
1141924.0936465086,-17.847852829081383,-16.627713754276446,-273.30517921064853
1143888.1146539743,-17.907263092878402,-16.68623020269425,-273.5006428893554
1145855.5136254765,-17.966682033190967,-16.744763243500433,-273.6956543926301
1147826.296370849,-18.0261095226125,-16.803312654463085,-273.89021564241585
1149800.468709921,-18.08554543559427,-16.86187821617174,-274.0843285510477
1151778.0364725287,-18.144989648420207,-16.920459712005,-274.2779950212718
1153759.0054985422,-18.204442039182503,-16.97905692809883,-274.4712169462677
1155743.3816378694,-18.263902487756756,-17.037669653314463,-274.6639962096691
1157731.1707504806,-18.323370875778124,-17.09629767920716,-274.85633468558746
1159722.3787064261,-18.382847086617478,-17.154940799995103,-275.0482342386357
1161717.0113858513,-18.442331005357836,-17.21359881252843,-275.2396967239532
1163715.0746790154,-18.50182251877112,-17.272271516258687,-275.430723987231
1165716.5744863087,-18.56132151529523,-17.330958713208485,-275.62131786473856
1167721.516718269,-18.620827885011344,-17.389660207941432,-275.8114801833505
1169729.9072956005,-18.680341519621518,-17.448375807532397,-276.001212760575
1171741.7521491898,-18.739862312426617,-17.50710532153797,-276.19051740458195
1173757.0572201246,-18.799390158304416,-17.565848561967275,-276.37939591423276
1175775.8284597087,-18.85892495368801,-17.624605343252934,-276.5678500791097
1177798.0718294883,-18.91846659654476,-17.68337548222265,-276.75588167954794
1179823.793301256,-18.978014986354857,-17.74215879807042,-276.9434924866652
1181852.998857078,-19.037570024090854,-17.80095511232865,-277.1306842623948
1183885.6944893065,-19.097131612196996,-17.85976424884019,-277.31745875951765
1185921.8862006078,-19.156699654569245,-17.918586033730964,-277.503817721696
1187961.5800039642,-19.216274056534907,-17.9774202953823,-277.6897628835061
1190004.7819227031,-19.27585472483314,-18.03626686440411,-277.87529597047296
1192051.4979905116,-19.33544156759543,-18.095125573608055,-278.060418699105
1194101.7342514533,-19.395034494326325,-18.15399625798101,-278.2451327769292
1196155.4967599884,-19.454633415884476,-18.212878754658842,-278.4294399025262
1198212.7915809895,-19.514238244463865,-18.27177290290039,-278.61334176556693
1200273.6247897602,-19.573848893575295,-18.330678544061744,-278.7968400468489
1202338.0024720535,-19.633465278028154,-18.3895955215708,-278.9799364183329
1204405.9307240897,-19.693087313912358,-18.448523680902046,-279.1626325431805
1206477.4156525738,-19.752714918580573,-18.507462869551617,-279.34493007579147
1208552.4633747109,-19.812348010630522,-18.566412937012544,-279.52683066184176
1210631.0800182354,-19.871986509888004,-18.625373734750582,-279.7083359383223
1212713.2717214134,-19.931630337389308,-18.684345116179696,-279.8894475335771
1214799.0446330702,-19.991279415364605,-18.74332693663828,-280.070167067342
1216888.4049126052,-20.05093366722116,-18.802319053365487,-280.2504961507846
1218981.3587300177,-20.110593017527126,-18.86132132547801,-280.4304363865438
1221077.9122659122,-20.170257391994916,-18.92033361394654,-280.60998936876865
1223178.071711526,-20.229926717465464,-18.979355781573084,-280.7891566831592
1225281.8432687444,-20.289600921892287,-19.038387692968247,-280.9679399070065
1227389.2331501194,-20.349279934325956,-19.097429214528795,-281.14634060923316
1229500.247578889,-20.408963684898648,-19.15648021441548,-281.32436035043384
1231614.8927889932,-20.468652104808953,-19.215540562531068,-281.5020006829163
1233733.175025095,-20.52834512630691,-19.27461013049865,-281.6792631507424
1235855.1005425977,-20.588042682679188,-19.333688791640178,-281.85614928976935
1237980.675607663,-20.64774470823451,-19.392776420955215,-282.0326606276911
1240109.9064972277,-20.707451138289127,-19.451872895099875,-282.2087986840795
1242242.7994990316,-20.767161909152954,-19.510978092366344,-282.38456497042705
1244379.360911622,-20.826876958115108,-19.57009189266191,-282.55996099018705
1246519.5970443808,-20.88659622343031,-19.62921417748895,-282.7349882388167
1248663.5142175402,-20.946319644305174,-19.688344829924716,-282.90964820381856
1250811.118762209,-21.006047160884957,-19.747483734601722,-283.0839423647833
1252962.4170203789,-21.06577871423989,-19.806630777687758,-283.2578721934308
1255117.4153449503,-21.12551424635233,-19.86578584686671,-283.43143915365306
1257276.1200997515,-21.1852537001038,-19.924948831319337,-283.6046447015565
1259438.537659555,-21.244997019262193,-19.984119621704266,-283.77749028550403
1261604.6744100982,-21.304744148469208,-20.043298110139286,-283.94997734615765
1263774.536748101,-21.36449503322794,-20.102484190182768,-284.12210731652067
1265948.1310812852,-21.424249619890645,-20.16167775681535,-284.29388162198046
1268125.4638283937,-21.484007855646652,-20.220878706421864,-284.4653016803504
1270306.5414192087,-21.54376968851046,-20.28008693677336,-284.6363689019131
1272491.3702945719,-21.60353506730999,-20.339302347009472,-284.80708468946204
1274679.956906399,-21.6633039416749,-20.39852483762082,-284.9774504383444
1276872.307717711,-21.723076262025472,-20.457754310432005,-285.14746753650434
1279068.4292026372,-21.782851979560895,-20.51699066858412,-285.3171373645237
1281268.327846444,-21.842631046248435,-20.576233816518158,-285.48646129566595
1283472.0101455497,-21.9024134148123,-20.635483659958123,-285.6554406959174
1285679.4826075535,-21.962199038723163,-20.694740105894876,-285.824076924031
1287890.7517512394,-22.021987872186987,-20.754003062569385,-285.9923713315669
1290105.824106606,-22.08177987013486,-20.81327243945694,-286.160325262936
1292324.7062148827,-22.14157498821251,-20.872548147251106,-286.3279400554414
1294547.4046285497,-22.201373182770084,-20.931830097848078,-286.4952170393209
1296773.9259113565,-22.26117441085204,-20.991118204331084,-286.66215753778886
1299004.276638342,-22.320978630187195,-21.05041238095503,-286.8287628670782
1301238.463395854,-22.38078579917896,-21.109712543131405,-286.9950343364823
1303476.4927815674,-22.440595876895557,-21.16901860741319,-287.160973248397
1305718.3714045053,-22.500408823060567,-21.228330491480136,-287.3265808983618
1307964.105885058,-22.56022459804351,-21.287648114124096,-287.49185857510196
1310213.7028549986,-22.62004316285042,-21.34697139523453,-287.6568075605695
1312467.1689575156,-22.67986447911504,-21.406300255784462,-287.82142912998586
1314724.5108472146,-22.73968850908937,-21.465634617816015,-287.98572455188145
1316985.7351901468,-22.799515215634933,-21.524974404426644,-288.1496950881377
1319250.8486638363,-22.85934456221428,-21.584319539755604,-288.31334199402886
1321519.8579572842,-22.919176512881826,-21.643669948969922,-288.4766665182613
1323792.7697709987,-22.979011032275697,-21.70302555825126,-288.63966990301594
1326069.5908170126,-23.038848085609175,-21.762386294782587,-288.80235338398785
1328350.3278189027,-23.09868763866244,-21.821752086735042,-288.9647181904274
1330634.9875118097,-23.15852965777436,-21.88112286325503,-289.1267655451804
1332923.5766424586,-23.218374109834468,-21.940498554451416,-289.28849666472865
1335216.1019691776,-23.27822096227498,-21.9998790913829,-289.44991275922996
1337512.5702619196,-23.338070183062985,-22.059264406045585,-289.6110150325581
1339812.9883022804,-23.397921740692684,-22.118654431360593,-289.7718046823427
1342117.3628835203,-23.457775604177765,-22.178049101161964,-289.93228290000894
1344425.7008105803,-23.5176317430439,-22.237448350184547,-290.092450870817
1346738.0089001139,-23.57749012732151,-22.296852114052406,-290.25230977390237
1349054.2939804902,-23.63735072753812,-22.356260329266714,-290.4118607823134
1351374.5628918256,-23.697213514711425,-22.415672933194465,-290.57110506305185
1353698.822485998,-23.757078460342044,-22.475089864056848,-290.7300437771109
1356027.0796266785,-23.816945536406774,-22.53451106091832,-290.8886780795149
1358359.3411893344,-23.876814715351344,-22.593936463675007,-291.0470091193567
1360695.6140612618,-23.936685970083865,-22.653366013044,-291.2050380398372
1363035.9051416016,-23.996559273968032,-22.712799650552395,-291.3627659783028
1365380.2213413613,-24.05643460081654,-22.772237318526578,-291.52019406628386
1367728.5695834346,-24.116311924884585,-22.831678960081653,-291.6773234295329
1370080.9568026222,-24.176191220863416,-22.89112451911096,-291.8341551880616
1372437.3899456516,-24.236072463874034,-22.95057394027576,-291.9906904561787
1374797.8759711985,-24.295955629460934,-23.01002716899503,-292.1469303425277
1377162.4218499074,-24.355840693585954,-23.069484151435393,-292.3028759501236
1379531.0345644108,-24.415727632622243,-23.12894483450121,-292.4585283763902
1381903.7211093488,-24.475616423348182,-23.188409165824638,-292.6138887131962
1384280.4884914,-24.535507042941784,-23.2478770937563,-292.7689580468937
1386661.3437292848,-24.595399468974488,-23.307348567355206,-292.9237374583522
1389046.2938537993,-24.655293679405695,-23.36682353637968,-293.0782280229964
1391435.3459078285,-24.715189652577024,-23.426301951277836,-293.2324308108422
1393828.5069463789,-24.775087367206943,-23.485783763178656,-293.3863468865324
1396225.7840365828,-24.834986802385007,-23.54526892388254,-293.53997730937203
1398627.1842577304,-24.89488793756662,-23.604757385852515,-293.69332313336434
1401032.7147012877,-24.95479075256771,-23.66424910220545,-293.8463854072461
1403442.3824709172,-25.01469522755944,-23.72374402670314,-293.99916517452243
1405856.1946824996,-25.0746013430631,-23.78324211374386,-294.15166347350214
1408274.158464154,-25.134509079944912,-23.842743318353662,-294.30388133733214
1410696.2809562592,-25.19441841941112,-23.902247596178125,-294.45581979403227
1413122.5693114754,-25.254329343002958,-23.96175490347396,-294.6074798665294
1415553.0306947646,-25.31424183259181,-24.02126519710083,-294.7588625726918
1417987.6722834085,-25.374155870374313,-24.080778434513206,-294.90996892536276
1420426.501267043,-25.434071438867953,-24.14029457375269,-295.06079993239547
1422869.5248476597,-25.49398852090586,-24.199813573439613,-295.21135659668505
1425316.7502396412,-25.55390709963262,-24.259335392765678,-295.3616399162029
1427768.1846697743,-25.613827158499504,-24.31885999148601,-295.5116508840295
1430223.8353772846,-25.673748681260335,-24.378387329911956,-295.6613904883882
1432683.7096138399,-25.73367165196664,-24.437917368903108,-295.8108597126768
1435147.8146435828,-25.793596054963572,-24.497450069860243,-295.96005953550105
1437616.1577431501,-25.853521874885608,-24.556985394717984,-296.10899093070674
1440088.7462016938,-25.91344909665228,-24.616523305937513,-296.2576548674119
1442565.5873209024,-25.973377705464095,-24.676063766499624,-296.40605231003894
1445046.6884150228,-26.03330768679833,-24.735606739897538,-296.55418421834656
1447532.0568108822,-26.093239026405136,-24.795152190130132,-296.70205154746117
1450021.6998479092,-26.153171710303464,-24.85470008169508,-296.8496552479082
1452515.624878155,-26.213105724777165,-24.914250379582032,-296.9969962656438
1455013.839266317,-26.273041056371156,-24.973803049266078,-297.14407554208555
1457516.3503897553,-26.332977691887525,-25.033358056701054,-297.2908940141431
1460023.1656385278,-26.39291561838209,-25.09291536831335,-297.4374526142497
1462534.292415394,-26.45285482316027,-25.152474950995156,-297.5837522703917
1465049.738135848,-26.512795293773696,-25.212036772098326,-297.7297939061389
1467569.5102281354,-26.57273701801654,-25.271600799428132,-297.8755784406754
1470093.6161332869,-26.63267998392226,-25.331167001237333,-298.0211067888289
1472622.0633051216,-26.692624179759633,-25.390735346219678,-298.1663798611002
1475154.8592102826,-26.752569594029683,-25.450305803504296,-298.3113985636932
1477692.011328254,-26.812516215462185,-25.509878342649614,-298.45616379854386
1480233.5271513844,-26.872464033012356,-25.5694529336376,-298.60067646334943
1482779.414184909,-26.932413035857564,-25.629029546867983,-298.74493745159737
1485329.6799469711,-26.99236321339412,-25.6886081531526,-298.88894765259397
1487884.3319686449,-27.05231455523405,-25.748188723709813,-299.0327079514932
1490443.3777939568,-27.112267051202004,-25.807771230158917,-299.17621922932454
1493006.824979909,-27.172220691332114,-25.867355644514745,-299.3194823630217
1495574.681096501,-27.232175465865012,-25.926941939182306,-299.4624982254502
1498146.9537267487,-27.292131365244707,-25.986530086951348,-299.605267685435
1500723.65046672,-27.352088380115923,-26.04612006099146,-299.74779160778934
1503304.7789255383,-27.41204650132079,-26.10571183484643,-299.89007085334003
1505890.346725416,-27.472005719896217,-26.165305382429473,-300.0321062789566
1508480.3615016732,-27.531966027070943,-26.224900678018017,-300.17389873757696
1511074.8309027713,-27.591927414263058,-26.284497696249055,-300.31544907823576
1513673.7625903168,-27.651889873076776,-26.34409641211379,-300.45675814608927
1516277.1642390967,-27.711853395300075,-26.403696800953114,-300.59782678244324
1518885.0435370982,-27.77181797290195,-26.463298838452754,-300.7386558247787
1521497.4081855312,-27.831783598029745,-26.52290250063855,-300.8792461067779
1524114.2658988512,-27.891750263006635,-26.582507763871853,-301.0195984583507
1526735.6244047817,-27.95171796032904,-26.642114604844892,-301.1597137056601
1529361.4914443376,-28.011686682664116,-26.701723000576273,-301.29959267114765
1531991.8747718474,-28.07165642284731,-26.76133292840655,-301.4392361735593
1534626.7821549766,-28.131627173879888,-26.820944365993775,-301.57864502797014
1537266.2213747478,-28.191598928926535,-26.88055729130912,-301.7178200458097
1539910.200225575,-28.25157168131318,-26.940171682632833,-301.8567620348871
1542558.7265152687,-28.31154542452434,-26.999787518549656,-301.995471799415
1545211.808065072,-28.371520152201036,-27.059404777944867,-302.1339501400349
1547869.452709676,-28.431495858138447,-27.119023440000053,-302.27219785384096
1550531.668297257,-28.491472536283954,-27.17864348418935,-302.4102157344048
1553198.4626894798,-28.55145018073452,-27.238264890274987,-302.54800457179863
1555869.8437615335,-28.611428785734795,-27.297887638303614,-302.6855651526197
1558545.8194021524,-28.671408345674983,-27.357511708602367,-302.822898260014
1561226.3975136385,-28.73138885508867,-27.41713708177496,-302.9600046736993
1563911.5860118854,-28.791370308650848,-27.476763738697976,-303.096885169989
1566601.3928264014,-28.851352701175806,-27.536391660517047,-303.2335405218149
1569295.8259003325,-28.91133602761517,-27.596020828643173,-303.36997149875043
1571994.8931904868,-28.971320283055924,-27.65565122474913,-303.5061788670334
1574698.6026673573,-29.031305462718503,-27.715282830765805,-303.64216338958863
1577406.9623151456,-29.091291561954815,-27.77491562887869,-303.7779258260504
1580119.9801317824,-29.15127857624634,-27.8345496015243,-303.91346693278496
1582837.6641289638,-29.21126650120255,-27.894184731387032,-304.0487874629128
1585560.0223321558,-29.27125533255866,-27.953821001395255,-304.1838881663302
1588287.0627806308,-29.331245066174098,-28.01345839471835,-304.3187697897314
1591018.7935274846,-29.391235698030606,-28.07309689476311,-304.45343307663023
1593755.2226396739,-29.451227224230777,-28.132736485170916,-304.58787876738205
1596496.35819802,-29.511219640995918,-28.192377149813964,-304.7221075992043
1599242.2082972454,-29.571212944664623,-28.252018872792384,-304.85612030619836
1601992.781045996,-29.63120713169107,-28.311661638431083,-304.98991761937043
1604748.0845668626,-29.69120219864335,-28.371305431276618,-305.1235002666524
1607508.126996407,-29.751198142201858,-28.43095023609411,-305.2568689729228
1610272.9164851855,-29.81119495915772,-28.49059603786427,-305.39002446002706
1613042.4611977723,-29.871192646411203,-28.550242821780422,-305.5229674467983
1615816.7693127836,-29.931191200970183,-28.60989057324554,-305.6556986490775
1618595.8490229032,-29.991190619948647,-28.669539277869394,-305.78821877973354
1621379.7085349015,-30.05119090056507,-28.729188921465607,-305.9205285486833
1624168.3560696745,-30.111192040141297,-28.78883949004908,-306.05262866291196
1626961.7998622472,-30.17119403610061,-28.848490969832902,-306.18451982649174
1629760.0481618112,-30.2311968859666,-28.908143347225746,-306.3162027406022
1632563.1092317437,-30.29120058736165,-28.96779660882916,-306.4476781035494
1635370.9913496433,-30.351205138005774,-29.027450741435082,-306.5789466107855
1638183.7028073359,-30.41121053571489,-29.08710573202284,-306.7100089549274
1641001.2519109119,-30.471216778399715,-29.146761567756833,-306.84086582577584
1643823.6469807476,-30.531223864064398,-29.20641823598389,-306.9715179103346
1646650.89635153,-30.59123179080521,-29.26607572423075,-307.1019658928288
1649483.0083722803,-30.651240556809263,-29.32573402020155,-307.23221045472366
1652319.99140638,-30.71125016035323,-29.38539311177543,-307.3622522747429
1655161.853831595,-30.771260599802144,-29.445052987004043,-307.49209202888704
1658008.6040401002,-30.83127187360816,-29.504713634109198,-307.6217303904515
1660860.2504385042,-30.891283980309296,-29.56437504148049,-307.75116803004454
1663716.8014478744,-30.951296918528328,-29.62403719767298,-307.88040561560547
1666578.2655037586,-31.01131068697152,-29.683700091404827,-308.0094438124219
1669444.6510562229,-31.07132528442775,-29.74336371155532,-308.1382832831481
1672315.966569857,-31.131340709766945,-29.8030280471622,-308.26692468782136
1675192.2205238123,-31.191356961939285,-29.862693087419775,-308.3953686838804
1678073.4214118202,-31.251374039973918,-29.922358821676536,-308.5236159261819
1680959.5777422313,-31.31139194297823,-29.982025239433398,-308.65166706701825
1683850.6980380192,-31.371410670136278,-30.041692330341085,-308.7795227561338
1686746.79083682,-31.431430220708094,-30.10136008419835,-308.907183640742
1689647.8646909534,-31.491450594028553,-30.161028490949878,-309.0346503655422
1692553.9281674493,-31.551471789506355,-30.220697540684185,-309.16192357273616
1695464.9898480717,-31.611493806623045,-30.280367223631714,-309.2890039020445
1698381.0583293443,-31.67151664493201,-30.340037530162782,-309.41589199072286
1701302.1422225768,-31.731540304057546,-30.399708450785674,-309.54258847357846
1704228.2501538892,-31.79156478369387,-30.45937997614473,-309.6690939829859
1707159.3907642378,-31.85159008360419,-30.5190520970184,-309.79540914890305
1710095.5727094412,-31.911616203619822,-30.578724804317456,-309.92153459888726
1713036.804660201,-31.971643143639156,-30.638398089083,-310.0474709581107
1715983.0953021431,-32.031670903627074,-30.69807194248499,-310.17321884937644
1718934.4533358207,-32.09169948361366,-30.757746355819982,-310.2987788931332
1721890.8874767553,-32.15172888369358,-30.81742132050968,-310.42415170749143
1724852.4064554549,-32.21175910402513,-30.87709682809902,-310.5493379082381
1727819.0190174535,-32.271790144829644,-30.936772870254767,-310.6743381088521
1730790.7339233165,-32.331822006390276,-30.996449438763346,-310.79915292051925
1733767.55994868,-32.39185468905147,-31.056126525529507,-310.92378295214684
1736749.505884274,-32.451888193218046,-31.115804122574584,-311.04822881037893
1739736.5805359473,-32.51192251935449,-31.175482222034844,-311.1724910996107
1742728.7927246948,-32.571957667984094,-31.23516081615992,-311.2965704220032
1745726.151286682,-32.63199363968826,-31.294839897311174,-311.4204673774976
1748728.6650732728,-32.69203043510574,-31.35451945796024,-311.5441825638296
1751736.3429510538,-32.75206805493187,-31.414199490687324,-311.6677165765442
1754749.193801862,-32.81210649991787,-31.473879988179863,-311.79107000900893
1757767.226522807,-32.87214577087007,-31.533560943230825,-311.91424345242814
1760790.4500263112,-32.93218586864944,-31.59324234873756,-312.0372374958578
1763818.8732401151,-32.992226794170534,-31.65292419769993,-312.160052726218
1766852.5051073176,-33.05226854840107,-31.712606483219126,-312.28268972830733
1769891.3545863957,-33.1123111323611,-31.772289198496164,-312.40514908481646
1772935.430651245,-33.17235454712268,-31.831972336830706,-312.52743137634195
1775984.7422911844,-33.23239879380874,-31.89165589161926,-312.6495371813988
1779039.298510998,-33.2924438735928,-31.951339856354174,-312.77146707643436
1782099.1083309567,-33.3524897876982,-32.01102422462214,-312.8932216358415
1785164.180786846,-33.41253653739753,-32.07070899010292,-313.01480143197153
1788234.5249299922,-33.47258412401202,-32.13039414656806,-313.1362070351473
1791310.1498272892,-33.53263254891094,-32.1900796878795,-313.25743901367605
1794391.0645612248,-33.592681813510985,-32.24976560798845,-313.3784979338622
1797477.2782299088,-33.65273191927575,-32.30945190093402,-313.49938436002003
1800568.7999470986,-33.71278286771512,-32.36913856084208,-313.6200988544865
1803665.6388422262,-33.772834660384724,-32.428825581923924,-313.7406419776334
1806767.8040604223,-33.83288729888533,-32.48851295847512,-313.8610142878798
1809875.3047625578,-33.892940784862574,-32.548200684874566,-313.9812163417051
1812988.1501252477,-33.95299512000599,-32.60788875558286,-314.10124869366007
1816106.3493408947,-34.013050306048804,-32.66757716514148,-314.22111189638
1819229.9116177072,-34.073106344767254,-32.72726590817148,-314.3408065005957
1822358.8461797428,-34.13316323798038,-32.786954979372666,-314.460333055147
1825493.162266912,-34.193220987549104,-32.846644373522054,-314.579692106993
1828632.8691350217,-34.253279595376014,-32.90633408547309,-314.6988842012247
1831777.9760557972,-34.3133390634048,-32.96602411015448,-314.8179098810766
1834928.4923169112,-34.37339939361981,-33.025714442569125,-314.93676968793807
1838084.42722201,-34.433460588045605,-33.0854050777931,-315.055464161365
1841245.7900907416,-34.49352264874641,-33.1450960109746,-315.1739938390913
1844412.5902587832,-34.55358557782579,-33.20478723733296,-315.29235925704
1847584.8370778686,-34.61364937742611,-33.264478752157615,-315.41056094933464
1850762.5399158157,-34.67371404972814,-33.3241705508071,-315.5285994483105
1853945.7081565543,-34.73377959695063,-33.383862628708144,-315.6464752845256
1857134.3512001503,-34.79384602134982,-33.44355498135457,-315.76418898677133
1860328.478462848,-34.8539133252193,-33.50324760430666,-315.8817410820844
1863528.0993770764,-34.913981510889194,-33.56294049318978,-315.99913209575624
1866733.2233914859,-34.97405058072593,-33.622633643693675,-316.1163625513447
1869943.859970991,-35.03412053713215,-33.6823270515718,-316.2334329706849
1873160.0185967728,-35.0941913825458,-33.74202071263996,-316.3503438738989
1876381.708766323,-35.15426311944013,-33.801714622775734,-316.4670957794069
1879608.9399934688,-35.21433575032316,-33.8614087779175,-316.58368920393724
1882841.7218084,-35.27440927773736,-33.921103174063624,-316.7001246625374
1886080.0637576976,-35.33448370425933,-33.98079780727156,-316.81640266858346
1889323.9754043624,-35.394559032499366,-34.040492673657056,-316.9325237337907
1892573.4663278423,-35.45463526510115,-34.1001877693933,-317.04848836822396
1895828.5461240616,-35.514712404741466,-34.159883090710146,-317.16429708030705
1899089.2244054484,-35.57479045412975,-34.21957863389325,-317.2799503768332
1902355.5108009637,-35.63486941600787,-34.27927439528332,-317.3954487629748
1905627.4149561257,-35.69494929314963,-34.338970371275266,-317.5107927422932
1908904.9465330534,-35.75503008836086,-34.39866655831771,-317.62598281674843
1912188.115210473,-35.81511180447859,-34.45836295291179,-317.74101948670904
1915476.9306837604,-35.875194444371,-34.51805955161071,-317.8559032509613
1918771.4026649634,-35.93527801093708,-34.577756351018834,-317.970634606719
1922071.5408828454,-35.995362507106556,-34.63745334779129,-318.0852140496331
1925377.355082891,-36.05544793583918,-34.69715053863282,-318.1996420738007
1928688.8550273494,-36.115534300124715,-34.756847920297254,-318.31391917177444
1932006.0504952613,-36.175621602982616,-34.8165454895869,-318.42804583457195
1935328.9512824856,-36.23570984746174,-34.87624324335176,-318.54202255168474
1938657.5672017296,-36.29579903664008,-34.93594117848885,-318.6558498110876
1941991.908082578,-36.35588917362447,-34.99563929194157,-318.7695280992474
1945331.9837715214,-36.415980261550395,-35.05533758069903,-318.8830579011321
1948677.8041319856,-36.47607230358168,-35.11503604179539,-318.99643970021975
1952029.3790443605,-36.53616530291022,-35.17473467230923,-319.1096739785072
1955386.71840603,-36.5962592627558,-35.234433469362884,-319.22276121651896
1958749.8321313965,-36.65635418636575,-35.2941324301218,-319.33570189331556
1962118.7301519262,-36.71645007701497,-35.35383155179419,-319.44849648650313
1965493.4224161548,-36.77654693800531,-35.41353083162997,-319.5611454722407
1968873.9188897328,-36.83664477266559,-35.47323026692047,-319.6736493252495
1972260.229555447,-36.89674358435129,-35.53292985499769,-319.7860085188214
1975652.3644132651,-36.956843376444546,-35.59262959323403,-319.89822352482696
1979050.333480343,-37.016944152353545,-35.65232947904125,-320.010294813724
1982454.1467910688,-37.0770459155126,-35.71202950987023,-320.12222285456556
1985863.8143970885,-37.13714866938185,-35.77172968321029,-320.2340081150087
1989279.346367337,-37.197252417447096,-35.8314299965887,-320.3456510613218
1992700.7527880666,-37.25735716321956,-35.89113044757009,-320.4571521583933
1996128.0437628774,-37.317462910235704,-35.95083103375595,-320.56851186973955
1999561.2294127462,-37.37756966205707,-36.01053175278408,-320.6797306575125
2003000.3198760578,-37.43767742227001,-36.07023260232805,-320.79080898250794
2006445.3253086342,-37.497786194485606,-36.129933580096754,-320.9017473041733
2009896.2558837603,-37.55789598233933,-36.18963468383376,-321.01254608061487
2013353.1217922303,-37.61800678949121,-36.249335911317154,-321.12320576860674
2016815.9332423543,-37.67811861962521,-36.30903726035859,-321.233726823597
2020284.7004600032,-37.73823147644932,-36.36873872880311,-321.34410969971657
2023759.433688632,-37.798345363695304,-36.428440314528466,-321.45435484978566
2027240.1431893257,-37.85846028511875,-36.488142015445014,-321.56446272532264
2030726.8392408052,-37.91857624449854,-36.547843829494795,-321.67443377655
2034219.5321394745,-37.97869324563695,-36.607545754651326,-321.78426845240284
2037718.232199446,-38.038811292359455,-36.66724778891913,-321.8939672005356
2041222.9497525722,-38.09893038851453,-36.72694993033324,-322.0035304673295
2044733.6951484752,-38.15905053797354,-36.786652176958796,-322.1129586979
2048250.478754578,-38.21917174463061,-36.84635452689061,-322.22225233610374
2051773.310956134,-38.279294012402396,-36.906056978252714,-322.33141182454557
2055302.2021562594,-38.33941734522809,-36.965759529197975,-322.4404376045858
2058837.1627759624,-38.39954174706915,-37.025462177907634,-322.5493301163473
2062378.203254175,-38.459667221909264,-37.08516492259095,-322.6580897987221
2065925.3340477778,-38.51979377375406,-37.14486776148466,-322.76671708937863
2069478.565631651,-38.579921406631364,-37.20457069285294,-322.8752124247688
2073037.908498677,-38.64005012459059,-37.264273714986544,-322.9835762401341
2076603.3731597892,-38.70017993170286,-37.32397682620268,-323.0918089695129
2080174.9701439955,-38.760310832060874,-37.38368002484456,-323.19991104574706
2083752.7099984249,-38.82044282977895,-37.443383309281195,-323.30788290048866
2087336.6032883343,-38.880575928992556,-37.503086677906715,-323.41572496420656
2090926.6605971563,-38.94071013385846,-37.56279012914024,-323.52343766619276
2094522.892526526,-39.00084544855454,-37.6224936614254,-323.6310214345692
2098125.3096963125,-39.06098187727973,-37.682197273230074,-323.7384766962943
2101733.9227446504,-39.12111942425384,-37.741900963045964,-323.84580387716903
2105348.742327971,-39.18125809371751,-37.80160472938826,-323.9530034018436
2108969.779121034,-39.24139788993211,-37.861308570795366,-324.06007569382376
2112597.043816958,-39.301538817179626,-37.92101248582846,-324.1670211754769
2116230.5471272543,-39.36168087976257,-37.98071647307124,-324.27384026803855
2119870.299781856,-39.42182408200387,-38.04042053112957,-324.3805333916184
2123516.3125291476,-39.48196842824679,-38.100124658631096,-324.48710096520637
2127168.596136012,-39.54211392285501,-38.15982885422518,-324.59354340667943
2130827.161387838,-39.60226057021221,-38.21953311658223,-324.6998611328063
2134492.0190885677,-39.66240837472222,-38.27923744439361,-324.8060545592549
2138163.1800607224,-39.72255734080883,-38.33894183637121,-324.9121241005973
2141840.655145449,-39.78270747291595,-38.39864629124744,-325.01807017031643
2145524.4552025283,-39.84285877550719,-38.45835080777452,-325.12389318081136
2149214.5911104227,-39.90301125306596,-38.518055384724434,-325.2295935434035
2152911.0737663046,-39.96316491009543,-38.57776002088861,-325.3351716683422
2156613.914086089,-40.02331975111839,-38.63746471507763,-325.4406279648108
2160323.1230044663,-40.08347578067722,-38.697169466120926,-325.54596284093213
2164038.711474932,-40.14363300333382,-38.756874272866504,-325.6511767037742
2167760.690469822,-40.20379142366952,-38.81657913418074,-325.756269959356
2171489.0709803435,-40.26395104628503,-38.87628404894802,-325.86124301265295
2175223.8640166074,-40.32411187580041,-38.93598901607052,-325.96609626760255
2178965.080607657,-40.38427391685489,-38.995694034467874,-326.0708301271098
2182712.731801518,-40.44443717410714,-39.05539910307723,-326.1754449930531
2186466.8286652043,-40.504601652234754,-39.115104220852494,-326.2799412662889
2190227.3822847693,-40.5647673559345,-39.17480938676443,-326.38431934665795
2193994.403765328,-40.62493428992215,-39.23451459980026,-326.4885796329901
2197767.90423111,-40.68510245893264,-39.29421985896368,-326.59272252310996
2201547.8948254636,-40.7452718677197,-39.35392516327423,-326.69674841384216
2205334.386710907,-40.80544252105597,-39.41363051176733,-326.8006577010162
2209127.391069157,-40.86561442373301,-39.47333590349394,-326.90445077947226
2212926.9191011633,-40.92578758056113,-39.5330413375204,-327.00812804306594
2216732.982027139,-40.98596199636945,-39.59274681292813,-327.1116898846739
2220545.5910865963,-41.04613767600584,-39.6524523288135,-327.2151366961984
2224364.757538377,-41.10631462433681,-39.71215788428749,-327.31846886857244
2228190.4926606882,-41.16649284624758,-39.77186347847558,-327.4216867917655
2232022.8077511354,-41.226672346641955,-39.8315691105175,-327.5247908547876
2235861.714126753,-41.2868531304423,-39.891274779566956,-327.62778144569506
2239707.2231240375,-41.34703520258953,-39.95098048479149,-327.73065895159465
2243559.346098996,-41.40721856804325,-40.01068622537245,-327.83342375864936
2247418.094427152,-41.4674032317813,-40.07039200050435,-327.93607625208256
2251283.4795036013,-41.52758919880013,-40.13009780939507,-328.0386168161832
2255155.512743032,-41.587776474114506,-40.189803651265386,-328.1410458343102
2259034.2055797786,-41.647965062757805,-40.24950952534917,-328.2433636888982
2262919.569467828,-41.7081549697816,-40.30921543089269,-328.3455707614609
2266811.615880872,-41.76834620025587,-40.36892136715474,-328.44766743259686
2270710.3563123364,-41.82853875926892,-40.428627333406425,-328.5496540819936
2274615.802275414,-41.88873265192741,-40.488333328930906,-328.65153108843236
2278527.9653031006,-41.94892788335625,-40.54803935302325,-328.75329882979304
2282446.856948226,-42.00912445869862,-40.60774540499028,-328.85495768305805
2286372.4887834922,-42.06932238311599,-40.66745148415035,-328.95650802431754
2290304.872401504,-42.129521661788054,-40.72715758983322,-329.05795022877356
2294244.019414804,-42.1897222999127,-40.786863721379866,-329.1592846707446
2298189.941455909,-42.24992430270609,-40.84656987814229,-329.26051172367005
2302142.650177338,-42.31012767540246,-40.90627605948334,-329.36163176011445
2306102.157251664,-42.37033242325444,-40.965982264776756,-329.4626451517723
2310068.474371523,-42.43053855153264,-41.02568849340667,-329.56355226947187
2314041.613249662,-42.49074606552587,-41.0853947447676,-329.66435348317975
2318021.5856189854,-42.55095497054124,-41.145101018264505,-329.76504916200554
2322008.4032325647,-42.61116527190383,-41.204807313312244,-329.8656396742053
2326002.0778636895,-42.67137697495692,-41.26451362933569,-329.9661253871864
2330002.6213058997,-42.73159008506195,-41.32421996576951,-330.0665066675117
2334010.0453730174,-42.791804607598465,-41.383926322057995,-330.1667838809031
2338024.361899185,-42.85202054796414,-41.44363269765495,-330.2669573922465
2342045.5827388987,-42.912237911574785,-41.503339092023566,-330.36702756559583
2346073.719767043,-42.972456703864324,-41.56304550463621,-330.46699476417615
2350108.7848789254,-43.03267693028481,-41.622751934974346,-330.566859350389
2354150.7899903147,-43.09289859630642,-41.68245838252838,-330.6666216858156
2358199.747037472,-43.15312170741744,-41.742164846797536,-330.7662821312214
2362255.667977184,-43.21334626912423,-41.801871327289604,-330.8658410465593
2366318.5647868156,-43.273572286951456,-41.86157782352115,-330.9652987909746
2370388.4494643183,-43.33379976644175,-41.92128433501697,-331.064655722808
2374465.334028284,-43.39402871315593,-41.980990861310175,-331.1639121996002
2378549.23051797,-43.45425913267289,-42.040697401942,-331.263068578095
2382640.1509933555,-43.51449103058985,-42.10040395646189,-331.36212521424426
2386738.107535147,-43.57472441252203,-42.160110524427026,-331.4610824632105
2390843.112244834,-43.63495928410286,-42.21981710540244,-331.55994067937155
2394955.177244719,-43.695195650983905,-42.27952369896084,-331.6587002163237
2399074.314677955,-43.755433518835,-42.33923030468251,-331.75736142688623
2403200.5367085794,-43.81567289334407,-42.39893692215516,-331.85592466310425
2407333.855521551,-43.87591378021733,-42.45864355097383,-331.954390276253
2411474.2833227855,-43.936156185179165,-42.518350190740804,-332.052758616841
2415621.8323391927,-43.996400113972186,-42.57805684106545,-332.15103003461445
2419776.5148187107,-44.05664557235727,-42.63776350156414,-332.24920487856
2423938.3430303447,-44.116892566113535,-42.69747017186016,-332.34728349690886
2428107.3292641942,-44.1771411010383,-42.75717685158348,-332.4452662371402
2432283.4858315135,-44.23739118294739,-42.816883540370995,-332.5431534459847
2436466.8250647164,-44.29764281767471,-42.876590237865955,-332.6409454694282
2440657.3593174317,-44.35789601107258,-42.93629694371817,-332.73864265271493
2444855.1009645304,-44.41815076901154,-42.996003657583756,-332.836245340351
2449060.062402183,-44.47840709738075,-43.05571037912532,-332.93375387610837
2453272.2560478654,-44.538665002087505,-43.11541710801145,-333.0311686030276
2457491.694340415,-44.59892448905756,-43.17512384391689,-333.1284898634215
2461718.389740063,-44.6591855642351,-43.23483058652238,-333.2257179988785
2465952.3547284724,-44.71944823358275,-43.294537335514576,-333.32285335026626
2470193.601808772,-44.77971250308158,-43.35424409058593,-333.4198962577344
2474442.1435055966,-44.839978378731146,-43.413950851434635,-333.5168470607186
2478697.992365122,-44.9002458665495,-43.473657617764516,-333.61370609794307
2482961.160955101,-44.96051497257322,-43.53336438928491,-333.7104737074245
2487231.661864904,-45.02078570285745,-43.59307116571068,-333.80715022647496
2491509.507705548,-45.0810580634758,-43.65277794676193,-333.9037359917049
2495794.711109755,-45.14133206052077,-43.71248473216432,-334.00023133902704
2500087.2847319604,-45.20160770010318,-43.77219152164847,-334.0966366036589
2504387.241248368,-45.26188498835264,-43.83189831495022,-334.19295212012617
2508694.593356978,-45.32216393141732,-43.89160511181038,-334.2891782222658
2513009.3537776475,-45.38244453546434,-43.95131191197493,-334.3853152432293
2517331.5352520943,-45.44272680667936,-44.01101871519459,-334.48136351548584
2521661.150543956,-45.5030107512668,-44.070725521224894,-334.5773233708248
2525998.2124388227,-45.56329637544995,-44.13043232982615,-334.67319514035955
2530342.7337442753,-45.62358368547089,-44.190139140763314,-334.7689791545299
2534694.7272899225,-45.68387268759055,-44.24984595380597,-334.8646757431056
2539054.2059274376,-45.74416338808874,-44.309552768728196,-334.9602852351889
2543421.1825306006,-45.80445579326419,-44.36925958530851,-335.0558079592176
2547795.6699953303,-45.86474990943457,-44.42896640332985,-335.1512442429684
2552177.681239728,-45.925045742936526,-44.4886732225794,-335.24659441355936
2556567.229204111,-45.985343300125706,-44.548380042848656,-335.3418587974529
2560964.3268510494,-46.04564258737676,-44.60808686393317,-335.43703772045893
2565368.9871654236,-46.1059436110836,-44.66779368563283,-335.5321315077377
2569781.2231544293,-46.16624637765902,-44.72750050775134,-335.62714048380207
2574201.0478476416,-46.22655089353507,-44.78720733009651,-335.7220649725213
2578628.474297038,-46.286857165162864,-44.84691415247991,-335.8169052971229
2583063.5155770606,-46.34716519901298,-44.906620974717256,-335.9116617801964
2587506.184784624,-46.40747500157501,-44.96632779662778,-336.00633474369516
2591956.495039172,-46.4677865793579,-45.02603461803456,-336.1009245089399
2596414.4594827145,-46.528099938889945,-45.08574143876433,-336.19543139662096
2600880.0912798634,-46.58841508671877,-45.145448258647434,-336.28985572680125
2605353.403617873,-46.64873202941141,-45.20515507751778,-336.3841978189188
2609834.409706679,-46.70905077355434,-45.264861895212775,-336.47845799178975
2614323.1227789368,-46.76937132575347,-45.32456871157323,-336.5726365636107
2618819.556090061,-46.82969369263428,-45.38427552644342,-336.6667338519613
2623323.722918265,-46.890017880841754,-45.443982339670875,-336.76075017380754
2627835.636564599,-46.950343897040476,-45.50368915110644,-336.85468584550335
2632355.310352985,-47.01067174791461,-45.56339596060412,-336.948541182794
2636882.7576302765,-47.07100144016816,-45.62310276802129,-337.0423165008184
2641417.9917662675,-47.131332980524654,-45.68280957321822,-337.1360121141118
2645961.026153752,-47.191666375727465,-45.74251637605837,-337.22962833660796
2650511.874208553,-47.252001632539624,-45.802223176408106,-337.323165481642
2655070.549369585,-47.31233875774427,-45.861929974137,-337.41662386195304
2659637.065098857,-47.37267775814416,-45.921636769117306,-337.51000378968644
2664211.434881541,-47.43301864056206,-45.981343561224264,-337.60330557639617
2668793.6722259996,-47.493361411840695,-46.04105035033592,-337.6965295330476
2673383.7906638305,-47.55370607884278,-46.1007571363331,-337.78967597001974
2677981.8037499036,-47.61405264845109,-46.160463919099385,-337.88274519710785
2682587.7250624024,-47.67440112756848,-46.22017069852102,-337.9757375235256
2687201.568202864,-47.73475152311795,-46.279877474486895,-338.06865325790767
2691823.346796219,-47.79510384204268,-46.339584246888556,-338.161492708312
2696453.0744908317,-47.85545809130603,-46.39929101562005,-338.2542561822224
2701090.764958536,-47.91581427789162,-46.4589977805779,-338.3469439865503
2705736.431894695,-47.976172408803556,-46.51870454166133,-338.4395564276382
2710390.0890182112,-48.03653249106609,-46.57841129877171,-338.5320938112607
2715051.750071589,-48.09689453172396,-46.638118051812995,-338.6245564426277
2719721.428820961,-48.15725853784228,-46.697824800691336,-338.71694462638607
2724399.139056156,-48.21762451650686,-46.757531545315416,-338.80925866662284
2729084.894590701,-48.277992474823854,-46.817238285596034,-338.9014988668664
2733778.709261888,-48.338362419920095,-46.87694502144626,-338.99366553008923
2738480.596930809,-48.39873435894301,-46.93665175278136,-339.08575895871036
2743190.571482393,-48.45910829906074,-46.99635847951878,-339.177779454597
2747908.6468254533,-48.51948424746213,-47.05606520157811,-339.26972731906744
2752634.8368927236,-48.57986221135686,-47.11577191888097,-339.3616028528925
2757369.155640901,-48.64024219797539,-47.1754786313511,-339.45340635629844
2762111.617050687,-48.70062421456906,-47.23518533891423,-339.5451381289683
2766862.2351268292,-48.761008268410166,-47.29489204149809,-339.63679847004494
2771621.023898162,-48.821394366791935,-47.35459873903235,-339.72838767813244
2776387.9974176427,-48.881782517028604,-47.41430543144852,-339.81990605129846
2781163.169762416,-48.94217272645565,-47.47401211868025,-339.91135388707664
2785946.5550338197,-49.00256500242948,-47.53371880066279,-340.0027314824681
2790738.1673574527,-49.06295935232775,-47.59342547733329,-340.09403913394397
2795538.0208832016,-49.12335578354927,-47.65313214863065,-340.18527713744714
2800346.129785307,-49.18375430351433,-47.71283881449571,-340.27644578839465
2805162.508262372,-49.24415491966432,-47.77254547487084,-340.3675453816795
2809987.1705374243,-49.304557639462125,-47.83225212970017,-340.45857621167266
2814820.1308579547,-49.364962470392,-47.89195877892952,-340.54953857222495
2819661.4034959595,-49.425369419959715,-47.951665422506345,-340.64043275666927
2824511.002747981,-49.485778495692585,-48.0113720603797,-340.7312590578226
2829368.94293515,-49.546189705139476,-48.07107869250024,-340.8220177679878
2834235.2384032295,-49.60660305587091,-48.130785318820145,-340.9127091789554
2839109.9035226554,-49.6670185554791,-48.190491939293175,-341.0033335820061
2843992.9526885794,-49.72743621157797,-48.25019855387458,-341.093891267912
2848884.400320907,-49.78785603180321,-48.30990516252097,-341.18438252693903
2853784.2608643617,-49.84827802381255,-48.36961176519065,-341.2748076488486
2858692.548788493,-49.9087021952854,-48.429318361843166,-341.3651669228997
2863609.278587743,-49.96912855392321,-48.489024952439465,-341.4554606378501
2868534.4647814776,-50.02955710744938,-48.548731536941865,-341.5456890819594
2873468.1219140515,-50.08998786360952,-48.60843811531418,-341.6358525429898
2878410.264554818,-50.15042083017123,-48.66814468752142,-341.72595130820844
2883360.9072981947,-50.2108560149243,-48.72785125352988,-341.815985664389
2888320.0647636987,-50.271293425680746,-48.78755781330719,-341.9059558978138
2893287.7515959935,-50.3317330702749,-48.847264366822216,-341.9958622942753
2898263.982464929,-50.39217495656337,-48.906970914045054,-342.0857051390779
2903248.7720655864,-50.452619092425195,-48.96667745494702,-342.17548471704
2908242.135118322,-50.51306548576185,-49.02638398950059,-342.26520131249544
2913244.0863688095,-50.573514144497324,-49.08609051767944,-342.3548552092955
2918254.640588083,-50.63396507657812,-49.145797039458365,-342.44444669081054
2923273.812572583,-50.694418289973406,-49.20550355481332,-342.53397603993136
2928301.617144193,-50.75487379267489,-49.26521006372124,-342.62344353907156
2933338.069150306,-50.815331592697284,-49.3249165661604,-342.7128494701689
2938383.183463833,-50.87579169807779,-49.384623062109895,-342.802194114687
2943436.974983272,-50.9362541168766,-49.44432955154994,-342.891477753617
2948499.4586327397,-50.99671885717663,-49.50403603446172,-342.980700667479
2953570.649362039,-51.05718592708406,-49.5637425108276,-343.0698631363246
2958650.5621466655,-51.11765533472781,-49.62344898063078,-343.1589654397374
2963739.2119878805,-51.178127088259934,-49.68315544385543,-343.2480078568353
2968836.6139127435,-51.238601195855615,-49.742861900486695,-343.3369906662718
2973942.782974161,-51.29907766571322,-49.802568350510654,-343.4259141462382
2979057.7342509297,-51.359556506054346,-49.86227479391432,-343.51477857446423
2984181.4828477786,-51.42003772512389,-49.92198123068554,-343.60358422822065
2989314.043895418,-51.480521331190104,-49.98168766081308,-343.69233138431986
2994455.43255058,-51.54100733254462,-50.04139408428657,-343.78102031911857
2999605.663996066,-51.601495737502574,-50.1011005010965,-343.86965130851814
3004764.753440791,-51.66198655440263,-50.16080691123414,-343.95822462796707
3009932.716119821,-51.72247979160694,-50.220513314691516,-344.046740552462
3015109.567294445,-51.78297545750152,-50.28021971146168,-344.13519935654966
3020295.32225218,-51.84347356049589,-50.339926101538246,-344.2236013143279
3025489.996306844,-51.90397410902338,-50.39963248491568,-344.3119466994474
3030693.6047985866,-51.964477111541086,-50.45933886158907,-344.4002357851133
3035906.16309396,-52.0249825765302,-50.519045231554514,-344.48846884408664
3041127.6865859274,-52.08549051249563,-50.578751594808594,-344.5766461486854
3046358.190693932,-52.14600092796636,-50.63845795134867,-344.6647679707868
3051597.690863939,-52.206513831495414,-50.69816430117278,-344.75283458182776
3056846.202568477,-52.267029231659954,-50.75787064427964,-344.84084625280707
3062103.741306689,-52.327547137061316,-50.81757698066869,-344.9288032542866
3067370.3226043726,-52.388067556325055,-50.877283310339905,-345.01670585639243
3072645.9620140307,-52.44859049810106,-50.93698963329402,-345.1045543288169
3077930.675114914,-52.50911597106354,-50.9966959495323,-345.1923489408192
3083224.4775130684,-52.569643983911156,-51.05640225905668,-345.2800899612276
3088527.3848413755,-52.630174545366934,-51.1161085618696,-345.36777765844
3093839.4127596226,-52.69070766417869,-51.175814857974295,-345.45541230042585
3099160.5769545115,-52.751243349118596,-51.23552114737436,-345.5429941547275
3104490.893139731,-52.81178160898361,-51.29522743007405,-345.6305234884612
3109830.3770559886,-52.87232245259525,-51.35493370607804,-345.7180005683186
3115179.044471085,-52.932865888800116,-51.414639975391836,-345.80542566056823
3120536.9111799207,-52.993411926469385,-51.47434623802117,-345.8927990310567
3125903.9930045684,-53.05396057449925,-51.53405249397245,-345.98012094520993
3131280.305794313,-53.114511841810824,-51.59375874325252,-346.06739166803436
3136665.865425701,-53.17506573735028,-51.65346498586872,-346.1546114641187
3142060.6878025825,-53.23562227008888,-51.713171221828944,-346.2417805976347
3147464.788856163,-53.296181449022995,-51.77287745114146,-346.32889933233866
3152878.184545048,-53.356743283174275,-51.83258367381505,-346.41596793157265
3158300.8908552905,-53.417307781589585,-51.89228988985895,-346.50298665826574
3163732.9238004377,-53.477874953341164,-51.95199609928282,-346.5899557749353
3169174.2994215796,-53.538444807526616,-52.01170230209677,-346.67687554368797
3174625.033787389,-53.59901735326895,-52.071408498311236,-346.7637462262214
3180085.1429941948,-53.65959259971693,-52.1311146879373,-346.8505680838251
3185554.643165991,-53.72017055604467,-52.1908208709862,-346.9373413773816
3191033.550454511,-53.78075123145199,-52.2505270474697,-347.02406636736765
3196521.881039259,-53.84133463516436,-52.31023321739979,-347.11074331385566
3202019.6511275885,-53.90192077643326,-52.369939380789134,-347.19737247651483
3207526.8769547087,-53.962509664535744,-52.429645537650494,-347.28395411461184
3213043.574783757,-54.023101308774855,-52.48935168799708,-347.3704884870128
3218569.7609058437,-54.083695718479625,-52.54905783184245,-347.4569758521835
3224105.4516400984,-54.144292903005066,-52.608763969200496,-347.54341646819137
3229650.6633337173,-54.20489287173227,-52.668470100085436,-347.6298105927061
3235205.4123620135,-54.26549563406853,-52.72817622451184,-347.71615848300104
3240769.715128464,-54.32610119944732,-52.78788234249455,-347.80246039595403
3246343.5880647586,-54.386709577328354,-52.84758845404876,-347.88871658804874
3251927.0476308484,-54.44732077719776,-52.907294559189936,-347.97492731537574
3257520.1103149937,-54.50793480856799,-52.967000657933845,-348.0610928336335
3263122.7926338078,-54.56855168097795,-53.02670675029648,-348.14721339812934
3268735.1111323303,-54.62917140399323,-53.086412836294286,-348.23328926378116
3274357.082384038,-54.68979398720586,-53.146118915943816,-348.3193206851173
3279988.722990911,-54.75041944023451,-53.205824989261856,-348.405307916279
3285630.0495835063,-54.811047772724734,-53.265531056265665,-348.49125121102026
3291281.078820961,-54.87167899434869,-53.325237116972545,-348.5771508227095
3296941.827391074,-54.93231311480548,-53.3849431714001,-348.66300700433055
3302612.312010344,-54.99295014382106,-53.44464921956619,-348.74882000848345
3308292.5494240224,-55.053590091148415,-53.50435526148889,-348.8345900873855
3313982.5564061594,-55.11423296656753,-53.56406129718649,-348.92031749287264
3319682.349759657,-55.1748787798855,-53.62376732667752,-349.0060024763998
3325391.946316315,-55.2355275409366,-53.68347334998071,-349.09164528904245
3331111.3629368846,-55.29617925958232,-53.74317936711498,-349.1772461814972
3336840.616511115,-55.35683394571145,-53.80288537809949,-349.262805404083
3342579.7239578045,-55.417491609240145,-53.86259138295354,-349.34832320674207
3348328.702224844,-55.47815226011191,-53.92229738169657,-349.4337998390407
3354087.5682892934,-55.538815908297934,-53.98200337434843,-349.5192355501705
3359856.3391573923,-55.59948256379677,-54.04170936092893,-349.60463058894885
3365635.0318646356,-55.66015223663463,-54.10141534145807,-349.6899852038204
3371423.663475811,-55.72082493686536,-54.161121315956,-349.7752996428573
3377222.251085078,-55.781500674570765,-54.220827284443246,-349.86057415376115
3383030.8118159743,-55.84217945986022,-54.28053324694024,-349.9458089838628
3388849.3628214984,-55.902861302871074,-54.34023920346766,-350.03100438012376
3394677.9212841475,-55.963546213768595,-54.39994515404629,-350.11616058913717
3400516.504415974,-56.02423420274606,-54.45965109869712,-350.20127785712856
3406365.129458632,-56.084925280024834,-54.519357037441225,-350.2863564299566
3412223.8136834297,-56.14561945585437,-54.5790629702998,-350.3713965531142
3418092.5743913827,-56.206316740512385,-54.638768897294206,-350.45639847172924
3423971.4289132613,-56.26701714430479,-54.698474818445916,-350.54136243056547
3429860.394609643,-56.32772067756585,-54.758180733776484,-350.6262886740232
3435759.4888709662,-56.38842735065826,-54.81788664330762,-350.71117744614037
3441668.72911757,-56.44913717397303,-54.87759254706103,-350.7960289905932
3447588.132799778,-56.50985015792997,-54.93729844505878,-350.88084355069714
3453517.7173979054,-56.570566312977206,-54.99700433732278,-350.9656213694076
3459457.500422339,-56.63128564959165,-55.056710223875136,-351.05036268932054
3465407.499413575,-56.6920081782788,-55.11641610473796,-351.13506775267376
3471367.7319422993,-56.752733909573195,-55.176121979933654,-351.21973680134744
3477338.215609397,-56.81346285403798,-55.235827849484515,-351.30437007686476
3483318.968046032,-56.87419502226531,-55.29553371341298,-351.38896782039285
3489310.006913693,-56.93493042487628,-55.355239571741556,-351.4735302727436
3495311.3499042448,-56.99566907252105,-55.41494542449282,-351.5580576743741
3501323.01473998,-57.0564109758789,-55.47465127168941,-351.64255026538774
3507345.019173674,-57.11715614565824,-55.53435711335407,-351.72700828553513
3513377.380988634,-57.17790459259678,-55.59406294950957,-351.8114319742143
3519420.1179987537,-57.23865632746147,-55.653768780178716,-351.8958215704717
3525473.2480485654,-57.29941136104867,-55.71347460538441,-351.98017731300286
3531536.789013285,-57.36016970418409,-55.77318042514954,-352.06449944015316
3537610.7587988954,-57.42093136772314,-55.832886239497206,-352.14878818991883
3543695.1753421524,-57.4816963625506,-55.89259204845037,-352.2330437999469
3549790.0566106704,-57.54246469958095,-55.95229785203213,-352.3172665075366
3555895.420602959,-57.60323638975826,-56.012003650265505,-352.40145654963965
3562011.285348507,-57.66401144405661,-56.07170944317381,-352.48561416286145
3568137.668907788,-57.72478987347967,-56.13141523078011,-352.56973958346094
3574274.5893723485,-57.7855716890611,-56.19112101310766,-352.6538330473518
3580422.0648648483,-57.84635690186445,-56.25082679017966,-352.7378947901031
3586580.1135391183,-57.907145522983384,-56.310532562019404,-352.82192504693995
3592748.753580213,-57.96793756354156,-56.37023832865015,-352.9059240527439
3598928.0032044626,-58.02873303469284,-56.42994409009522,-352.9898920420537
3605117.8806595285,-58.08953194762129,-56.48964984637793,-353.0738292490662
3611318.4042244568,-58.15033431354125,-56.5493555975216,-353.15773590763655
3617529.5922097317,-58.211140143697406,-56.60906134354956,-353.241612251279
3623751.4629573305,-58.271949449364875,-56.66876708448521,-353.3254585131674
3629984.03484077,-58.33276224184914,-56.72847282035179,-353.40927492613633
3636227.32626519,-58.39357853248649,-56.78817855117284,-353.493061722681
3642481.3556673625,-58.45439833264354,-56.84788427697164,-353.576819134958
3648746.1415157784,-58.51522165371772,-56.90758999777155,-353.66054739478625
3655021.7023106846,-58.57604850713707,-56.96729571359587,-353.74424673364695
3661308.0565841696,-58.63687890436068,-57.0270014244681,-353.82791738268514
3667605.222900173,-58.69771285687826,-57.08670713041151,-353.91155957270905
3673913.2198545714,-58.758550376210565,-57.14641283144945,-353.9951735341915
3680232.066075223,-58.8193914739093,-57.206118527605256,-354.0787594972703
3686561.780222026,-58.880236161557264,-57.26582421890224,-354.16231769174834
3692902.3809869722,-58.94108445076836,-57.3255299053637,-354.24584834709475
3699253.8870942015,-59.001936353187716,-57.38523558701294,-354.32935169244513
3705616.3173000575,-59.06279188049169,-57.444941263873204,-354.4128279566019
3711989.6903931443,-59.12365104438794,-57.504646935967756,-354.49627736803524
3718374.0251943804,-59.184513856615546,-57.56435260331983,-354.5797001548831
3724769.340557055,-59.24538032894503,-57.62405826595261,-354.66309654495217
3731175.6553668757,-59.30625047317835,-57.6837639238892,-354.74646676571797
3737592.988542055,-59.36712430114927,-57.74346957715291,-354.8298110443258
3744021.3590333206,-59.42800182472296,-57.80317522576677,-354.9131296075907
3750460.7858240013,-59.48888305579639,-57.86288086975388,-354.99642268199824
3756911.287930068,-59.54976800629822,-57.922586509137226,-355.0796904937048
3763372.884400221,-59.61065668818919,-57.98229214393996,-355.1629332685385
3769845.5943158995,-59.67154911346167,-58.041997774185006,-355.24615123199897
3776329.4367913697,-59.73244529414015,-58.101703399895335,-355.3293446092583
3782824.4309737715,-59.79334524228107,-58.161409021093846,-355.41251362516124
3789330.596043178,-59.854248969973,-58.221114637803396,-355.49565850422573
3795847.9512126492,-59.91515648933668,-58.280820250046844,-355.57877947064327
3802376.5157282907,-59.97606781252508,-58.340525857846984,-355.66187674827944
3808916.3088693097,-60.03698295172341,-58.40023146122655,-355.7449505606742
3815467.349948073,-60.09790191914927,-58.45993706020824,-355.82800113104247
3822029.6583101614,-60.15882472705268,-58.51964265481474,-355.91102868227426
3828603.2533344226,-60.21975138771605,-58.57934824506856,-355.99403343693524
3835188.1544330567,-60.28068191345456,-58.639053830992424,-356.0770156172674
3841784.381051629,-60.34161631661576,-58.698759412608766,-356.1599754451888
3848391.9526691553,-60.40255460957997,-58.758464989940045,-356.2429131422944
3855010.8887981484,-60.46349680476017,-58.81817056300861,-356.32582892985636
3861641.2089847038,-60.52444291460234,-58.87787613183696,-356.40872302882445
3868282.9328085105,-60.58539295158511,-58.93758169644734,-356.49159565982626
3874936.079882941,-60.64634692822012,-58.99728725686198,-356.5744470431675
3881600.669855103,-60.70730485705197,-59.056992813103065,-356.6572773988328
3888276.7224058937,-60.76826675065835,-59.116698365192775,-356.74008694648523
3894964.2572500603,-60.829232621650036,-59.176403913153166,-356.8228759054677
3901663.2941362592,-60.89020248267101,-59.23610945700624,-356.9056444948023
3908373.852847111,-60.95117634639845,-59.295814996774,-356.98839293319105
3915095.953199262,-61.01215422554289,-59.35552053247832,-357.0711214390165
3921829.6150434418,-61.0731361328482,-59.415226064141066,-357.1538302303416
3928574.8582645208,-61.13412208109168,-59.474931591783985,-357.23651952490985
3935331.702781563,-61.19511208308409,-59.534637115428744,-357.31918954014634
3942100.168547915,-61.2561061516699,-59.59434263509713,-357.40184049315735
3948880.2755512167,-61.31710429972702,-59.65404815081067,-357.484472600731
3955672.043813495,-61.37810654016712,-59.713753662590875,-357.5670860793372
3962475.493391204,-61.439112885935515,-59.77345917045915,-357.6496811451281
3969290.6443753177,-61.50012335001156,-59.83316467443701,-357.732258013939
3976117.5168913407,-61.56113794540825,-59.89287017454572,-357.8148169012872
3982956.1310994006,-61.62215668517259,-59.95257567080654,-357.89735802237345
3989806.507194298,-61.68317958238557,-60.01228116324065,-357.97988159208177
3996668.6654055677,-61.74420665016225,-60.071986651869196,-358.0623878249797
4003542.625997537,-61.805237901651765,-60.131692136713184,-358.1448769353184
4010428.409269387,-61.86627335003749,-60.19139761779363,-358.2273491370333
4017326.035555211,-61.92731300853697,-60.25110309513143,-358.3098046437439
4024235.5252240766,-61.98835689040209,-60.31080856874743,-358.3922436687542
4031156.8986800835,-62.04940500891909,-60.3705140386624,-358.4746664250529
4038090.1763624256,-62.11045737740862,-60.43021950489703,-358.55707312531337
4045035.378745442,-62.171514009225774,-60.48992496747188,-358.6394639818943
4051992.5263387104,-62.232574917760374,-60.54963042640761,-358.72183920683955
4058961.6396870594,-62.29364011643661,-60.60933588172467,-358.8041990118785
4065942.739370653,-62.354709618713414,-60.66904133344336,-358.8865436084259
4072935.8460050756,-62.415783438084574,-60.728746781584164,-358.9688732075827
4079940.980241345,-62.47686158807852,-60.788452226167244,-359.0511880201356
4086958.162766005,-62.53794408225855,-60.84815766721281,-359.1334882565574
4093987.414301178,-62.59903093422289,-60.90786310474095,-359.2157741270074
4101028.755604628,-62.66012215760475,-60.96756853877167,-359.2980458413313
4108082.20746982,-62.72121776607232,-61.02727396932495,-359.38030360906134
4115147.7907259823,-62.78231777332893,-61.086979396420666,-359.46254763941647
4122225.5262381677,-62.84342219311302,-61.14668482007858,-359.54477814130263
4129315.4349073158,-62.90453103919827,-61.206390240318456,-359.626995323313
4136417.5376703134,-62.96564432539358,-61.266095657159894,-359.7091993937274
4143531.855500058,-63.02676206554321,-61.325801070622475,-359.7913905605132
4150658.40940551,-63.087884273526726,-61.38550648072563,-359.8735690313252
4157797.2204317884,-63.149010963259336,-61.44521188748889,-359.9557350135058
4164948.3096601837,-63.21014214869156,-61.50491729093151,-360.0378887140845
4172111.698208253,-63.27127784380953,-61.564622691072756,-360.12003033977896
4179287.407229865,-63.33241806263494,-61.62432808793173,-360.2021600969943
4186475.4579152963,-63.39356281922535,-61.68403348152765,-360.28427819182394
4193675.8714912455,-63.45471212767387,-61.743738871879465,-360.36638483004873
4200888.669220926,-63.51586600210946,-61.80344425900611,-360.4484802171376
4208113.872404124,-63.57702445669694,-61.86314964292645,-360.530564558248
4215351.502377258,-63.63818750563699,-61.92285502365924,-360.61263805822506
4222601.580513445,-63.699355163166366,-61.982560401223196,-360.69470092160213
4229864.1282225605,-63.760527443557734,-62.04226577563691,-360.7767533526012
4237139.166951305,-63.821704361119885,-62.101971146918935,-360.8587955551321
4244426.718183266,-63.882885930197766,-62.16167651508772,-360.94082773279325
4251726.803438977,-63.944072165172486,-62.22138188016163,-361.02285008887134
4259039.444275992,-64.00526308046143,-62.28108724215897,-361.1048628263415
4266364.662288927,-64.0664586905182,-62.34079260109786,-361.18686614786714
4273702.4791095685,-64.127659009833,-62.40049795699659,-361.2688602558004
4281052.916406881,-64.1888640529322,-62.460203309873144,-361.35084535218164
4288415.995887109,-64.25007383437875,-62.51990865974549,-361.4328216387396
4295791.739293817,-64.31128836877207,-62.57961400663143,-361.51478931689155
4303180.168407997,-64.37250767074832,-62.63931935054893,-361.59674858774343
4310581.305048075,-64.43373175498017,-62.69902469151567,-361.67869965208934
4317995.171070009,-64.494960636177,-62.758730029549234,-361.7606427104119
4325421.7883673515,-64.55619432908496,-62.81843536466723,-361.84257796288193
4332861.178871308,-64.617432848487,-62.87814069688714,-361.924505609359
4340313.3645508075,-64.67867620920295,-62.93784602622636,-362.0064258493908
4347778.367412557,-64.73992442608954,-62.99755135270221,-362.0883388822132
4355256.20950112,-64.80117751404049,-63.057256676331946,-362.1702449067505
4362746.912898972,-64.86243548798649,-63.11696199713271,-362.25214412161523
4370250.499726568,-64.92369836289537,-63.176667315121605,-362.3340367251079
4377766.992142401,-64.98496615377198,-63.23637263031553,-362.4159229152172
4385296.412343102,-65.0462388756586,-63.29607794273157,-362.49780288962006
4392838.782563449,-65.1075165436345,-63.35578325238647,-362.5796768456809
4400394.125076475,-65.16879917281634,-63.415488559297,-362.66154498045256
4407962.462193508,-65.23008677835803,-63.47519386347977,-362.74340749067505
4415543.816264279,-65.2913793754511,-63.5348991649515,-362.82526457277675
4423138.209676933,-65.35267697932429,-63.59460446372865,-362.9071164228733
4430745.664858126,-65.41397960524395,-63.65430975982765,-362.98896323676786
4438366.20427309,-65.47528726851395,-63.71401505326483,-363.07080520995095
4445999.850425692,-65.5365999844758,-63.7737203440565,-363.1526425376007
4453646.625858508,-65.59791776850858,-63.83342563221885,-363.23447541458205
4461306.553152882,-65.65924063602917,-63.89313091776796,-363.3163040354473
4468979.654928997,-65.72056860249216,-63.95283620071992,-363.3981285944355
4476665.953845942,-65.78190168338993,-64.01254148109062,-363.4799492854728
4484365.472601777,-65.84323989425275,-64.07224675889599,-363.56176630217175
4492078.233933601,-65.90458325064877,-64.13195203415178,-363.6435798378316
4499804.26061761,-65.96593176818405,-64.19165730687367,-363.72539008543777
4507543.5754692005,-66.02728546250282,-64.2513625770774,-363.8071972376624
4515296.201342983,-66.08864434928722,-64.31106784477849,-363.8890014868634
4523062.161132885,-66.1500084442575,-64.37077310999241,-363.97080302508436
4530841.4777722,-66.21137776317202,-64.43047837273448,-364.0526020440551
4538634.174233693,-66.27275232182757,-64.49018363302017,-364.134398735191
4546440.273529612,-66.33413213605891,-64.54988889086464,-364.21619328959247
4554259.798711797,-66.39551722173925,-64.60959414628307,-364.29798589804545
4562092.77287173,-66.4569075947801,-64.66929939929054,-364.379776751021
4569939.219140612,-66.51830327113134,-64.72900464990204,-364.46156603867473
4577799.160689427,-66.57970426678135,-64.78870989813251,-364.54335395084706
4585672.620729011,-66.6411105977569,-64.84841514399682,-364.62514067706303
4593559.622510121,-66.70252228012342,-64.90812038750971,-364.70692640653164
4601460.189323505,-66.76393932998478,-64.96782562868592,-364.78871132814595
4609374.344499968,-66.82536176348358,-65.02753086754002,-364.87049563048305
4617302.111410441,-66.88678959680102,-65.0872361040866,-364.95227950180345
4625243.513466044,-66.94822284615701,-65.14694133834001,-365.0340631300508
4633198.574118189,-67.00966152781035,-65.20664657031482,-365.1158467028526
4641167.316858594,-67.0711056580585,-65.26635180002525,-365.1976304075184
4649149.765219392,-67.13255525323777,-65.32605702748553,-365.2794144310408
4657145.94277318,-67.1940103297234,-65.38576225270978,-365.3611989600947
4665155.873133126,-67.25547090392966,-65.4454674757122,-365.44298418103733
4673179.579952979,-67.31693699230968,-65.50517269650676,-365.5247702799075
4681217.086927187,-67.3784086113556,-65.56487791510736,-365.60655744242575
4689268.417790944,-67.43988577759869,-65.62458313152787,-365.6883458539938
4697333.59632027,-67.50136850760931,-65.68428834578208,-365.7701356996949
4705412.646332079,-67.56285681799697,-65.7439935578837,-365.85192716429253
4713505.591684245,-67.62435072541038,-65.80369876784636,-365.9337204322311
4721612.456275676,-67.68585024653744,-65.86340397568361,-366.01551568763483
4729733.26404639,-67.7473553981054,-65.92310918140898,-366.09731311430824
4737868.038977572,-67.80886619688077,-65.98281438503585,-366.1791128957353
4746016.8050916465,-67.87038265966933,-66.04251958657747,-366.260915215079
4754179.586452386,-67.93190480331657,-66.1022247860473,-366.34272025518203
4762356.407164919,-67.99343264470708,-66.16192998345844,-366.4245281985651
4770547.291375843,-68.05496620076508,-66.22163517882399,-366.50633922742753
4778752.263273275,-68.1165054884542,-66.28134037215696,-366.58815352364667
4786971.347086968,-68.17805052477786,-66.34104556347044,-366.6699712687777
4795204.567088312,-68.23960132677882,-66.4007507527773,-366.751792644053
4803451.947590455,-68.3011579115396,-66.46045594009033,-366.83361783038197
4811713.512948365,-68.36272029618235,-66.52016112542233,-366.9154470083509
4819989.287558892,-68.42428849786893,-66.57986630878598,-366.99728035822216
4828279.295860852,-68.48586253380094,-66.63957149019387,-367.0791180599342
4836583.562335091,-68.5474424212198,-66.69927666965859,-367.16096029310137
4844902.111504561,-68.60902817740669,-66.75898184719257,-367.24280723701276
4853234.967934392,-68.67061981968268,-66.81868702280826,-367.3246590706328
4861582.156231965,-68.73221736540873,-66.878392196518,-367.40651597260023
4869943.701046981,-68.79382083198568,-66.93809736833403,-367.4883781212279
4878319.62707153,-68.85543023685435,-66.9978025382685,-367.5702456945026
4886709.959040196,-68.91704559749564,-67.05750770633364,-367.6521188700843
4895114.7217300795,-68.97866693143038,-67.11721287254149,-367.73399782530606
4903533.939960902,-69.04029425621947,-67.17691803690401,-367.8158827371734
4911967.638595065,-69.10192758946383,-67.23662319943307,-367.8977737823641
4920415.842537762,-69.16356694880476,-67.29632836014066,-367.97967113722774
4928878.5767369885,-69.22521235192347,-67.3560335190385,-368.0615749777852
4937355.866183662,-69.28686381654148,-67.41573867613832,-368.1434854797284
4945847.735911679,-69.34852136042046,-67.47544383145174,-368.2254028184193
4954354.210997997,-69.4101850013624,-67.53514898499037,-368.3073271688907
4962875.316562699,-69.47185475720954,-67.59485413676572,-368.38925870584444
4971411.0777690755,-69.53353064584445,-67.65455928678924,-368.4711976036519
4979961.519823695,-69.59521268519005,-67.71426443507232,-368.553144036353
4988526.66797648,-69.65690089320964,-67.77396958162629,-368.63509817765635
4997106.54752078,-69.71859528790691,-67.83367472646239,-368.71706020093814
5005701.183793438,-69.78029588732593,-67.89337986959175,-368.79903027924183
5014310.602174903,-69.84200270955142,-67.95308501102564,-368.88100858527844
5022934.828089248,-69.90371577270841,-68.012790150775,-368.962995291425
5031573.887004284,-69.9654350949625,-68.07249528885089,-369.0449905697246
5040227.804431612,-70.02716069451976,-68.13220042526413,-369.126994591886
5048896.605926743,-70.08889258962708,-68.19190556002573,-369.2090075292833
5057580.317089111,-70.15063079857167,-68.25161069314645,-369.2910295529547
5066278.963562189,-70.2123753396815,-68.31131582463699,-369.3730608336028
5074992.571033554,-70.27412623132518,-68.37102095450805,-369.45510154159376
5083721.165234965,-70.33588349191194,-68.43072608277025,-369.5371518469568
5092464.771942438,-70.39764713989177,-68.4904312094341,-369.6192119193839
5101223.416976319,-70.45941719375536,-68.55013633451014,-369.70128192822904
5109997.126201366,-70.52119367203414,-68.60984145800876,-369.78336204250786
5118785.925526822,-70.58297659330032,-68.66954657994035,-369.865452430897
5127589.840906489,-70.64476597616688,-68.72925170031516,-369.9475532617339
5136408.898338811,-70.70656183928764,-68.7889568191435,-370.0296647030157
5145243.123866935,-70.76836420135722,-68.84866193643543,-370.1117869223993
5154092.543578832,-70.83017308111121,-68.90836705220124,-370.1939200872006
5162957.183607312,-70.89198849732594,-68.9680721664509,-370.2760643643938
5171837.070130139,-70.95381046881867,-69.02777727919441,-370.3582199206111
5180732.229370093,-71.01563901444757,-69.08748239044166,-370.4403869221419
5189642.687595086,-71.0774741531119,-69.14718750020265,-370.52256553493277
5198568.471118177,-71.13931590375164,-69.20689260848714,-370.60475592458624
5207509.606297691,-71.20116428534787,-69.26659771530488,-370.6869582563605
5216466.119537289,-71.26301931692268,-69.32630282066557,-370.76917269516906
5225438.037286044,-71.3248810175391,-69.38600792457889,-370.8513994055799
5234425.386038517,-71.38674940630123,-69.44571302705438,-370.93363855181497
5243428.192334841,-71.44862450235419,-69.50541812810161,-371.0158902977496
5252446.482760793,-71.51050632488416,-69.56512322773,-371.0981548069121
5261480.283947878,-71.57239489311843,-69.62482832594901,-371.1804322424829
5270529.622573403,-71.6342902263253,-69.68453342276798,-371.26272276729395
5279594.525360559,-71.69619234381426,-69.74423851819621,-371.3450265438286
5288675.019078489,-71.75810126493579,-69.80394361224288,-371.4273437342204
5297771.130542408,-71.82001700908171,-69.8636487049173,-371.50967450025297
5306882.886613617,-71.88193959568478,-69.92335379622854,-371.5920190033589
5316010.31419963,-71.94386904421903,-69.98305888618569,-371.67437740461963
5325153.440254229,-72.00580537419947,-70.04276397479767,-371.7567498647646
5334312.291777585,-72.06774860518262,-70.1024690620736,-371.8391365441706
5343486.895816275,-72.12969875676588,-70.16217414802233,-371.9215376028611
5352677.279463406,-72.19165584858798,-70.2218792326527,-372.00395320050615
5361883.469858683,-72.25361990032881,-70.28158431597353,-372.08638349642075
5371105.4941884875,-72.31559093170952,-70.34128939799353,-372.16882864956506
5380343.379685963,-72.37756896249245,-70.40099447872144,-372.2512888185437
5389597.153631086,-72.43955401248117,-70.46069955816589,-372.33376416160434
5398866.84335076,-72.50154610152047,-70.52040463633544,-372.41625483663813
5408152.476218882,-72.56354524949646,-70.58010971323864,-372.4987610011783
5417454.079656433,-72.6255514763364,-70.63981478888397,-372.58128281239965
5426771.681131545,-72.6875648020088,-70.6995198632798,-372.66382042711797
5436105.308159626,-72.7495852465236,-70.75922493643463,-372.7463740017896
5445454.9883033745,-72.81161282993183,-70.81893000835673,-372.8289436925102
5454820.749172906,-72.87364757232582,-70.87863507905436,-372.91152965501465
5464202.6184258135,-72.93568949383915,-70.93834014853567,-372.99413204467595
5473600.62376729,-72.99773861464685,-70.99804521680899,-373.0767510165049
5483014.792950148,-73.059794954965,-71.05775028388236,-373.159386725149
5492445.153774942,-73.12185853505106,-71.11745534976384,-373.242039324892
5501891.734090043,-73.18392937520375,-71.1771604144615,-373.32470896965344
5511354.561791719,-73.24600749576307,-71.23686547798323,-373.4073958129875
5520833.664824215,-73.30809291711029,-71.296570540337,-373.4901000080826
5530329.07117984,-73.37018565966795,-71.35627560153067,-373.57282170776045
5539840.808899047,-73.4322857438999,-71.41598066157206,-373.6555610644756
5549368.906070517,-73.49439319031121,-71.47568572046896,-373.7383182303147
5558913.390831241,-73.55650801944827,-71.53539077822907,-373.82109335699556
5568474.291366604,-73.6186302518987,-71.59509583486006,-373.9038865958667
5578051.635910456,-73.68075990829131,-71.65480089036953,-373.9866980979061
5587645.452745239,-73.74289700929639,-71.71450594476514,-374.0695280137217
5597255.770202007,-73.80504157562527,-71.77421099805441,-374.15237649354896
5606882.616660553,-73.86719362803059,-71.83391605024478,-374.23524368725145
5616526.020549469,-73.92935318730615,-71.89362110134364,-374.3181297443195
5626186.010346273,-73.9915202742872,-71.95332615135851,-374.4010348138699
5635862.614577433,-74.05369490985001,-72.01303120029668,-374.4839590446445
5645555.86181849,-74.11587711491212,-72.07273624816544,-374.56690258501004
5655265.78069413,-74.17806691043228,-72.13244129497204,-374.6498655829572
5664992.399878275,-74.24026431741042,-72.19214634072368,-374.7328481860996
5674735.748094161,-74.30246935688767,-72.25185138542753,-374.81585054167357
5684495.854114428,-74.36468204994631,-72.31155642909069,-374.8988727965369
5694272.746761202,-74.42690241770984,-72.37126147172023,-374.98191509716844
5704066.4549061805,-74.48913048134284,-72.43096651332321,-375.0649775896667
5713877.007470718,-74.55136626205105,-72.4906715539066,-375.1480604197501
5723704.43342591,-74.61360978108131,-72.55037659347728,-375.23116373275514
5733548.761792673,-74.67586105972156,-72.61008163204212,-375.31428767363633
5743410.021641867,-74.73812011930096,-72.66978666960813,-375.3974323869651
5753288.24209432,-74.80038698118959,-72.72949170618202,-375.48059801692915
5763183.4523209445,-74.86266166679854,-72.78919674177044,-375.56378470733114
5773095.6815428585,-74.92494419758022,-72.8489017763803,-375.6469926015891
5783024.959031406,-74.98723459502779,-72.9086068100182,-375.7302218427342
5792971.314108284,-75.04953288067549,-72.96831184269077,-375.81347257341076
5802934.776145623,-75.11183907609859,-73.02801687440459,-375.8967449358754
5812915.374566069,-75.17415320291326,-73.08772190516619,-375.98003907199603
5822913.138842874,-75.23647528277665,-73.14742693498212,-376.06335512325126
5832928.098499983,-75.29880533738685,-73.20713196385883,-376.14669323072917
5842960.283112117,-75.3611433884828,-73.26683699180273,-376.23005353512696
5853009.722304865,-75.42348945784434,-73.3265420188202,-376.3134361767499
5863076.445754769,-75.48584356729218,-73.38624704491761,-376.3968412955105
5873160.483189414,-75.54820573868783,-73.44595207010121,-376.48026903092773
5883261.8643875,-75.61057599393352,-73.50565709437724,-376.5637195221261
5893380.6191789815,-75.67295435497255,-73.56536211775204,-376.647192907835
5903516.777445081,-75.73534084378863,-73.6250671402317,-376.73068932638773
5913670.369118427,-75.79773548240637,-73.6847721618224,-376.81420891572054
5923841.424183119,-75.86013829289095,-73.74447718253013,-376.897751813372
5934029.972674861,-75.92254929734847,-73.80418220236112,-376.98131815648225
5944236.044680981,-75.98496851792538,-73.86388722132132,-377.0649080817917
5954459.670340566,-76.04739597680887,-73.92359223941669,-377.14852172564053
5964700.879844541,-76.10983169622669,-73.98329725665319,-377.23215922396787
5974959.703435757,-76.17227569844714,-74.04300227303672,-377.31582071231054
5985236.17140908,-76.234728005779,-74.10270728857316,-377.39950632580263
5995530.31411148,-76.29718864057155,-74.16241230326831,-377.4832161991745
6005842.161942122,-76.3596576252145,-74.22211731712801,-377.5669504667518
6016171.745352456,-76.42213498213796,-74.28182233015796,-377.6507092624547
6026519.094846307,-76.48462073381245,-74.34152734236392,-377.73449271979695
6036884.240979961,-76.54711490274879,-74.40123235375155,-377.8183009718848
6047267.214362248,-76.60961751149802,-74.46093736432641,-377.90213415141676
6057668.045654681,-76.67212858265168,-74.52064237409428,-377.98599239068216
6068086.765571468,-76.7346481388413,-74.58034738306063,-378.0698758215603
6078523.404879659,-76.79717620273865,-74.640052391231,-378.15378457551964
6088977.994399208,-76.85971279705564,-74.69975739861083,-378.2377187836169
6099450.565003111,-76.92225794454436,-74.75946240520571,-378.32167857649654
6109941.1476174295,-76.98481166799688,-74.819167411021,-378.4056640843892
6120449.773221427,-77.04737399024526,-74.8788724160621,-378.4896754371109
6130976.472847647,-77.10994493416162,-74.93857742033435,-378.57371276406286
6141521.277582009,-77.17252452265788,-74.99828242384307,-378.6577761942297
6152084.218563898,-77.23511277868597,-75.05798742659354,-378.74186585617906
6162665.326986252,-77.29770972523758,-75.11769242859104,-378.8259818780604
6173264.634095664,-77.36031538534421,-75.17739742984077,-378.91012438760447
6183882.171192467,-77.4229297820771,-75.2371024303479,-378.9942935121218
6194517.969630826,-77.48555293854719,-75.2968074301176,-379.0784893785025
6205172.060818822,-77.54818487790493,-75.35651242915489,-379.1627121132144
6215844.476218593,-77.61082562334069,-75.41621742746501,-379.24696184230345
6226535.247346352,-77.67347519808406,-75.47592242505294,-379.33123869139155
6237244.40577253,-77.73613362540425,-75.53562742192369,-379.41554278567577
6247971.983121841,-77.79880092860982,-75.59533241808217,-379.49987424992855
6258718.011073436,-77.86147713104894,-75.65503741353348,-379.5842332084953
6269482.521360905,-77.92416225610887,-75.71474240828243,-379.6686197852945
6280265.545772438,-77.98685632721622,-75.77444740233395,-379.7530341038161
6291067.116150892,-78.04955936783682,-75.83415239569285,-379.837476287121
6301887.264393896,-78.11227140147567,-75.893857388364,-379.9219464578399
6312726.022453937,-78.17499245167687,-75.95356238035215,-380.0064447381726
6323583.422338459,-78.23772254202356,-76.01326737166207,-380.09097124988654
6334459.496109956,-78.30046169613787,-76.07297236229847,-380.1755261143164
6345354.275886069,-78.36320993768085,-76.13267735226607,-380.260109452363
6356267.793839677,-78.42596729035239,-76.19238234156953,-380.34472138449195
6367200.082198993,-78.48873377789123,-76.25208733021346,-380.4293620307334
6378151.173247649,-78.55150942407474,-76.31179231820241,-380.5140315106801
6389121.099324841,-78.61429425271918,-76.37149730554107,-380.59872994348797
6400109.8928253455,-78.67708828767923,-76.43120229223395,-380.6834574478733
6411117.58619967,-78.73989155284814,-76.49090727828552,-380.76821414211304
6422144.21195412,-78.80270407215761,-76.5506122637002,-380.85300014404345
6433189.80265095,-78.86552586957795,-76.6103172484826,-380.9378155710592
6444254.390908379,-78.92835696911762,-76.6700222326371,-381.0226605401123
6455338.00940074,-78.99119739482333,-76.729727216168,-381.10753516771126
6466440.690858563,-79.05404717078012,-76.78943219907976,-381.19243956991966
6477562.468068673,-79.11690632111109,-76.84913718137665,-381.27737386235606
6488703.373874285,-79.17977486997741,-76.908842163063,-381.36233816019217
6499863.441175101,-79.2426528415782,-76.96854714414309,-381.4473325781523
6511042.702927411,-79.3055402601506,-77.02825212462116,-381.5323572305124
6522241.192144182,-79.36843714996945,-77.08795710450144,-381.6174122310987
6533458.9418951655,-79.43134353534747,-77.1476620837881,-381.7024976932871
6544695.985306989,-79.49425944063498,-77.20736706248533,-381.7876137300022
6555952.355563241,-79.55718489021989,-77.2670720405972,-381.8727604537159
6567228.085904624,-79.62011990852784,-77.32677701812794,-381.957937976447
6578523.209628973,-79.68306452002173,-77.38648199508157,-382.04314640975963
6589837.7600914035,-79.74601874920184,-77.44618697146214,-382.1283858647627
6601171.770704387,-79.80898262060572,-77.50589194727361,-382.2136564521085
6612525.274937903,-79.87195615880835,-77.56559692252013,-382.2989582819922
6623898.306319455,-79.93493938842157,-77.62530189720556,-382.38429146415035
6635290.898434226,-79.9979323340944,-77.68500687133391,-382.4696561078603
6646703.084925162,-80.06093502051274,-77.74471184490906,-382.55505232193883
6658134.899493073,-80.12394747239946,-77.80441681793492,-382.6404802147414
6669586.37589673,-80.1869697145141,-77.86412179041535,-382.7259398941611
6681057.5479529705,-80.25000177165299,-77.92382676235421,-382.8114314676275
6692548.449536789,-80.31304366864902,-77.9835317337553,-382.89695504210596
6704059.114581446,-80.3760954303716,-78.04323670462242,-382.98251072409613
6715589.577078565,-80.43915708172659,-78.10294167495931,-383.06809861963154
6727139.871078215,-80.50222864765608,-78.16264664476968,-383.153718834278
6738710.030689073,-80.56531015313867,-78.22235161405736,-383.23937147313325
6750300.090078438,-80.62840162318886,-78.28205658282597,-383.32505664082515
6761910.083472388,-80.6915030828573,-78.34176155107919,-383.4107744415114
6773540.045155853,-80.75461455723047,-78.40146651882058,-383.4965249788779
6785190.009472773,-80.81773607143104,-78.46117148605391,-383.58230835613864
6796860.010826115,-80.8808676506171,-78.52087645278269,-383.6681246760332
6808550.083678028,-80.94400931998263,-78.58058141901049,-383.7539740408274
6820260.262549937,-81.00716110475702,-78.64028638474085,-383.83985655231123
6831990.582022638,-81.07032303020524,-78.6999913499773,-383.925772311798
6843741.0767364055,-81.13349512162762,-78.75969631472333,-384.0117214201235
6855511.781391092,-81.19667740435972,-78.81940127898243,-384.09770397764504
6867302.730746229,-81.25986990377227,-78.87910624275801,-384.1837200842402
6879113.959621136,-81.32307264527111,-78.93881120605353,-384.2697698393058
6890945.502895015,-81.38628565429693,-78.99851616887238,-384.3558533417572
6902797.395507059,-81.4495089563254,-79.05822113121796,-384.4419706900269
6914669.67245654,-81.51274257686674,-79.11792609309353,-384.5281219820636
6926562.3688029675,-81.57598654146611,-79.17763105450257,-384.61430731533164
6938475.51966611,-81.63924087570292,-79.23733601544835,-384.7005267868093
6950409.16022615,-81.7025056051911,-79.29704097593412,-384.78678049298793
6962363.325723768,-81.76578075557879,-79.3567459359631,-384.8730685298712
6974338.051460294,-81.82906635254858,-79.41645089553867,-384.95939099297414
6986333.372797732,-81.89236242181684,-79.476155854664,-385.04574797732175
6998349.325158921,-81.95566898913404,-79.53586081334225,-385.1321395774479
7010385.944027625,-82.01898608028449,-79.59556577157666,-385.2185658873949
7022443.264948635,-82.08231372108622,-79.65527072937034,-385.30502700071185
7034521.323527879,-82.14565193739091,-79.71497568672643,-385.3915230104541
7046620.155432523,-82.2090007550837,-79.77468064364808,-385.47805400918156
7058739.796391077,-82.27236020008309,-79.83438560013835,-385.56462008895863
7070880.282193503,-82.3357302983409,-79.89409055620031,-385.6512213413523
7083041.648691318,-82.39911107584206,-79.95379551183706,-385.7378578574316
7095223.931797702,-82.46250255860451,-80.01350046705159,-385.8245297277664
7107427.167487585,-82.52590477267898,-80.07320542184685,-385.91123704242625
7119651.391797819,-82.58931774414926,-80.13291037622596,-385.99797989098
7131896.640827191,-82.65274149913151,-80.19261533019187,-386.0847583624938
7144162.950736574,-82.71617606377438,-80.2523202837474,-386.1715725455307
7156450.35774908,-82.77962146425924,-80.31202523689565,-386.25842252814965
7168758.89815008,-82.84307772679938,-80.37173018963946,-386.3453083979041
7181088.608287363,-82.90654487764036,-80.43143514198172,-386.43223024184135
7193439.524571237,-82.9700229430597,-80.49114009392528,-386.51918814650116
7205811.683474632,-83.03351194936684,-80.55084504547304,-386.60618219791513
7218205.1215332085,-83.09701192290294,-80.61054999662778,-386.69321248160526
7230619.875345465,-83.16052289004074,-80.67025494739234,-386.78027908258326
7243055.981572848,-83.22404487718444,-80.7299598977695,-386.8673820853493
7255513.476939856,-83.28757791076966,-80.78966484776204,-386.95452157389104
7267992.398234155,-83.3511220172631,-80.84936979737276,-387.04169763168295
7280492.7823066795,-83.41467722316258,-80.90907474660429,-387.1289103416845
7293014.666071732,-83.47824355499681,-80.9687796954594,-387.21615978633974
7305558.086507146,-83.54182103932538,-81.02848464394084,-387.30344604757653
7318123.080654315,-83.60540970273846,-81.08818959205125,-387.39076920680463
7330709.68561835,-83.66900957185663,-81.1478945397933,-387.4781293449155
7343317.938568169,-83.73262067333087,-81.20759948716957,-387.5655265422806
7355947.8767366605,-83.79624303384253,-81.26730443418282,-387.6529608787513
7368599.537420706,-83.85987668010284,-81.32700938083556,-387.7404324336567
7381272.95798135,-83.92352163885299,-81.38671432713045,-387.82794128580355
7393968.175843895,-83.98717793686399,-81.44641927306998,-387.9154875134747
7406685.228498014,-84.05084560093641,-81.50612421865675,-388.00307119442834
7419424.153497854,-84.11452465790038,-81.56582916389331,-388.090692405897
7432184.988462159,-84.17821513461527,-81.62553410878215,-388.1783512245862
7444967.7710743705,-84.2419170579697,-81.68523905332577,-388.26604772667383
7457772.539082742,-84.30563045488125,-81.74494399752669,-388.35378198780904
7470599.330300453,-84.3693553522964,-81.80464894138737,-388.44155408311104
7483448.182605718,-84.43309177719037,-81.86435388491023,-388.52936408716823
7496319.133941884,-84.49683975656677,-81.92405882809767,-388.6172120740372
7509212.222317603,-84.56059931745799,-81.98376377095227,-388.7050981172418
7522127.485806854,-84.62437048692428,-82.04346871347627,-388.79302228977195
7535064.962549115,-84.68815329205412,-82.10317365567214,-388.8809846640828
7548024.690749444,-84.75194775996388,-82.16287859754215,-388.96898531209325
7561006.708678658,-84.8157539177979,-82.22258353908877,-389.05702430518596
7574011.054673349,-84.87957179272783,-82.28228848031432,-389.1451017142053
7587037.76713606,-84.94340141195292,-82.34199342122109,-389.2332176094569
7600086.884535383,-85.00724280269965,-82.40169836181138,-389.32137206070666
7613158.445406076,-85.07109599222161,-82.46140330208748,-389.40956513717924
7626252.48834917,-85.13496100779939,-82.52110824205168,-389.4977969075578
7639369.05203209,-85.1988378767403,-82.58081318170622,-389.5860674399826
7652508.175188762,-85.26272662637824,-82.64051812105333,-389.67437680205
7665669.896619736,-85.32662728407365,-82.70022306009525,-389.7627250608115
7678854.255192293,-85.39053987721314,-82.7599279988342,-389.85111228277276
7692061.289840547,-85.4544644332094,-82.8196329372723,-389.9395385338927
7705291.039565626,-85.51840097950122,-82.87933787541189,-390.02800387958257
7718543.5434356835,-85.582349543553,-82.93904281325501,-390.11650838470473
7731818.8405860895,-85.64631015285471,-82.99874775080386,-390.20505211357164
7745116.970219505,-85.71028283492167,-83.0584526880605,-390.2936351299452
7758437.971606063,-85.77426761729468,-83.11815762502717,-390.3822574970356
7771781.884083393,-85.83826452753934,-83.17786256170591,-390.47091927750034
7785148.747056796,-85.9022735932462,-83.23756749809883,-390.55962053344325
7798538.599999349,-85.96629484203048,-83.29727243420798,-390.64836132641346
7811951.482452016,-86.03032830153191,-83.35697737003544,-390.7371417174046
7825387.434023774,-86.09437399941457,-83.41668230558328,-390.82596176685365
7838846.49439172,-86.1584319633667,-83.4763872408535,-390.91482153464017
7852328.703301194,-86.22250222110041,-83.53609217584813,-391.0037210800852
7865834.100565894,-86.28658480035169,-83.59579711056917,-391.09266046195023
7879362.726067996,-86.35067972888001,-83.65550204501861,-391.18163973843644
7892914.61975827,-86.41478703446835,-83.71520697919847,-391.27065896718375
7906489.82165618,-86.47890674492272,-83.77491191311059,-391.3597182052695
7920088.3718500715,-86.54303888807246,-83.83461684675709,-391.44881750920814
7933710.310497189,-86.60718349176945,-83.89432178013983,-391.53795693494965
7947355.67782386,-86.67134058388834,-83.95402671326075,-391.627136537879
7961024.514125585,-86.7355101923261,-84.01373164612166,-391.71635637281474
7974716.859767213,-86.79969234500221,-84.07343657872461,-391.805616494009
7988432.755182975,-86.86388706985798,-84.13314151107144,-391.8949169551454
8002172.240876656,-86.92809439485664,-84.192846443164,-391.984257809339
8015935.357421709,-86.99231434798308,-84.25255137500415,-392.07363910913483
8029722.145461367,-87.0565469572437,-84.31225630659371,-392.16306090650727
8043532.645708769,-87.12079225066609,-84.37196123793457,-392.252523252859
8057366.898947074,-87.18505025629898,-84.4316661690285,-392.3420261990202
8071224.946029588,-87.24932100221193,-84.49137109987733,-392.4315697952474
8085106.827879881,-87.31360451649519,-84.55107603048285,-392.52115409122274
8099012.585491906,-87.3779008272594,-84.61078096084684,-392.61077913605305
8112942.259930126,-87.44220996263556,-84.67048589097107,-392.7004449782689
8126895.892329613,-87.50653195077456,-84.73019082085725,-392.79015166582366
8140873.523896237,-87.5708668198474,-84.78989575050721,-392.8798992460928
8154875.195906691,-87.63521459804448,-84.84960067992267,-392.9696877658728
8168900.949708677,-87.6995753135757,-84.9093056091053,-393.05951727137995
8182950.826720995,-87.76394899467013,-84.9690105380568,-393.1493878082503
8197024.868433731,-87.828335669576,-85.02871546677898,-393.23929942153813
8211123.116408282,-87.89273536656023,-85.08842039527345,-393.329252155715
8225245.612277544,-87.95714811390829,-85.14812532354186,-393.41924605466926
8239392.397746017,-88.02157393992402,-85.20783025158592,-393.50928116170485
8253563.514589933,-88.08601287292952,-85.26753517940725,-393.5993575195408
8267759.004657371,-88.15046494126474,-85.32724010700747,-393.6894751703099
8281978.909868389,-88.21493017328734,-85.38694503438826,-393.7796341555581
8296223.272215144,-88.27940859737257,-85.4466499615512,-393.86983451624377
8310492.133762013,-88.34390024191288,-85.5063548884979,-393.9600762927365
8324785.536645726,-88.40840513531785,-85.56605981522998,-394.0503595248165
8339103.523075462,-88.47292330601374,-85.6257647417489,-394.14068425167346
8353446.135333053,-88.53745478244376,-85.6854696680564,-394.23105051190646
8367813.415772997,-88.60199959306725,-85.74517459415398,-394.321458343522
8382205.406822657,-88.66655776635977,-85.80487952004317,-394.411907783934
8396622.150982352,-88.7311293308128,-85.86458444572546,-394.5023988699627
8411063.690825548,-88.79571431493376,-85.92428937120252,-394.5929316378339
8425530.068998884,-88.86031274724533,-85.98399429647574,-394.6835061231779
8440021.328222364,-88.92492465628555,-86.04369922154672,-394.7741223610289
8454537.511289468,-88.98955007060748,-86.10340414641686,-394.8647803858242
8469078.661067273,-89.05418901877896,-86.16310907108772,-394.9554802314033
8483644.820496595,-89.1188415293825,-86.22281399556074,-395.04622193100715
8498236.03259209,-89.18350763101486,-86.28251891983739,-395.13700551727703
8512852.34044241,-89.248187352287,-86.34222384391913,-395.22783102225446
8527493.787210306,-89.31288072182369,-86.40192876780739,-395.3186984773794
8542160.41613277,-89.37758776826335,-86.46163369150361,-395.40960791349073
8556852.27052116,-89.44230852025788,-86.52133861500923,-395.5005593608241
8571569.393761303,-89.50704300647216,-86.58104353832557,-395.5915528490121
8586311.829313705,-89.57179125558429,-86.6407484614542,-395.6825884070832
8601079.620713565,-89.63655329628492,-86.70045338439643,-395.7736660634611
8615872.811570974,-89.70132915727703,-86.7601583071536,-395.86478584596335
8630691.445571018,-89.7661188672759,-86.81986322972712,-395.95594778180146
8645535.566473966,-89.830922455009,-86.8795681521184,-396.0471518975798
8660405.218115298,-89.8957399492152,-86.93927307432875,-396.1383982192944
8675300.44440591,-89.96057137864503,-86.99897799635956,-396.2296867723329
8690221.289332215,-90.02541677206014,-87.0586829182121,-396.3210175814733
8705167.796956284,-90.09027615823335,-87.11838783988775,-396.4123906708836
8720140.01141597,-90.15514956594802,-87.17809276138779,-396.5038060641209
8735137.976925038,-90.2200370239982,-87.23779768271355,-396.5952637841304
8750161.7377733,-90.28493856118801,-87.29750260386632,-396.686763853245
8765211.338326741,-90.34985420633171,-87.3572075248474,-396.77830629318476
8780286.823027655,-90.41478398825326,-87.41691244565806,-396.86989112505574
8795388.23639475,-90.47972793578597,-87.47661736629951,-396.96151836934933
8810515.623023363,-90.54468607777278,-87.53632228677316,-397.05318804594214
8825669.027585471,-90.6096584430652,-87.59602720708016,-397.14490017409446
8840848.494829906,-90.67464506052369,-87.65573212722177,-397.2366547724502
8856054.069582447,-90.73964595901707,-87.7154370471992,-397.32845185903597
8871285.79674602,-90.8046611674226,-87.77514196701375,-397.42029145126025
8886543.721300729,-90.86969071462532,-87.83484688666663,-397.51217356591314
8901827.888304058,-90.93473462951799,-87.89455180615901,-397.60409821916517
8917138.342890987,-90.99979294100086,-87.95425672549212,-397.69606542656703
8932475.130274124,-91.06486567798137,-88.0139616446671,-397.78807520304866
8947838.29574384,-91.12995286937388,-88.07366656368522,-397.880127562919
8963227.884668399,-91.1950545440994,-88.13337148254759,-397.9722225198646
8978643.942494098,-91.26017073108537,-88.19307640125538,-398.0643600869499
8994086.514745396,-91.32530145926535,-88.25278131980978,-398.15654027661566
9009555.647025054,-91.39044675757876,-88.31248623821193,-398.2487631006794
9025051.385014262,-91.4556066549707,-88.37219115646297,-398.34102857033355
9040573.774472764,-91.52078118039141,-88.43189607456398,-398.4333366961457
9056122.861239057,-91.58597036279657,-88.4916009925162,-398.5256874880581
9071698.691230426,-91.65117423114636,-88.5513059103207,-398.6180809553861
9087301.310443146,-91.71639281440557,-88.61101082797859,-398.71051710681866
9102930.764952587,-91.78162614154323,-88.6707157454909,-398.8029959504168
9118587.100913417,-91.84687424153255,-88.73042066285888,-398.89551749361397
9134270.364559632,-91.91213714335026,-88.79012558008353,-398.9880817432144
9149980.602204764,-91.97741487597659,-88.8498304971659,-399.0806887053936
9165717.860242004,-92.042707468395,-88.90953541410711,-399.1733383856969
9181482.185144333,-92.10801494959183,-88.96924033090825,-399.2660307890396
9197273.623464664,-92.17333734855602,-89.02894524757032,-399.3587659197058
9213092.221835975,-92.2386746942789,-89.08865016409437,-399.45154378134816
9228938.02697145,-92.30402701575387,-89.14835508048148,-399.5443643769876
9244811.085664619,-92.36939434197616,-89.20805999673269,-399.63722770901217
9260711.444789488,-92.43477670194244,-89.26776491284897,-399.73013377917704
9276639.151300685,-92.50017412465067,-89.32746982883138,-399.82308258860377
9292594.252233582,-92.5655866390997,-89.38717474468089,-399.9160741377796
9308576.794704495,-92.6310142742893,-89.4468796603986,-400.00910842655765
9324586.825910728,-92.69645705921938,-89.50658457598544,-400.1021854541554
9340624.393130777,-92.76191502289008,-89.56628949144245,-400.1953052191549
9356689.543724434,-92.82738819430122,-89.62599440677047,-400.2884677195019
9372782.325133005,-92.8928766024525,-89.68569932197069,-400.38167295250605
9388902.78487933,-92.95838027634258,-89.74540423704399,-400.4749209148395
9405050.970568009,-93.0238992449692,-89.8051091519913,-400.5682116025371
9421226.929885512,-93.08943353732877,-89.86481406681361,-400.66154501099544
9437430.710600335,-93.15498318241616,-89.92451898151187,-400.75492113497285
9453662.360563124,-93.22054820922429,-89.98422389608699,-400.84833996858885
9469921.927706826,-93.28612864674395,-90.04392881053995,-400.9418015053233
9486209.460046832,-93.35172452396343,-90.10363372487166,-401.0353057380167
9502525.005681114,-93.41733586986831,-90.16333863908304,-401.128852658869
9518868.612790368,-93.4829627134411,-90.22304355317502,-401.2224422594396
9535240.329638138,-93.54860508366089,-90.28274846714842,-401.31607453064703
9551640.204571037,-93.6142630095034,-90.3424533810043,-401.40974946276833
9568068.286018772,-93.67993651994018,-90.40215829474349,-401.5034670454387
9584524.622494362,-93.74562564393861,-90.46186320836688,-401.5972272676509
9601009.26259425,-93.81133041046155,-90.52156812187526,-401.69103011775536
9617522.254998514,-93.87705084846722,-90.58127303526967,-401.7848755834596
9634063.648470905,-93.94278698690854,-90.64097794855093,-401.87876365182746
9650633.49185906,-94.00853885473312,-90.70068286171988,-401.97269430927923
9667231.834094629,-94.0743064808828,-90.76038777477736,-402.0666675415913
9683858.724193424,-94.14008989429351,-90.82009268772426,-402.16068333389546
9700514.21125556,-94.20588912389485,-90.87979760056143,-402.25474167067864
9717198.344465597,-94.27170419860983,-90.93950251328968,-402.34884253578304
9733911.173092691,-94.33753514735452,-90.99920742590987,-402.4429859124053
9750652.746490741,-94.40338199903786,-91.05891233842283,-402.53717178309614
9767423.114098523,-94.46924478256125,-91.11861725082935,-402.63140012976055
9784222.325439848,-94.5351235268183,-91.17832216313028,-402.72567093365717
9801050.430123687,-94.60101826069447,-91.23802707532636,-402.8199841753978
9817907.477844387,-94.66692901306699,-91.29773198741852,-402.91433983494784
9834793.518381715,-94.73285581280416,-91.3574368994075,-403.0087378916249
9851708.601601066,-94.79879868876537,-91.4171418112941,-403.1031783240996
9868652.777453586,-94.86475766980058,-91.47684672307903,-403.19766111039445
9885626.095976392,-94.93073278475036,-91.53655163476321,-403.2921862278847
9902628.607292598,-94.99672406244513,-91.59625654634735,-403.38675365329675
9919660.361611549,-95.06273153170508,-91.65596145783223,-403.4813633627088
9936721.409228945,-95.12875522133994,-91.7156663692186,-403.5760153315504
9953811.80052699,-95.19479516014853,-91.77537128050723,-403.67070953460234
9970931.585974542,-95.26085137691848,-91.83507619169887,-403.76544594599596
9988080.816127265,-95.32692390042597,-91.8947811027943,-403.86022453921385
10005259.541627768,-95.39301275943538,-91.9544860137942,-403.9550452870886
10022467.813205766,-95.459117982699,-92.01419092469936,-404.04990816180344
10039705.681678204,-95.52523959895663,-92.07389583551046,-404.14481313489154
10056973.19794949,-95.59137763693555,-92.1336007462283,-404.23976017723635
10074270.41301152,-95.65753212534975,-92.19330565685361,-404.33474925907086
10091597.377943913,-95.72370309290005,-92.25301056738704,-404.4297803499777
10108954.143914146,-95.78989056827346,-92.31271547782936,-404.52485341888934
10126340.762177695,-95.85609458014316,-92.37242038818123,-404.6199684340872
10143757.28407819,-95.92231515716789,-92.43212529844337,-404.7151253632022
10161203.761047553,-95.9885523279918,-92.49183020861643,-404.8103241732143
10178680.244606223,-96.05480612124431,-92.55153511870121,-404.9055648304527
10196186.786363188,-96.12107656553938,-92.61124002869835,-405.00084730059524
10213723.438016223,-96.18736368947546,-92.67094493860851,-405.0961715486686
10231290.251352018,-96.25366752163515,-92.73064984843238,-405.19153753904834
10248887.278246328,-96.31998809058484,-92.79035475817065,-405.2869452354586
10266514.57066414,-96.3863254248744,-92.85005966782396,-405.38239460097196
10284172.180659803,-96.45267955303687,-92.90976457739298,-405.47788559800995
10301860.160377188,-96.51905050358808,-92.96946948687832,-405.57341818834186
10319578.562049903,-96.5854383050266,-93.02917439628074,-405.66899233308624
10337327.438001335,-96.65184298583297,-93.08887930560084,-405.76460799270956
10355106.840644885,-96.7182645744697,-93.14858421483926,-405.86026512702665
10372916.822484098,-96.78470309938089,-93.20828912399664,-405.9559636952008
10390757.436112823,-96.85115858899182,-93.2679940330736,-406.0517036557436
10408628.734215364,-96.91763107170877,-93.32769894207078,-406.1474849665151
10426530.769566642,-96.98412057591854,-93.38740385098885,-406.24330758472354
10444463.595032323,-97.05062712998819,-93.44710875982827,-406.33917146692545
10462427.26356906,-97.11715076226496,-93.50681366858986,-406.4350765690264
10480421.828224527,-97.18369150107542,-93.56651857727415,-406.53102284627954
10498447.342137655,-97.25024937472561,-93.62622348588175,-406.62701025328704
10516503.85853877,-97.31682441150049,-93.68592839441325,-406.72303874399927
10534591.430749752,-97.3834166396637,-93.74563330286927,-406.8191082717156
10552710.112184186,-97.4500260874572,-93.80533821125039,-406.9152187890839
10570859.956347529,-97.51665278310097,-93.86504311955719,-407.01137024810055
10589041.016837241,-97.58329675479257,-93.9247480277902,-407.107562600111
10607253.347343028,-97.64995803070713,-93.98445293595016,-407.2037957958098
10625497.001646873,-97.71663663899665,-94.04415784403753,-407.3000697852404
10643772.033623284,-97.78333260778979,-94.10386275205292,-407.39638451779524
10662078.497239428,-97.8500459651917,-94.16356765999689,-407.4927399422164
10680416.446555292,-97.91677673928348,-94.22327256787001,-407.589136006595
10698785.93572384,-97.98352495812198,-94.28297747567284,-407.6855726583722
10717187.018991176,-98.05029064973944,-94.34268238340591,-407.7820498443386
10735619.750696681,-98.11707384214313,-94.40238729106974,-407.87856751063464
10754084.185273264,-98.18387456331514,-94.46209219866502,-407.97512560275106
10772580.377247382,-98.2506928412119,-94.52179710619218,-408.0717240655288
10791108.381239302,-98.31752870376386,-94.5815020136518,-408.16836284315906
10809668.251963234,-98.3843821788753,-94.64120692104441,-408.26504187918397
10828260.044227483,-98.45125329442385,-94.70091182837054,-408.36176111649615
10846883.81293463,-98.51814207826025,-94.76061673563069,-408.45852049733975
10865539.613081658,-98.58504855820792,-94.82032164282538,-408.5553199633098
10884227.499760205,-98.6519727620629,-94.88002654995523,-408.6521594553532
10902947.528156603,-98.71891471759312,-94.93973145702066,-408.74903891376846
10921699.753552113,-98.78587445253835,-94.99943636402224,-408.8459582782061
10940484.23132308,-98.85285199460975,-95.05914127096045,-408.94291748766926
10959301.016941097,-98.91984737148962,-95.1188461778358,-409.03991648051317
10978150.165973153,-98.98686061083103,-95.1785510846488,-409.1369551944464
10997031.734081818,-99.05389174025743,-95.23825599139995,-409.2340335665305
11015945.777025368,-99.12094078736231,-95.29796089808966,-409.3311515331802
11034892.350658052,-99.18800777970921,-95.35766580471856,-409.42830903016477
11053871.51093011,-99.25509274483082,-95.41737071128708,-409.52550599260684
11072883.31388804,-99.32219571022904,-95.47707561779572,-409.6227423549839
11091927.815674735,-99.38931670337453,-95.5367805242449,-409.7200180511282
11111005.072529646,-99.45645575170641,-95.59648543063518,-409.8173330142268
11130115.140788954,-99.52361288263188,-95.656190336967,-409.91468717682267
11149258.076885734,-99.5907881235259,-95.71589524324081,-410.0120804708144
11168433.9373501,-99.65798150173084,-95.77560014945702,-410.1095128274569
11187642.778809456,-99.72519304455639,-95.83530505561625,-410.20698417736173
11206884.65798854,-99.7924227792788,-95.89500996171886,-410.30449445049766
11226159.63170967,-99.85967073314073,-95.95471486776532,-410.4020435761906
11245467.756892897,-99.92693693335113,-96.01441977375609,-410.4996314831246
11264809.090556167,-99.99422140708458,-96.07412467969162,-410.5972580993416
11284183.689815493,-100.06152418148113,-96.13382958557236,-410.6949233522428
11303591.611885127,-100.12884528364602,-96.19353449139872,-410.79262716858835
11323032.914077695,-100.19618474064904,-96.25323939717113,-410.89036947449785
11342507.653804474,-100.26354257952478,-96.31294430289012,-410.9881501954514
11362015.888575407,-100.33091882727165,-96.37264920855606,-411.08596925628945
11381557.675999375,-100.39831351085189,-96.43235411416939,-411.18382658121345
11401133.073784348,-100.46572665719123,-96.49205901973053,-411.2817220937866
11420742.139737539,-100.53315829317845,-96.55176392523992,-411.37965571693405
11440384.931765592,-100.60060844566513,-96.61146883069797,-411.4776273729437
11460061.507874744,-100.66807714146532,-96.6711737361051,-411.57563698346627
11479771.926170975,-100.735564407355,-96.73087864146166,-411.6736844695163
11499516.244860271,-100.80307027007224,-96.79058354676818,-411.7717697514728
11519294.522248661,-100.87059475631628,-96.85028845202501,-411.86989274907916
11539106.816742478,-100.93813789274756,-96.9099933572326,-411.96805338144407
11558953.186848508,-101.00569970598727,-96.96969826239126,-412.06625156704234
11578833.691174166,-101.073280222617,-97.02940316750147,-412.16448722371507
11598748.388427665,-101.14087946917854,-97.0891080725636,-412.2627602686707
11618697.337418193,-101.20849747217333,-97.14881297757805,-412.36107061848486
11638680.597056063,-101.27613425806226,-97.20851788254514,-412.4594181891018
11658698.226352977,-101.3437898532655,-97.26822278746538,-412.55780289583475
11678750.284422064,-101.4114642841618,-97.3279276923391,-412.6562246533664
11698836.830478145,-101.47915757708837,-97.38763259716669,-412.75468337574927
11718957.923837889,-101.54686975834059,-97.44733750194851,-412.85317897640715
11739113.62391998,-101.61460085417154,-97.50704240668496,-412.95171136813525
11759303.990245303,-101.68235089079178,-97.56674731137639,-413.05028046310076
11779529.082437085,-101.75011989436891,-97.62645221602313,-413.14888617284373
11799788.960221177,-101.81790789102749,-97.68615712062567,-413.2475284082781
11820083.68342608,-101.88571490684834,-97.7458620251843,-413.3462070796916
11840413.31198322,-101.9535409678684,-97.8055669296994,-413.4449220967472
11860777.905927096,-102.02138610008048,-97.86527183417132,-413.5436733684832
11881177.52539547,-102.08925032943276,-97.9249767386004,-413.64246080331486
11901612.230629528,-102.15713368182855,-97.98468164298706,-413.741284309034
11922082.08197407,-102.22503618312598,-98.04438654733156,-413.8401437928105
11942587.139877664,-102.29295785913749,-98.10409145163426,-413.939039161193
11963127.464892909,-102.36089873562995,-98.16379635589558,-414.03797032010976
11983703.117676483,-102.42885883832373,-98.22350126011585,-414.1369371748688
12004314.158989415,-102.49683819289275,-98.2832061642954,-414.23593963015935
12024960.64969723,-102.56483682496412,-98.34291106843455,-414.33497759005223
12045642.650770143,-102.63285476011765,-98.40261597253367,-414.4340509580011
12066360.223283235,-102.70089202388569,-98.46232087659304,-414.53315963684287
12087113.428416625,-102.76894864175273,-98.52202578061303,-414.63230352879873
12107902.327455636,-102.83702463915495,-98.58173068459392,-414.73148253547487
12128726.981791073,-102.9051200414803,-98.64143558853613,-414.8306965578637
12149587.452919252,-102.97323487406766,-98.70114049243995,-414.929945496344
12170483.80244228,-103.04136916220673,-98.76084539630567,-415.0292292506823
12191416.092068221,-103.10952293113783,-98.82055030013363,-415.12854772003385
12212384.383611266,-103.17769620605134,-98.88025520392416,-415.227900802943
12233388.738991925,-103.24588901208757,-98.93996010767754,-415.32728839734466
12254429.220237207,-103.31410137433633,-98.99966501139414,-415.42671040056473
12275505.889480775,-103.38233331783648,-99.05936991507414,-415.5261667093213
12296618.808963235,-103.4505848675761,-99.119074818718,-415.6256572197256
12317768.041032165,-103.51885604849146,-99.178779722326,-415.7251818272828
12338953.648142401,-103.5871468854672,-99.2384846258984,-415.82474042689284
12360175.692856198,-103.65545740333582,-99.29818952943549,-415.9243329128517
12381434.237843411,-103.72378762687738,-99.35789443293763,-416.023959178852
12402729.345881686,-103.79213758081919,-99.41759933640505,-416.1236191179844
12424061.079856636,-103.8605072898355,-99.47730423983808,-416.22331262273815
12445429.502762012,-103.92889677854704,-99.53700914323693,-416.3230395850023
12466834.677699983,-103.99730607152107,-99.59671404660205,-416.42279989606686
12488276.667881176,-104.06573519327053,-99.65641894993361,-416.5225934466234
12509755.536624957,-104.13418416825411,-99.71612385323196,-416.6224201267666
12531271.347359596,-104.2026530208758,-99.77582875649736,-416.72227982599446
12552824.163622458,-104.27114177548455,-99.83553365973007,-416.8221724332104
12574414.049060185,-104.33965045637396,-99.89523856293039,-416.9220978367235
12596041.06742886,-104.40817908778195,-99.95494346609851,-417.02205592424974
12617705.282594305,-104.47672769389064,-100.01464836923488,-417.1220465829134
12639406.7585321,-104.54529629882565,-100.07435327233965,-417.22206969924787
12661145.559327887,-104.61388492665604,-100.13405817541314,-417.3221251591964
12682921.749177534,-104.68249360139397,-100.1937630784556,-417.422212848114
12704735.392387317,-104.75112234699432,-100.25346798146728,-417.52233265076785
12726586.553374115,-104.81977118735443,-100.3131728844485,-417.6224844513385
12748475.2966656,-104.88844014631368,-100.37287778739945,-417.7226681334216
12770401.686900398,-104.95712924765327,-100.43258269032037,-417.82288358002825
12792365.788828386,-105.02583851509605,-100.49228759321164,-417.9231306735866
12814367.667310735,-105.09456797230581,-100.55199249607344,-418.02340929594294
12836407.387320189,-105.16331764288729,-100.61169739890607,-418.12371932836265
12858485.013941247,-105.23208755038574,-100.67140230170972,-418.22406065153166
12880600.612370342,-105.30087771828669,-100.7311072044847,-418.32443314555735
12902754.247916047,-105.3696881700155,-100.7908121072312,-418.4248366899701
12924945.985999253,-105.43851892893714,-100.85051700994953,-418.52527116372397
12947175.892153349,-105.50737001835589,-100.91022191263981,-418.62573644519847
12969444.032024516,-105.57624146151511,-100.96992681530247,-418.7262324121996
12991750.471371757,-105.64513328159669,-101.02963171793768,-418.82675894196075
13014095.276067205,-105.71404550172085,-101.08933662054561,-418.92731591114403
13036478.51209629,-105.78297814494596,-101.14904152312658,-419.0279031958423
13058900.245557928,-105.85193123426805,-101.20874642568077,-419.1285206715791
13081360.542664722,-105.9209047926206,-101.26845132820847,-419.229168213311
13103859.469743155,-105.98989884287425,-101.32815623070988,-419.3298456954284
13126397.09323376,-106.0589134078363,-101.38786113318517,-419.43055299175666
13148973.479691423,-106.12794851025085,-101.44756603563468,-419.531289975558
13171588.69578542,-106.19700417279796,-101.50727093805861,-419.6320565195322
13194242.808299715,-106.26608041809362,-101.56697584045716,-419.7328524958182
13216935.884133141,-106.33517726868948,-101.62668074283056,-419.83367777599506
13239667.99029959,-106.40429474707244,-101.68638564517906,-419.934532231084
13262439.19392821,-106.47343287566436,-101.74609054750283,-420.0354157315489
13285249.56226361,-106.54259167682183,-101.80579544980212,-420.1363281472984
13308099.162666025,-106.61177117283572,-101.86550035207708,-420.23726934768644
13330988.062611625,-106.68097138593123,-101.92520525432805,-420.33823920151474
13353916.329692556,-106.7501923382671,-101.98491015655519,-420.43923757703294
13376884.03161724,-106.81943405193562,-102.0446150587587,-420.54026434194066
13399891.236210555,-106.88869654896226,-102.1043199609388,-420.6413193633891
13422938.011414034,-106.95797985130542,-102.16402486309569,-420.74240250798164
13446024.425286058,-107.02728398085605,-102.22372976522959,-420.843513641776
13469150.546002043,-107.09660895943729,-102.28343466734061,-420.94465263028525
13492316.44185474,-107.16595480880457,-102.34313956942913,-421.04581933847953
13515522.181254275,-107.23532155064476,-102.40284447149529,-421.1470136307873
13538767.832728462,-107.30470920657616,-102.46254937353923,-421.24823537109654
13562053.464922983,-107.37411779814832,-102.5222542755612,-421.3494844227566
13585379.146601576,-107.44354734684146,-102.58195917756139,-421.4507606485795
13608744.946646256,-107.51299787406643,-102.64166407953999,-421.55206391084147
13632150.934057502,-107.5824694011643,-102.70136898149721,-421.65339407128425
13655597.177954448,-107.65196194940599,-102.76107388343317,-421.75475099111657
13679083.747575184,-107.72147553999231,-102.82077878534815,-421.8561345310161
13702610.712276807,-107.79101019405324,-102.88048368724236,-421.9575445511304
13726178.141535727,-107.8605659326479,-102.94018858911593,-422.0589809110785
13749786.104947848,-107.93014277676421,-102.99989349096907,-422.1604434699527
13773434.672228776,-107.99974074731863,-103.05959839280195,-422.26193208632003
13797123.91321402,-108.06935986515577,-103.11930329461478,-422.3634466182235
13820853.8978592,-108.13900015104826,-103.17900819640772,-422.46498692318386
13844624.696240231,-108.2086616256963,-103.2387130981809,-422.56655285820113
13868436.37855363,-108.27834430972764,-103.29841799993461,-422.6681442797564
13892289.015116572,-108.34804822369699,-103.358122901669,-422.7697610438128
13916182.67636719,-108.41777338808585,-103.41782780338423,-422.8714030058178
13940117.43286477,-108.48751982330234,-103.47753270508048,-422.9730700207039
13964093.355289957,-108.55728754968072,-103.53723760675791,-423.0747619428913
13988110.514444957,-108.62707658748141,-103.5969425084167,-423.17647862628866
14012168.981253749,-108.69688695689035,-103.65664741005703,-423.278219924295
14036268.826762276,-108.76671867801892,-103.71635231167902,-423.37998568980106
14060410.122138748,-108.83657177090387,-103.77605721328294,-423.4817757751918
14084592.938673703,-108.90644625550658,-103.83576211486891,-423.583590032347
14108817.347780319,-108.97634215171311,-103.89546701643711,-423.6854283126433
14133083.420994595,-109.04625947933384,-103.95517191798768,-423.78729046695577
14157391.22997557,-109.11619825810325,-104.0148768195208,-423.8891763456598
14181740.846505534,-109.18615850767952,-104.07458172103662,-423.9910857986326
14206132.34249023,-109.25614024764445,-104.13428662253534,-424.09301867525477
14230565.789959049,-109.32614349750295,-104.19399152401701,-424.1949748244121
14255041.261065353,-109.39616827668316,-104.25369642548192,-424.2969540944975
14279558.828086514,-109.46621460453565,-104.3134013269302,-424.39895633341206
14304118.563424248,-109.53628250033361,-104.37310622836199,-424.50098138856737
14328720.539604792,-109.60637198327235,-104.43281112977745,-424.6030291068869
14353364.829279125,-109.67648307246911,-104.49251603117672,-424.70509933480776
14378051.50522318,-109.74661578696278,-104.55222093255996,-424.8071919182826
14402780.640338026,-109.81677014571359,-104.61192583392727,-424.90930670278095
14427552.307650212,-109.88694616760311,-104.67163073527891,-425.01144353329175
14452366.58031179,-109.95714387143357,-104.73133563661499,-425.1136022543239
14477223.531600665,-110.02736327592788,-104.79104053793563,-425.2157827099091
14502123.234920768,-110.09760439972936,-104.85074543924101,-425.3179847436033
14527065.763802284,-110.16786726140131,-104.91045034053124,-425.4202081984879
14552051.19190186,-110.23815187942701,-104.97015524180652,-425.5224529171724
14577079.593002833,-110.30845827220924,-105.02986014306693,-425.6247187417956
14602151.041015401,-110.37878645807007,-105.08956504431256,-425.7270055140275
14627265.609976985,-110.44913645525092,-105.14926994554374,-425.82931307507164
14652423.374052243,-110.51950828191174,-105.2089748467605,-425.9316412656657
14677624.407533426,-110.5899019561312,-105.26867974796298,-426.0339899260845
14702868.784840563,-110.66031749590628,-105.32838464915132,-426.13635889614136
14728156.580521679,-110.73075491915205,-105.38808955032566,-426.2387480151898
14753487.869253011,-110.8012142437014,-105.44779445148615,-426.34115712212565
14778862.72583924,-110.8716954873048,-105.5074993526329,-426.44358605538844
14804281.225213673,-110.9421986676301,-105.567204253766,-426.546034652964
14829743.442438582,-111.01272380226231,-105.62690915488571,-426.64850275238564
14855249.452705259,-111.0832709087032,-105.68661405599208,-426.7509901907362
14880799.331334341,-111.15384000437119,-105.74631895708526,-426.8534968046502
14906393.153776016,-111.22443110660109,-105.80602385816539,-426.95602243031504
14932030.995610237,-111.2950442326438,-105.86572875923258,-427.0585669034737
14957712.932546953,-111.36567939966622,-105.92543366028694,-427.16113005942634
14983439.040426321,-111.4363366247508,-105.98513856132865,-427.2637117330317
15009209.395218914,-111.50701592489538,-106.04484346235772,-427.3663117587097
15035024.073026057,-111.57771731701328,-106.10454836337445,-427.468929970443
15060883.150079872,-111.64844081793247,-106.16425326437884,-427.5715662017791
15086786.702743625,-111.71918644439573,-106.22395816537107,-427.674220285832
15112734.80751192,-111.78995421306038,-106.28366306635127,-427.77689205528435
15138727.541010927,-111.86074414049797,-106.3433679673195,-427.8795813423892
15164764.979998607,-111.93155624319408,-106.4030728682759,-427.982287978972
15190847.201364938,-112.00239053754808,-106.46277776922062,-428.085011796433
15216974.282132113,-112.0732470398729,-106.52248267015368,-428.1877526257482
15243146.299454886,-112.14412576639498,-106.58218757107535,-428.29051029747257
15269363.330620628,-112.21502673325374,-106.6418924719857,-428.39328464174105
15295625.453049658,-112.28594995650147,-106.70159737288479,-428.4960754882706
15321932.744295457,-112.35689545210322,-106.76130227377277,-428.5988826663629
15348285.282044893,-112.42786323593651,-106.82100717464975,-428.7017060049056
15374683.144118449,-112.49885332379107,-106.88071207551585,-428.80454533237446
15401126.408470452,-112.56986573136864,-106.94041697637115,-428.90740047683573
15427615.153189272,-112.64090047428269,-107.00012187721572,-429.0102712659476
15454149.456497682,-112.71195756805854,-107.05982677804982,-429.11315752696294
15480729.396752898,-112.78303702813263,-107.11953167887346,-429.2160590867305
15507355.052446932,-112.85413886985265,-107.17923657968677,-429.3189757716974
15534026.502206797,-112.9252631084772,-107.23894148048984,-429.42190740791096
15560743.824794743,-112.99640975917563,-107.29864638128278,-429.5248538210212
15587507.09910848,-113.06757883702787,-107.35835128206573,-429.62781483628214
15614316.404181387,-113.13877035702401,-107.41805618283865,-429.7307902785543
15641171.819182869,-113.2099843340645,-107.47776108360188,-429.8337799723069
15668073.423418399,-113.28122078295948,-107.53746598435539,-429.93678374161976
15695021.296329882,-113.35247971842884,-107.59717088509929,-430.03980141018485
15722015.51749586,-113.423761155102,-107.65687578583368,-430.1428328013091
15749056.16663174,-113.4950651075176,-107.71658068655867,-430.2458777379164
15776143.323590035,-113.56639159012346,-107.77628558727437,-430.34893604254904
15803277.068360595,-113.63774061727617,-107.83599048798087,-430.4520075373706
15830457.481070822,-113.709112203241,-107.89569538867818,-430.5550920441673
15857684.64198602,-113.78050636219199,-107.95540028936657,-430.65818938435103
15884958.63150945,-113.85192310821111,-108.01510519004603,-430.76129937896036
15912279.53018269,-113.92336245528864,-108.07481009071671,-430.8644218486633
15939647.418685844,-113.99482441732266,-108.13451499137864,-430.96755661375965
15967062.377837785,-114.06630900811899,-108.19421989203195,-431.0707034941823
15994524.48859638,-114.13781624139104,-108.25392479267676,-431.1738623095
16022033.83205874,-114.20934613075941,-108.31362969331312,-431.2770328789194
16049590.48946143,-114.2808986897519,-108.37333459394105,-431.3802150212868
16077194.542180821,-114.35247393180336,-108.4330394945608,-431.483408555091
16104846.071733162,-114.42407187025532,-108.4927443951724,-431.58661329846484
16132545.159774926,-114.49569251835585,-108.55244929577593,-431.68982906918757
16160291.88810303,-114.5673358892595,-108.61215419637146,-431.7930556846867
16188086.33865508,-114.63900199602692,-108.67185909695908,-431.89629296204066
16215928.593509603,-114.71069085162492,-108.73156399753894,-431.99954071798095
16243818.7348863,-114.7824024689261,-108.79126889811104,-432.1027987688937
16271756.845146244,-114.85413686070862,-108.85097379867545,-432.2060669308223
16299743.00679227,-114.92589403965646,-108.9106786992324,-432.3093450194701
16327777.302469004,-114.9976740183586,-108.97038359978185,-432.4126328502011
16355859.814963251,-115.0694768093093,-109.03008850032396,-432.5159302380437
16383990.627204206,-115.14130242490776,-109.08979340085877,-432.619236997692
16412169.822263692,-115.21315087745802,-109.14949830138636,-432.72255294350833
16440397.483356409,-115.28502217916868,-109.2092032019068,-432.8258778895254
16468673.69384018,-115.35691634215289,-109.26890810242021,-432.92921164944823
16496998.537216166,-115.42883337842788,-109.32861300292657,-433.0325540366569
16525372.097129242,-115.50077329991541,-109.38831790342613,-433.1359048642085
16553794.457368046,-115.57273611844084,-109.44802280391889,-433.2392639448391
16582265.701865358,-115.64472184573347,-109.50772770440491,-433.3426310909663
16610785.914698318,-115.71673049342616,-109.56743260488426,-433.4460061146913
16639355.180088669,-115.7887620730553,-109.62713750535706,-433.54938882780135
16667973.582403013,-115.86081659606057,-109.68684240582336,-433.65277904177174
16696641.20615302,-115.93289407378472,-109.74654730628316,-433.75617656776797
16725358.135995815,-116.00499451747379,-109.8062522067367,-433.8595812166486
16754124.456734024,-116.0771179382763,-109.86595710718396,-433.96299279896675
16782940.253316164,-116.14926434724366,-109.92566200762502,-434.0664111249727
16811805.610836852,-116.2214337553297,-109.98536690805997,-434.169836004616
16840720.614537068,-116.2936261733907,-110.04507180848887,-434.2732672475481
16869685.349804398,-116.3658416121852,-110.10477670891179,-434.3767046631244
16898699.902173277,-116.4380800823737,-110.16448160932882,-434.48014806040624
16927764.357325237,-116.51034159451865,-110.22418650973992,-434.58359724816336
16956878.80108926,-116.58262615908448,-110.28389141014536,-434.6870520348768
16986043.319441862,-116.65493378643704,-110.34359631054511,-434.79051222874006
17015257.998507455,-116.72726448684374,-110.40330121093922,-434.89397763766226
17044522.924558576,-116.79961827047335,-110.46300611132779,-434.9974480692699
17073838.184016153,-116.87199514739584,-110.52271101171087,-435.1009233309096
17103203.863449745,-116.94439512758225,-110.58241591208854,-435.20440322965027
17132620.04957781,-117.01681822090464,-110.64212081246085,-435.30788757228476
17162086.82926791,-117.0892644371356,-110.7018257128278,-435.41137616533325
17191604.28953713,-117.16173378594881,-110.76153061318962,-435.5148688150452
17221172.517552104,-117.23422627691811,-110.82123551354628,-435.61836532740085
17250791.600629423,-117.30674191951792,-110.88094041389789,-435.7218655081147
17280461.62623585,-117.37928072312279,-110.94064531424443,-435.8253691626372
17310182.6819886,-117.45184269700755,-111.00035021458606,-435.9288760961569
17339954.855655566,-117.5244278503469,-111.06005511492276,-436.03238611360354
17369778.235155605,-117.59703619221551,-111.11976001525464,-436.1358990196496
17399652.90855875,-117.66966773158768,-111.1794649155817,-436.23941461871283
17429578.964086607,-117.74232247733758,-111.23916981590412,-436.3429327149591
17459556.49011242,-117.81500043823867,-111.29887471622189,-436.446453112304
17489585.575161457,-117.8877016229638,-111.35857961653507,-436.5499756144157
17519666.30791125,-117.96042604008518,-111.41828451684374,-436.6535000247168
17549798.77719184,-118.0331736980741,-111.47798941714794,-436.7570261463873
17579983.071986057,-118.10594460530089,-111.53769431744772,-436.8605537823666
17610219.281429768,-118.17873877003477,-111.59739921774317,-436.96408273535576
17640507.494812116,-118.2515562004437,-111.65710411803425,-437.06761280782007
17670847.801575918,-118.32439690459455,-111.7168090183212,-437.1711438019914
17701240.29131772,-118.39726089045254,-111.77651391860395,-437.2746755198703
17731685.053788204,-118.47014816588141,-111.8362188188826,-437.37820776322883
17762182.17889241,-118.54305873864321,-111.8959237191572,-437.48174033361244
17792731.756690025,-118.61599261639836,-111.95562861942777,-437.5852730323426
17823333.877395608,-118.68894980670524,-112.0153335196944,-437.6888056605193
17853988.631378863,-118.76193031702032,-112.07503841995708,-437.79233801902285
17884696.109165017,-118.83493415469817,-112.13474332021597,-437.8958699085172
17915456.4014349,-118.90796132699101,-112.1944482204711,-437.9994011294517
17946269.599025324,-118.9810118410488,-112.25415312072249,-438.10293148206324
17977135.79292935,-119.05408570391914,-112.3138580209702,-438.20646076637905
18008055.074296534,-119.12718292254718,-112.3735629212143,-438.3099887822195
18039027.534433197,-119.2003035037755,-112.4332678214548,-438.4135153291994
18070053.264802705,-119.273447454344,-112.49297272169179,-438.51704020673134
18101132.3570257,-119.34661478088977,-112.55267762192524,-438.62056321402764
18132264.90288051,-119.41980548994728,-112.61238252215534,-438.72408415010307
18163450.9943032,-119.49301958794784,-112.67208742238208,-438.82760281377676
18194690.72338801,-119.56625708121977,-112.73179232260547,-438.93111900367506
18225984.182387553,-119.63951797598833,-112.79149722282561,-439.0346325182339
18257331.46371313,-119.71280227837555,-112.85120212304255,-439.1381431557006
18288732.65993497,-119.78610999440016,-112.91090702325627,-439.2416507141373
18320187.863782525,-119.85944112997757,-112.9706119234669,-439.3451549914224
18351697.168144684,-119.93279569091962,-113.0303168236744,-439.4486557852538
18383260.66607022,-120.0061736829349,-113.0900217238789,-439.5521528931506
18414878.450767826,-120.07957511162809,-113.14972662408044,-439.65564611245617
18446550.61560655,-120.1529999825003,-113.20943152427904,-439.75913524033984
18478277.254116017,-120.2264483009489,-113.26913642447474,-439.8626200738001
18510058.459986728,-120.29992007226738,-113.32884132466761,-439.96610040966624
18541894.32707032,-120.37341530164537,-113.38854622485769,-440.06957604460155
18573784.94937984,-120.44693399416843,-113.448251125045,-440.1730467751053
18605730.42109,-120.52047615481808,-113.50795602522953,-440.27651239751503
18637730.836537596,-120.59404178847191,-113.56766092541147,-440.3799727080096
18669786.29022157,-120.66763089990312,-113.62736582559079,-440.48342750261077
18701896.876803417,-120.74124349378067,-113.68707072576753,-440.5868765771867
18734062.69110746,-120.81487957466926,-113.74677562594174,-440.6903197274531
18766283.8281211,-120.88853914702918,-113.80648052611346,-440.79375674897665
18798560.382995114,-120.96222221521629,-113.86618542628271,-440.8971874371773
18830892.45104393,-121.03592878348194,-113.92589032644956,-441.00061158733035
18863280.12774587,-121.1096588559728,-113.98559522661398,-441.104028994569
18895723.50874359,-121.18341243673126,-114.04530012677614,-441.2074394538872
18928222.689844128,-121.25718952969466,-114.10500502693601,-441.3108427601416
18960777.76701933,-121.33099013869581,-114.16470992709364,-441.41423870805414
18993388.83640613,-121.40481426746265,-114.22441482724906,-441.5176270922145
19026055.994306784,-121.47866191961836,-114.28411972740233,-441.62100770708275
19058779.3371892,-121.55253309868117,-114.34382462755346,-441.7243803469915
19091558.96168715,-121.6264278080643,-114.40352952770243,-441.82774480614836
19124394.96460074,-121.7003460510763,-114.46323442784944,-441.931100878639
19157287.442896426,-121.77428783092037,-114.52293932799442,-442.0344483584286
19190236.493707508,-121.84825315069477,-114.58264422813743,-442.1377870393651
19223242.21433432,-121.92224201339265,-114.64234912827851,-442.2411167151814
19256304.702244565,-121.99625442190197,-114.7020540284177,-442.34443717949745
19289424.055073563,-122.07029037900551,-114.76175892855501,-442.4477482258235
19322600.370624583,-122.14434988738083,-114.82146382869053,-442.5510496475618
19355833.746869046,-122.21843294960011,-114.88116872882415,-442.6543412380095
19389124.281947013,-122.29253956813054,-114.94087362895611,-442.75762279036127
19422472.074167203,-122.36666974533362,-115.00057852908634,-442.8608940977109
19455877.222007476,-122.44082348346568,-115.0602834292149,-442.96415495305484
19489339.82411505,-122.51500078467755,-115.11998832934182,-443.0674051492937
19522859.979306813,-122.58920165101466,-115.17969322946712,-443.1706444792354
19556437.78656962,-122.66342608441701,-115.23939812959084,-443.2738727355978
19590073.34506057,-122.73767408671904,-115.29910302971302,-443.37708971101
19623766.75410725,-122.8119456596497,-115.35880792983362,-443.48029519801594
19657518.11320823,-122.88624080483257,-115.4185128299528,-443.5834889890767
19691327.522033066,-122.96055952378545,-115.47821773007055,-443.6866708765726
19725195.080422793,-123.03490181792064,-115.53792263018687,-443.78984065280576
19759120.888390157,-123.10926768854488,-115.59762753030184,-443.89299811000274
19793105.046119925,-123.18365713685921,-115.65733243041544,-443.9961430403167
19827147.65396916,-123.25807016395913,-115.71703733052773,-444.0992752358303
19861248.81246755,-123.33250677083441,-115.77674223063875,-444.2023944885578
19895408.62231763,-123.40696695836917,-115.83644713074844,-444.30550059044776
19929627.184395272,-123.48145072734201,-115.89615203085698,-444.4085933333854
19963904.59974971,-123.55595807842568,-115.95585693096432,-444.51167250919514
19998240.969604023,-123.63048901218724,-116.0155618310705,-444.61473790964277
20032636.39535539,-123.7050435290881,-116.07526673117556,-444.7177893264384
20067090.978575375,-123.779621629484,-116.13497163127953,-444.8208265512386
20101604.821010243,-123.85422331362489,-116.19467653138241,-444.92384937564884
20136178.024581257,-123.92884858165502,-116.25438143148423,-445.0268575912263
20170810.691384934,-124.0034974336129,-116.314086331585,-445.1298509894818
20205502.92369351,-124.07816986943153,-116.37379123168485,-445.232829361883
20240254.823955,-124.15286588893794,-116.43349613178374,-445.33579249985615
20275066.494793657,-124.22758549185355,-116.49320103188171,-445.4387401947889
20309938.039010253,-124.30232867779407,-116.55290593197877,-445.54167223803273
20344869.559582356,-124.37709544626948,-116.61261083207495,-445.6445884209054
20379861.159664653,-124.4518857966841,-116.6723157321703,-445.7474885346934
20414912.942589253,-124.52669972833652,-116.73202063226483,-445.85037237065455
20450025.011865936,-124.60153724041962,-116.7917255323585,-445.9532397200201
20485197.471182648,-124.67639833202085,-116.85143043245148,-446.056090373998
20520430.424405538,-124.75128300212175,-116.91113533254372,-446.15892412377417
20555723.975579437,-124.82619124959828,-116.97084023263523,-446.261740760516
20591078.22892813,-124.9011230732208,-117.03054513272608,-446.36454007537424
20626493.288854655,-124.9760784716541,-117.09025003281626,-446.46732185948576
20661969.25994162,-125.05105744345728,-117.1499549329058,-446.5700859039759
20697506.24695146,-125.12605998708393,-117.20965983299466,-446.6728319999608
20733104.35482692,-125.20108610088222,-117.26936473308301,-446.77555993855026
20768763.688691117,-125.27613578309463,-117.3290696331708,-446.87826951084986
20804484.353848007,-125.35120903185816,-117.38877453325806,-446.98096050796323
20840266.455782663,-125.42630584520441,-117.44847943334479,-447.083632720995
20876110.10016159,-125.5014262210595,-117.50818433343105,-447.18628594105303
20912015.39283302,-125.57657015724413,-117.56788923351684,-447.28891995925085
20947982.439827245,-125.65173765147358,-117.62759413360217,-447.39153456671005
20984011.347356874,-125.7269287013578,-117.68729903368705,-447.4941295545629
21020102.221817326,-125.80214330440157,-117.74700393377158,-447.596704713955
21056255.169786874,-125.87738145800417,-117.80670883385574,-447.699259836047
21092470.298027154,-125.95264315945971,-117.86641373393954,-447.8017947120178
21128747.713483408,-126.02792840595713,-117.92611863402301,-447.90430913306653
21165087.523284834,-126.10323719458015,-117.98582353410622,-448.0068028904155
21201489.834744863,-126.17856952230736,-118.0455284341891,-448.10927577531186
21237954.755361516,-126.25392538601227,-118.10523333427173,-448.2117275790309
21274482.392817646,-126.3293047824633,-118.16493823435407,-448.3141580928781
21311072.85498145,-126.40470770832407,-118.22464313443623,-448.41656710819143
21347726.24990651,-126.48013416015301,-118.2843480345182,-448.5189544163442
21384442.685832307,-126.55558413440374,-118.3440529346,-448.621319808747
21421222.271184478,-126.63105762742502,-118.40375783468164,-448.7236630768505
21458065.114575148,-126.70655463546078,-118.46346273476314,-448.8259840121479
21494971.324803244,-126.78207515465024,-118.52316763484453,-448.9282824061771
21531941.010854818,-126.8576191810279,-118.58287253492583,-449.03055805052344
21568974.281903327,-126.93318671052353,-118.64257743500696,-449.1328107368217
21606071.247310128,-127.00877773896254,-118.70228233508811,-449.2350402567594
21643232.016624548,-127.08439226206563,-118.76198723516924,-449.3372464020782
21680456.699584354,-127.160030275449,-118.82169213525033,-449.4394289645769
21717745.406116076,-127.2356917746246,-118.88139703533145,-449.5415877361138
21755098.246335298,-127.31137675499987,-118.94110193541255,-449.6437225086089
21792515.330546994,-127.38708521187809,-119.00080683549373,-449.74583307404686
21829996.76924586,-127.46281714045824,-119.06051173557493,-449.84791922447874
21867542.67311658,-127.53857253583512,-119.12021663565616,-449.9499807520249
21905153.153034348,-127.61435139299968,-119.17992153573752,-450.0520174488774
21942828.32006492,-127.69015370683861,-119.23962643581902,-450.15402910730205
21980568.28546512,-127.76597947213475,-119.29933133590063,-450.2560155196412
22018373.16068313,-127.84182868356702,-119.35903623598242,-450.357976478316
22056243.0573588,-127.91770133571062,-119.41874113606433,-450.45991177582874
22094178.087324012,-127.993597423037,-119.47844603614642,-450.5618212047655
22132178.36260293,-128.06951693991388,-119.53815093622866,-450.66370455779827
22170243.995412532,-128.14545988060564,-119.59785583631118,-450.76556162768765
22208375.098162662,-128.22142623927303,-119.65756073639392,-450.867392207285
22246571.78345655,-128.29741600997335,-119.71726563647691,-450.96919608953476
22284834.16409109,-128.37342918666064,-119.77697053656016,-451.0709730674774
22323162.353057187,-128.44946576318574,-119.83667543664369,-451.17272293425106
22361556.463540066,-128.52552573329626,-119.8963803367275,-451.27444548309455
22400016.60891964,-128.60160909063683,-119.95608523681165,-451.3761405073495
22438542.90277076,-128.67771582874892,-120.01579013689604,-451.4778078004625
22477135.458863776,-128.75384594107146,-120.07549503698084,-451.579447155988
22515794.39116456,-128.8299994209403,-120.13519993706598,-451.68105836759054
22554519.813835055,-128.90617626158874,-120.19490483715153,-451.7826412290468
22593311.841233544,-128.98237645614728,-120.25460973723742,-451.8841955342481
22632170.587915,-129.05859999764414,-120.31431463732375,-451.9857210772032
22671096.168631427,-129.13484687900498,-120.37401953741048,-452.0872176520401
22710088.698332183,-129.2111170930532,-120.43372443749762,-452.1886850530088
22749148.292164296,-129.28741063250988,-120.49342933758516,-452.2901230744833
22788275.06547297,-129.36372748999423,-120.55313423767322,-452.3915315109646
22827469.133801654,-129.44006765802328,-120.61283913776174,-452.49291015708235
22866730.61289257,-129.5164311290121,-120.67254403785077,-452.59425880759756
22906059.618687015,-129.59281789527404,-120.73224893794027,-452.6955772574048
22945456.267325684,-129.66922794902075,-120.79195383803028,-452.796865301535
22984920.675149027,-129.74566128236228,-120.85165873812085,-452.89812273515696
23024452.958697602,-129.8221178873072,-120.91136363821194,-452.9993493535807
23064053.234712347,-129.89859775576267,-120.97106853830351,-453.1005449522588
23103721.62013514,-129.97510087953478,-121.03077343839571,-453.20170932678974
23143458.23210883,-130.05162725032824,-121.09047833848848,-453.3028422729194
23183263.18797781,-130.12817685974693,-121.15018323858187,-453.40394358654373
23223136.605288286,-130.20474969929367,-121.20988813867584,-453.5050130637113
23263078.601788633,-130.28134576037058,-121.26959303877044,-453.6060505006251
23303089.295429744,-130.35796503427912,-121.32929793886564,-453.7070556936454
23343168.80436539,-130.4346075122201,-121.3890028389615,-453.8080284392916
23383317.24695249,-130.51127318529393,-121.44870773905794,-453.90896853424493
23423534.741751686,-130.58796204450098,-121.50841263915511,-454.00987577535085
23463821.40752739,-130.6646740807411,-121.56811753925295,-454.11074995962076
23504177.363248326,-130.7414092848142,-121.62782243935148,-454.21159088423474
23544602.728087828,-130.81816764742032,-121.68752733945071,-454.31239834654394
23585097.621424206,-130.8949491591597,-121.74723223955064,-454.4131721440725
23625662.162841093,-130.97175381053285,-121.80693713965128,-454.51391207452014
23666296.472127743,-131.0485815919407,-121.8666420397526,-454.61461793576444
23707000.66927959,-131.1254324936851,-121.92634693985471,-454.71528952586317
23747774.874498293,-131.2023065059683,-121.9860518399576,-454.81592664305634
23788619.208192315,-131.27920361889355,-122.04575674006124,-454.9165290857685
23829533.790977195,-131.35612382246512,-122.10546164016564,-455.01709665261126
23870518.743675936,-131.43306710658845,-122.16516654027083,-455.11762914238534
23911574.187319335,-131.51003346107018,-122.22487144037683,-455.21812635408304
23952700.243146356,-131.5870228756185,-122.28457634048361,-455.3185880868903
23993897.03260444,-131.664035339843,-122.34428124059113,-455.419014140189
24035164.67735006,-131.74107084325533,-122.40398614069954,-455.51940431355945
24076503.299248762,-131.8181293752687,-122.46369104080881,-455.6197584067824
24117913.02037576,-131.89521092519846,-122.5233959409189,-455.72007621984113
24159393.963016216,-131.97231548226205,-122.58310084102986,-455.8203575529242
24200946.249665625,-132.04944303557934,-122.64280574114167,-455.92060220642725
24242570.00303015,-132.1265935741726,-122.70251064125434,-456.0208099809552
24284265.34602701,-132.20376708696665,-122.7622155413679,-456.120980677325
24326032.401784778,-132.28096356278914,-122.82192044148226,-456.2211140965673
24367871.293643948,-132.35818299037084,-122.88162534159761,-456.3212100399292
24409782.145157002,-132.43542535834533,-122.94133024171387,-456.4212683088757
24451765.08008897,-132.51269065524951,-123.00103514183101,-456.5212887050926
24493820.222417753,-132.58997886952375,-123.0607400419491,-456.62127103048863
24535947.696334485,-132.66728998951197,-123.12044494206813,-456.7212150871972
24578147.626243886,-132.74462400346172,-123.18014984218807,-456.82112067757913
24620420.13676466,-132.82198089952456,-123.23985474230898,-456.92098760422436
24662765.352729786,-132.89936066575598,-123.29955964243078,-457.02081566995474
24705183.399187095,-132.97676329011594,-123.3592645425536,-457.12060467782567
24747674.401399348,-133.0541887604685,-123.4189694426774,-457.2203544311285
24790238.48484479,-133.13163706458246,-123.47867434280217,-457.32006473339277
24832875.775217485,-133.20910819013125,-123.53837924292792,-457.4197353883881
24875586.398427673,-133.28660212469322,-123.59808414305469,-457.51936620012685
24918370.480602164,-133.36411885575188,-123.65778904318245,-457.61895697286565
24961228.14808468,-133.44165837069585,-123.71749394331121,-457.71850751110816
25004159.527436208,-133.51922065681921,-123.77719884344094,-457.8180176196068
25047164.74543555,-133.59680570132178,-123.83690374357174,-457.91748710336503
25090243.929079417,-133.67441349130905,-123.89660864370359,-458.01691576763983
25133397.205582984,-133.7520440137924,-123.95631354383647,-458.11630341794313
25176624.702380233,-133.82969725568944,-124.01601844397038,-458.21564986004444
25219926.547124323,-133.90737320382408,-124.07572334410537,-458.31495489997275
25263302.867687963,-133.98507184492672,-124.13542824424141,-458.41421834401916
25306753.79216375,-134.0627931656344,-124.19513314437843,-458.51343999873797
25350279.448864724,-134.1405371524912,-124.2548380445166,-458.6126196709501
25393879.96632449,-134.21830379194813,-124.31454294465587,-458.711757167744
25437555.473297745,-134.29609307036344,-124.37424784479619,-458.8108522964785
25481306.09876065,-134.37390497400287,-124.43395274493761,-458.9099048647845
25525131.971911184,-134.45173948903977,-124.49365764508015,-459.0089146805674
25569033.22216955,-134.5295966015553,-124.55336254522378,-459.1078815520088
25613009.97917853,-134.60747629753868,-124.61306744536853,-459.206805287569
25657062.372803837,-134.68537856288722,-124.6727723455143,-459.3056856959884
25701190.5331347,-134.7633033834069,-124.73247724566127,-459.4045225862906
25745394.59048393,-134.84125074481204,-124.79218214580936,-459.5033157677838
25789674.675388522,-134.9192206327259,-124.85188704595859,-459.6020650500624
25834030.918609988,-134.99721303268072,-124.91159194610898,-459.7007702430098
25878463.451134726,-135.07522793011785,-124.97129684626049,-459.79943115680055
25922972.404174436,-135.15326531038818,-125.03100174641315,-459.89804760190174
25967557.909166485,-135.23132515875216,-125.09070664656697,-459.9966193890754
26012220.09777425,-135.30940746037993,-125.15041154672187,-460.0951463293803
26056959.10188771,-135.387512200352,-125.210116446878,-460.1936282341746
26101775.053623546,-135.4656393636588,-125.2698213470353,-460.29206491511695
26146668.0853257,-135.54378893520126,-125.3295262471938,-460.3904561841691
26191638.329565745,-135.621960899791,-125.38923114735346,-460.4888018535976
26236685.91914327,-135.70015524215046,-125.4489360475143,-460.5871017359761
26281810.987086266,-135.77837194691318,-125.50864094767634,-460.68535564418727
26327013.666651517,-135.85661099862403,-125.56834584783957,-460.7835633914244
26372294.091324955,-135.93487238173915,-125.62805074800393,-460.8817247911938
26417652.39482225,-136.01315608062686,-125.68775564816954,-460.97983965731675
26463088.711088892,-136.0914620795669,-125.74746054833639,-461.07790780393117
26508603.17430081,-136.1697903627515,-125.80716544850445,-461.17592904549366
26554195.918864686,-136.2481409142851,-125.8668703486737,-461.273903196782
26599867.079418395,-136.3265137181848,-125.92657524884417,-461.371830072896
26645616.790831357,-136.4049087583805,-125.9862801490159,-461.4697094892604
26691445.188204974,-136.48332601871505,-126.04598504918881,-461.5675412616266
26737352.40687295,-136.56176548294465,-126.10568994936293,-461.6653252060741
26783338.58240191,-136.64022713473906,-126.16539484953833,-461.76306113901313
26829403.850591492,-136.71871095768165,-126.22509974971496,-461.8607488771859
26875548.347474944,-136.79721693526974,-126.28480464989286,-461.95838823766917
26921772.209319483,-136.8757450509148,-126.34450955007199,-462.0559790378754
26968075.5726267,-136.9542952879427,-126.40421445025238,-462.15352109555494
27014458.574132945,-137.03286762959397,-126.46391935043403,-462.2510142287984
27060921.350809764,-137.11146205902403,-126.52362425061693,-462.34845825603804
27107464.039864212,-137.19007855930326,-126.58332915080102,-462.44585299604944
27154086.7787395,-137.26871711341767,-126.64303405098644,-462.5431982679539
27200789.70511507,-137.3473777042685,-126.70273895117313,-462.64049389122005
27247572.9569072,-137.42606031467292,-126.7624438513611,-462.7377396856656
27294436.6722694,-137.50476492736422,-126.82214875155034,-462.834935471459
27341380.989592776,-137.5834915249919,-126.88185365174085,-462.93208106912215
27388406.04750645,-137.6622400901219,-126.94155855193266,-463.0291762995311
27435511.98487794,-137.741010605237,-127.00126345212568,-463.1262209839186
27482698.940813757,-137.81980305273714,-127.06096835232006,-463.2232149438757
27529967.054659504,-137.89861741493928,-127.12067325251573,-463.3201580013536
27577316.466000494,-137.97745367407794,-127.18037815271268,-463.4170499786653
27624747.314662132,-138.0563118123054,-127.24008305291093,-463.51389069848767
27672259.740710296,-138.1351918116919,-127.29978795311048,-463.6106799838629
27719853.884451777,-138.21409365422593,-127.35949285331132,-463.7074176582004
27767529.886434674,-138.29301732181446,-127.41919775351349,-463.8041035452789
27815287.887448773,-138.3719627962831,-127.47890265371687,-463.90073746924764
27863128.02852617,-138.45093005937673,-127.53860755392166,-463.9973192546287
27911050.450941347,-138.52991909275917,-127.59831245412772,-464.093848726318
27959055.296211846,-138.60892987801387,-127.65801735433514,-464.1903257095881
28007142.706098586,-138.68796239664394,-127.71772225454384,-464.28675003008874
28055312.822606318,-138.7670166300725,-127.77742715475387,-464.38312151384963
28103565.78798402,-138.84609255964304,-127.83713205496524,-464.47943998728124
28151901.744725335,-138.92519016661942,-127.89683695517792,-464.5757052771775
28200320.835568927,-139.00430943218623,-127.95654185539183,-464.6719172107164
28248823.203499123,-139.08345033744945,-128.01624675560714,-464.76807561546286
28297408.99174601,-139.1626128634359,-128.07595165582381,-464.86418031936927
28346078.34378607,-139.2417969910942,-128.1356565560418,-464.9602311507777
28394831.403342556,-139.3210027012947,-128.1953614562611,-465.05622793842207
28443668.314385913,-139.40022997482987,-128.25506635648176,-465.1521705114287
28492589.22113421,-139.4794787924145,-128.31477125670375,-465.24805869931924
28541594.268053547,-139.55874913468602,-128.37447615692707,-465.3438923320109
28590683.599858444,-139.6380409822046,-128.43418105715168,-465.4396712398194
28639857.3615125,-139.7173543154538,-128.4938859573777,-465.53539525345997
28689115.69822846,-139.79668911484043,-128.55359085760506,-465.631064204049
28738458.75546887,-139.87604536069495,-128.61329575783375,-465.7266779231052
28787886.67894648,-139.95542303327184,-128.67300065806378,-465.82223624255266
28837399.614624646,-140.03482211274977,-128.73270555829518,-465.91773899472065
28886997.708717763,-140.11424257923193,-128.7924104585279,-466.0131860123466
28936681.107691713,-140.19368441274622,-128.852115358762,-466.1085771285766
28986449.958264228,-140.27314759324557,-128.91182025899735,-466.203912176968
29036304.407405555,-140.35263210060847,-128.97152515923415,-466.2991909914903
29086244.602338545,-140.43213791463867,-129.0312300594723,-466.394413406527
29136270.69053932,-140.51166501506597,-129.0909349597118,-466.4895792568768
29186382.81973765,-140.59121338154623,-129.15063985995266,-466.5846883777553
29236581.137917385,-140.67078299366182,-129.2103447601949,-466.6797406047973
29286865.793316897,-140.75037383092172,-129.27004966043847,-466.7747357740566
29337236.934429463,-140.82998587276188,-129.3297545606833,-466.86967372200917
29387694.71000393,-140.90961909854576,-129.38945946092963,-466.9645542855542
29438239.2690448,-140.98927348756413,-129.44916436117728,-467.05937730201504
29488870.76081292,-141.0689490190356,-129.50886926142633,-467.15414260914105
29539589.334825844,-141.148645672107,-129.56857416167668,-467.2488500451094
29590395.14085829,-141.22836342585344,-129.62827906192845,-467.34349944852613
29641288.328942575,-141.30810225927885,-129.68798396218153,-467.4380906584276
29692269.049369063,-141.38786215131603,-129.74768886243604,-467.5326235142822
29743337.452686545,-141.46764308082697,-129.80739376269182,-467.6270978559916
29794493.68970292,-141.54744502660353,-129.86709866294902,-467.7215135238926
29845737.911485292,-141.62726796736706,-129.92680356320759,-467.8158703587576
29897070.26936064,-141.7071118817692,-129.98650846346754,-467.9101682017971
29948490.914916225,-141.78697674839194,-130.04621336372884,-468.00440689466046
30000000.0,-141.86686254574803,-130.10591826399153,-468.0985862794376
