sample_index,time_us,dac_sample
0,0.000000,2118
1,0.200000,1834
2,0.400000,1498
3,0.600000,1168
4,0.800000,814
5,1.000000,497
6,1.200000,260
7,1.400000,82
8,1.600000,4
9,1.800000,24
10,2.000000,145
11,2.200000,360
12,2.400000,623
13,2.600000,959
14,2.800000,1319
15,3.000000,1671
16,3.200000,1960
17,3.400000,2215
18,3.600000,2385
19,3.800000,2453
20,4.000000,2427
21,4.200000,2297
22,4.400000,2097
23,4.600000,1807
24,4.800000,1468
25,5.000000,1108
26,5.200000,786
27,5.400000,473
28,5.600000,224
29,5.800000,72
30,6.000000,1
31,6.200000,37
32,6.400000,175
33,6.600000,382
34,6.800000,676
35,7.000000,1018
36,7.200000,1349
37,7.400000,1698
38,7.600000,2008
39,7.800000,2250
40,8.000000,2395
41,8.200000,2456
42,8.400000,2412
43,8.600000,2282
44,8.800000,2053
45,9.000000,1753
46,9.200000,1408
47,9.400000,1078
48,9.600000,730
49,9.800000,426
50,10.000000,191
51,10.200000,53
52,10.400000,0
53,10.600000,53
54,10.800000,207
55,11.000000,426
56,11.200000,730
57,11.400000,1078
58,11.600000,1438
59,11.800000,1753
60,12.000000,2053
61,12.200000,2282
62,12.400000,2412
63,12.600000,2456
64,12.800000,2395
65,13.000000,2233
66,13.200000,2008
67,13.400000,1698
68,13.600000,1349
69,13.800000,989
70,14.000000,649
71,14.200000,382
72,14.400000,160
73,14.600000,30
74,14.800000,4
75,15.000000,72
76,15.200000,242
77,15.400000,497
78,15.600000,814
79,15.800000,1138
80,16.000000,1498
81,16.200000,1834
82,16.400000,2118
83,16.600000,2311
84,16.800000,2433
85,17.000000,2451
86,17.200000,2363
87,17.400000,2197
88,17.600000,1936
89,17.800000,1614
90,18.000000,1258
91,18.200000,901
92,18.400000,597
93,18.600000,318
94,18.800000,118
95,19.000000,13
96,19.200000,9
97,19.400000,106
98,19.600000,298
99,19.800000,571
100,20.000000,901
101,20.200000,1228
102,20.400000,1585
103,20.600000,1911
104,20.800000,2178
105,21.000000,2363
106,21.200000,2448
107,21.400000,2439
108,21.600000,2325
109,21.800000,2118
110,22.000000,1834
111,22.200000,1527
112,22.400000,1168
113,22.600000,814
114,22.800000,497
115,23.000000,242
116,23.200000,82
117,23.400000,4
118,23.600000,30
119,23.800000,160
120,24.000000,382
121,24.200000,649
122,24.400000,989
123,24.600000,1349
124,24.800000,1698
125,25.000000,2008
126,25.200000,2233
127,25.400000,2395
128,25.600000,2456
129,25.800000,2412
130,26.000000,2266
131,26.200000,2053
132,26.400000,1753
133,26.600000,1408
134,26.800000,1048
135,27.000000,703
136,27.200000,403
137,27.400000,191
138,27.600000,45
139,27.800000,1
140,28.000000,62
141,28.200000,224
142,28.400000,473
143,28.600000,759
144,28.800000,1108
145,29.000000,1468
146,29.200000,1807
147,29.400000,2097
148,29.600000,2311
149,29.800000,2427
150,30.000000,2453
151,30.200000,2374
152,30.400000,2197
153,30.600000,1936
154,30.800000,1614
155,31.000000,1288
156,31.200000,930
157,31.400000,597
158,31.600000,318
159,31.800000,118
160,32.000000,13
161,32.200000,9
162,32.400000,106
163,32.600000,298
164,32.800000,571
165,33.000000,901
166,33.200000,1258
167,33.400000,1614
168,33.600000,1911
169,33.800000,2178
170,34.000000,2363
171,34.200000,2451
172,34.400000,2433
173,34.600000,2311
174,34.800000,2097
175,35.000000,1834
176,35.200000,1498
177,35.400000,1138
178,35.600000,786
179,35.800000,473
180,36.000000,224
181,36.200000,62
182,36.400000,1
183,36.600000,37
184,36.800000,175
185,37.000000,403
186,37.200000,703
187,37.400000,1048
188,37.600000,1408
189,37.800000,1753
190,38.000000,2031
191,38.200000,2266
192,38.400000,2412
193,38.600000,2456
194,38.800000,2395
195,39.000000,2233
196,39.200000,1984
197,39.400000,1671
198,39.600000,1319
199,39.800000,989
200,40.000000,649
201,40.200000,360
202,40.400000,145
203,40.600000,24
204,40.800000,6
205,41.000000,94
206,41.200000,279
207,41.400000,546
208,41.600000,843
209,41.800000,1198
210,42.000000,1556
211,42.200000,1885
212,42.400000,2158
213,42.600000,2351
214,42.800000,2448
215,43.000000,2439
216,43.200000,2325
217,43.400000,2118
218,43.600000,1860
219,43.800000,1527
220,44.000000,1168
221,44.200000,814
222,44.400000,497
223,44.600000,242
224,44.800000,72
225,45.000000,1
226,45.200000,37
227,45.400000,175
228,45.600000,403
229,45.800000,703
230,46.000000,1018
231,46.200000,1379
232,46.400000,1726
233,46.600000,2031
234,46.800000,2266
235,47.000000,2412
236,47.200000,2456
237,47.400000,2395
238,47.600000,2233
239,47.800000,1984
240,48.000000,1671
241,48.200000,1319
242,48.400000,959
243,48.600000,649
244,48.800000,360
245,49.000000,145
246,49.200000,24
247,49.400000,6
248,49.600000,94
249,49.800000,279
250,50.000000,546
251,50.200000,872
252,50.400000,1228
253,50.600000,1585
254,50.800000,1911
255,51.000000,2178
256,51.200000,2363
257,51.400000,2451
258,51.600000,2433
259,51.800000,2311
260,52.000000,2118
261,52.200000,1834
262,52.400000,1498
263,52.600000,1138
264,52.800000,786
265,53.000000,473
266,53.200000,224
267,53.400000,62
268,53.600000,1
269,53.800000,45
270,54.000000,191
271,54.200000,426
272,54.400000,730
273,54.600000,1078
274,54.800000,1438
275,55.000000,1780
276,55.200000,2075
277,55.400000,2297
278,55.600000,2427
279,55.800000,2453
280,56.000000,2374
281,56.200000,2197
282,56.400000,1936
283,56.600000,1614
284,56.800000,1258
285,57.000000,901
286,57.200000,571
287,57.400000,318
288,57.600000,118
289,57.800000,13
290,58.000000,13
291,58.200000,118
292,58.400000,318
293,58.600000,597
294,58.800000,930
295,59.000000,1288
296,59.200000,1642
297,59.400000,1960
298,59.600000,2215
299,59.800000,2385
300,60.000000,2455
301,60.200000,2420
302,60.400000,2282
303,60.600000,2053
304,60.800000,1753
305,61.000000,1408
306,61.200000,1048
307,61.400000,703
308,61.600000,403
309,61.800000,175
310,62.000000,37
311,62.200000,1
312,62.400000,72
313,62.600000,242
314,62.800000,497
315,63.000000,814
316,63.200000,1168
317,63.400000,1527
318,63.600000,1860
319,63.800000,2139
320,64.000000,2338
321,64.200000,2443
322,64.400000,2443
323,64.600000,2338
324,64.800000,2139
325,65.000000,1860
326,65.200000,1527
327,65.400000,1168
328,65.600000,814
329,65.800000,497
330,66.000000,242
331,66.200000,72
332,66.400000,1
333,66.600000,45
334,66.800000,191
335,67.000000,426
336,67.200000,730
337,67.400000,1078
338,67.600000,1438
339,67.800000,1780
340,68.000000,2075
341,68.200000,2297
342,68.400000,2427
343,68.600000,2453
344,68.800000,2374
345,69.000000,2197
346,69.200000,1936
347,69.400000,1614
348,69.600000,1258
349,69.800000,901
350,70.000000,571
351,70.200000,298
352,70.400000,106
353,70.600000,9
354,70.800000,18
355,71.000000,132
356,71.200000,339
357,71.400000,623
358,71.600000,959
359,71.800000,1349
360,72.000000,1698
361,72.200000,2008
362,72.400000,2250
363,72.600000,2404
364,72.800000,2457
365,73.000000,2404
366,73.200000,2250
367,73.400000,2008
368,73.600000,1698
369,73.800000,1349
370,74.000000,989
371,74.200000,649
372,74.400000,360
373,74.600000,145
374,74.800000,24
375,75.000000,6
376,75.200000,106
377,75.400000,298
378,75.600000,571
379,75.800000,901
380,76.000000,1258
381,76.200000,1614
382,76.400000,1936
383,76.600000,2197
384,76.800000,2374
385,77.000000,2453
386,77.200000,2427
387,77.400000,2297
388,77.600000,2075
389,77.800000,1780
390,78.000000,1408
391,78.200000,1048
392,78.400000,703
393,78.600000,403
394,78.800000,175
395,79.000000,37
396,79.200000,1
397,79.400000,72
398,79.600000,242
399,79.800000,497
400,80.000000,814
401,80.200000,1198
402,80.400000,1556
403,80.600000,1885
404,80.800000,2158
405,81.000000,2351
406,81.200000,2448
407,81.400000,2439
408,81.600000,2325
409,81.800000,2118
410,82.000000,1834
411,82.200000,1468
412,82.400000,1108
413,82.600000,759
414,82.800000,449
415,83.000000,207
416,83.200000,53
417,83.400000,0
418,83.600000,53
419,83.800000,207
420,84.000000,473
421,84.200000,786
422,84.400000,1138
423,84.600000,1498
424,84.800000,1834
425,85.000000,2118
426,85.200000,2325
427,85.400000,2439
428,85.600000,2448
429,85.800000,2338
430,86.000000,2139
431,86.200000,1860
432,86.400000,1527
433,86.600000,1168
434,86.800000,814
435,87.000000,497
436,87.200000,242
437,87.400000,62
438,87.600000,1
439,87.800000,45
440,88.000000,191
441,88.200000,426
442,88.400000,730
443,88.600000,1078
444,88.800000,1468
445,89.000000,1807
446,89.200000,2097
447,89.400000,2311
448,89.600000,2433
449,89.800000,2451
450,90.000000,2363
451,90.200000,2158
452,90.400000,1885
453,90.600000,1556
454,90.800000,1198
455,91.000000,843
456,91.200000,521
457,91.400000,260
458,91.600000,72
459,91.800000,1
460,92.000000,37
461,92.200000,175
462,92.400000,403
463,92.600000,703
464,92.800000,1078
465,93.000000,1438
466,93.200000,1780
467,93.400000,2075
468,93.600000,2297
469,93.800000,2427
470,94.000000,2453
471,94.200000,2363
472,94.400000,2178
473,94.600000,1911
474,94.800000,1585
475,95.000000,1228
476,95.200000,872
477,95.400000,521
478,95.600000,260
479,95.800000,82
480,96.000000,4
481,96.200000,30
482,96.400000,175
483,96.600000,403
484,96.800000,703
485,97.000000,1048
486,97.200000,1408
487,97.400000,1753
488,97.600000,2075
489,97.800000,2297
490,98.000000,2427
491,98.200000,2453
492,98.400000,2374
493,98.600000,2178
494,98.800000,1911
495,99.000000,1585
496,99.200000,1228
497,99.400000,872
498,99.600000,521
499,99.800000,260
500,100.000000,82
501,100.200000,4
502,100.400000,30
503,100.600000,160
504,100.800000,403
505,101.000000,703
506,101.200000,1048
507,101.400000,1408
508,101.600000,1753
509,101.800000,2075
510,102.000000,2297
511,102.200000,2427
512,102.400000,2453
513,102.600000,2363
514,102.800000,2178
515,103.000000,1911
516,103.200000,1585
517,103.400000,1228
518,103.600000,843
519,103.800000,521
520,104.000000,260
521,104.200000,82
522,104.400000,4
523,104.600000,37
524,104.800000,175
525,105.000000,403
526,105.200000,703
527,105.400000,1078
528,105.600000,1438
529,105.800000,1780
530,106.000000,2075
531,106.200000,2297
532,106.400000,2433
533,106.600000,2451
534,106.800000,2363
535,107.000000,2178
536,107.200000,1885
537,107.400000,1556
538,107.600000,1198
539,107.800000,843
540,108.000000,497
541,108.200000,242
542,108.400000,72
543,108.600000,1
544,108.800000,37
545,109.000000,191
546,109.200000,426
547,109.400000,730
548,109.600000,1078
549,109.800000,1468
550,110.000000,1807
551,110.200000,2097
552,110.400000,2311
553,110.600000,2439
554,110.800000,2448
555,111.000000,2351
556,111.200000,2158
557,111.400000,1860
558,111.600000,1527
559,111.800000,1168
560,112.000000,814
561,112.200000,473
562,112.400000,224
563,112.600000,62
564,112.800000,1
565,113.000000,53
566,113.200000,207
567,113.400000,449
568,113.600000,786
569,113.800000,1138
570,114.000000,1498
571,114.200000,1834
572,114.400000,2139
573,114.600000,2338
574,114.800000,2443
575,115.000000,2443
576,115.200000,2325
577,115.400000,2118
578,115.600000,1834
579,115.800000,1468
580,116.000000,1108
581,116.200000,759
582,116.400000,449
583,116.600000,191
584,116.800000,45
585,117.000000,1
586,117.200000,62
587,117.400000,242
588,117.600000,497
589,117.800000,814
590,118.000000,1198
591,118.200000,1556
592,118.400000,1885
593,118.600000,2158
594,118.800000,2363
595,119.000000,2451
596,119.200000,2433
597,119.400000,2297
598,119.600000,2075
599,119.800000,1780
600,120.000000,1408
601,120.200000,1048
602,120.400000,703
603,120.600000,403
604,120.800000,160
605,121.000000,30
606,121.200000,4
607,121.400000,94
608,121.600000,279
609,121.800000,546
610,122.000000,901
611,122.200000,1258
612,122.400000,1614
613,122.600000,1960
614,122.800000,2215
615,123.000000,2385
616,123.200000,2455
617,123.400000,2412
618,123.600000,2266
619,123.800000,2031
620,124.000000,1698
621,124.200000,1349
622,124.400000,989
623,124.600000,623
624,124.800000,339
625,125.000000,132
626,125.200000,13
627,125.400000,13
628,125.600000,118
629,125.800000,339
630,126.000000,623
631,126.200000,959
632,126.400000,1349
633,126.600000,1698
634,126.800000,2008
635,127.000000,2266
636,127.200000,2412
637,127.400000,2456
638,127.600000,2385
639,127.800000,2215
640,128.000000,1960
641,128.200000,1614
642,128.400000,1258
643,128.600000,901
644,128.800000,546
645,129.000000,279
646,129.200000,94
647,129.400000,4
648,129.600000,30
649,129.800000,160
650,130.000000,403
651,130.200000,703
652,130.400000,1048
653,130.600000,1438
654,130.800000,1780
655,131.000000,2075
656,131.200000,2311
657,131.400000,2433
658,131.600000,2448
659,131.800000,2351
660,132.000000,2158
661,132.200000,1860
662,132.400000,1527
663,132.600000,1168
664,132.800000,786
665,133.000000,473
666,133.200000,224
667,133.400000,53
668,133.600000,0
669,133.800000,62
670,134.000000,224
671,134.200000,473
672,134.400000,814
673,134.600000,1168
674,134.800000,1527
675,135.000000,1885
676,135.200000,2158
677,135.400000,2363
678,135.600000,2451
679,135.800000,2433
680,136.000000,2297
681,136.200000,2075
682,136.400000,1780
683,136.600000,1408
684,136.800000,1048
685,137.000000,676
686,137.200000,382
687,137.400000,160
688,137.600000,24
689,137.800000,6
690,138.000000,106
691,138.200000,298
692,138.400000,571
693,138.600000,930
694,138.800000,1288
695,139.000000,1642
696,139.200000,1984
697,139.400000,2233
698,139.600000,2404
699,139.800000,2457
700,140.000000,2404
701,140.200000,2233
702,140.400000,1984
703,140.600000,1642
704,140.800000,1288
705,141.000000,930
706,141.200000,571
707,141.400000,298
708,141.600000,94
709,141.800000,6
710,142.000000,30
711,142.200000,160
712,142.400000,382
713,142.600000,703
714,142.800000,1048
715,143.000000,1438
716,143.200000,1780
717,143.400000,2075
718,143.600000,2311
719,143.800000,2433
720,144.000000,2448
721,144.200000,2351
722,144.400000,2139
723,144.600000,1860
724,144.800000,1527
725,145.000000,1138
726,145.200000,786
727,145.400000,449
728,145.600000,207
729,145.800000,45
730,146.000000,1
731,146.200000,62
732,146.400000,242
733,146.600000,497
734,146.800000,843
735,147.000000,1198
736,147.200000,1585
737,147.400000,1911
738,147.600000,2178
739,147.800000,2374
740,148.000000,2453
741,148.200000,2420
742,148.400000,2282
743,148.600000,2031
744,148.800000,1726
745,149.000000,1349
746,149.200000,989
747,149.400000,649
748,149.600000,339
749,149.800000,132
750,150.000000,13
751,150.200000,13
752,150.400000,132
753,150.600000,339
754,150.800000,649
755,151.000000,989
756,151.200000,1349
757,151.400000,1726
758,151.600000,2031
759,151.800000,2282
760,152.000000,2420
761,152.200000,2453
762,152.400000,2374
763,152.600000,2178
764,152.800000,1911
765,153.000000,1556
766,153.200000,1198
767,153.400000,814
768,153.600000,497
769,153.800000,224
770,154.000000,62
771,154.200000,1
772,154.400000,53
773,154.600000,207
774,154.800000,473
775,155.000000,786
776,155.200000,1168
777,155.400000,1527
778,155.600000,1885
779,155.800000,2158
780,156.000000,2363
781,156.200000,2451
782,156.400000,2427
783,156.600000,2297
784,156.800000,2053
785,157.000000,1753
786,157.200000,1379
787,157.400000,1018
788,157.600000,649
789,157.800000,360
790,158.000000,132
791,158.200000,18
792,158.400000,13
793,158.600000,118
794,158.800000,339
795,159.000000,623
796,159.200000,989
797,159.400000,1349
798,159.600000,1726
799,159.800000,2031
800,160.000000,2282
801,160.200000,2420
802,160.400000,2453
803,160.600000,2374
804,160.800000,2178
805,161.000000,1911
806,161.200000,1556
807,161.400000,1198
808,161.600000,814
809,161.800000,497
810,162.000000,224
811,162.200000,62
812,162.400000,0
813,162.600000,53
814,162.800000,224
815,163.000000,473
816,163.200000,814
817,163.400000,1168
818,163.600000,1556
819,163.800000,1885
820,164.000000,2178
821,164.200000,2363
822,164.400000,2453
823,164.600000,2427
824,164.800000,2282
825,165.000000,2031
826,165.200000,1726
827,165.400000,1349
828,165.600000,989
829,165.800000,623
830,166.000000,339
831,166.200000,118
832,166.400000,13
833,166.600000,18
834,166.800000,132
835,167.000000,360
836,167.200000,649
837,167.400000,1018
838,167.600000,1379
839,167.800000,1753
840,168.000000,2075
841,168.200000,2297
842,168.400000,2433
843,168.600000,2451
844,168.800000,2351
845,169.000000,2158
846,169.200000,1860
847,169.400000,1527
848,169.600000,1138
849,169.800000,786
850,170.000000,449
851,170.200000,191
852,170.400000,45
853,170.600000,1
854,170.800000,72
855,171.000000,260
856,171.200000,521
857,171.400000,872
858,171.600000,1258
859,171.800000,1614
860,172.000000,1960
861,172.200000,2215
862,172.400000,2395
863,172.600000,2456
864,172.800000,2404
865,173.000000,2250
866,173.200000,1984
867,173.400000,1642
868,173.600000,1288
869,173.800000,901
870,174.000000,571
871,174.200000,279
872,174.400000,94
873,174.600000,4
874,174.800000,37
875,175.000000,175
876,175.200000,426
877,175.400000,730
878,175.600000,1108
879,175.800000,1498
880,176.000000,1834
881,176.200000,2139
882,176.400000,2338
883,176.600000,2448
884,176.800000,2439
885,177.000000,2311
886,177.200000,2075
887,177.400000,1780
888,177.600000,1408
889,177.800000,1048
890,178.000000,676
891,178.200000,360
892,178.400000,145
893,178.600000,18
894,178.800000,9
895,179.000000,118
896,179.200000,339
897,179.400000,623
898,179.600000,989
899,179.800000,1349
900,180.000000,1726
901,180.200000,2053
902,180.400000,2282
903,180.600000,2427
904,180.800000,2453
905,181.000000,2363
906,181.200000,2158
907,181.400000,1885
908,181.600000,1527
909,181.800000,1138
910,182.000000,786
911,182.200000,449
912,182.400000,207
913,182.600000,45
914,182.800000,1
915,183.000000,72
916,183.200000,260
917,183.400000,521
918,183.600000,872
919,183.800000,1258
920,184.000000,1614
921,184.200000,1960
922,184.400000,2233
923,184.600000,2395
924,184.800000,2457
925,185.000000,2404
926,185.200000,2233
927,185.400000,1960
928,185.600000,1642
929,185.800000,1258
930,186.000000,872
931,186.200000,546
932,186.400000,260
933,186.600000,72
934,186.800000,1
935,187.000000,45
936,187.200000,191
937,187.400000,449
938,187.600000,786
939,187.800000,1138
940,188.000000,1527
941,188.200000,1885
942,188.400000,2158
943,188.600000,2363
944,188.800000,2453
945,189.000000,2427
946,189.200000,2282
947,189.400000,2031
948,189.600000,1726
949,189.800000,1349
950,190.000000,959
951,190.200000,623
952,190.400000,318
953,190.600000,106
954,190.800000,9
955,191.000000,24
956,191.200000,160
957,191.400000,382
958,191.600000,703
959,191.800000,1078
960,192.000000,1438
961,192.200000,1807
962,192.400000,2118
963,192.600000,2325
964,192.800000,2443
965,193.000000,2439
966,193.200000,2325
967,193.400000,2097
968,193.600000,1780
969,193.800000,1438
970,194.000000,1048
971,194.200000,676
972,194.400000,382
973,194.600000,145
974,194.800000,18
975,195.000000,9
976,195.200000,118
977,195.400000,339
978,195.600000,623
979,195.800000,989
980,196.000000,1379
981,196.200000,1726
982,196.400000,2053
983,196.600000,2297
984,196.800000,2427
985,197.000000,2451
986,197.200000,2351
987,197.400000,2139
988,197.600000,1860
989,197.800000,1498
990,198.000000,1108
991,198.200000,759
992,198.400000,426
993,198.600000,175
994,198.800000,37
995,199.000000,4
996,199.200000,94
997,199.400000,298
998,199.600000,571
999,199.800000,930
1000,200.000000,1319
1001,200.200000,1671
1002,200.400000,2008
1003,200.600000,2266
1004,200.800000,2412
1005,201.000000,2455
1006,201.200000,2374
1007,201.400000,2178
1008,201.600000,1911
1009,201.800000,1556
1010,202.000000,1168
1011,202.200000,814
1012,202.400000,473
1013,202.600000,207
1014,202.800000,45
1015,203.000000,1
1016,203.200000,72
1017,203.400000,260
1018,203.600000,546
1019,203.800000,872
1020,204.000000,1258
1021,204.200000,1642
1022,204.400000,1960
1023,204.600000,2233
1024,204.800000,2404
1025,205.000000,2456
1026,205.200000,2395
1027,205.400000,2215
1028,205.600000,1936
1029,205.800000,1585
1030,206.000000,1228
1031,206.200000,843
1032,206.400000,497
1033,206.600000,224
1034,206.800000,62
1035,207.000000,0
1036,207.200000,62
1037,207.400000,242
1038,207.600000,497
1039,207.800000,843
1040,208.000000,1228
1041,208.200000,1614
1042,208.400000,1936
1043,208.600000,2215
1044,208.800000,2395
1045,209.000000,2457
1046,209.200000,2404
1047,209.400000,2233
1048,209.600000,1960
1049,209.800000,1614
1050,210.000000,1258
1051,210.200000,872
1052,210.400000,521
1053,210.600000,242
1054,210.800000,72
1055,211.000000,1
1056,211.200000,53
1057,211.400000,224
1058,211.600000,473
1059,211.800000,814
1060,212.000000,1198
1061,212.200000,1585
1062,212.400000,1911
1063,212.600000,2197
1064,212.800000,2385
1065,213.000000,2456
1066,213.200000,2404
1067,213.400000,2250
1068,213.600000,1984
1069,213.800000,1642
1070,214.000000,1258
1071,214.200000,901
1072,214.400000,546
1073,214.600000,260
1074,214.800000,72
1075,215.000000,1
1076,215.200000,45
1077,215.400000,207
1078,215.600000,473
1079,215.800000,814
1080,216.000000,1198
1081,216.200000,1556
1082,216.400000,1911
1083,216.600000,2197
1084,216.800000,2385
1085,217.000000,2455
1086,217.200000,2412
1087,217.400000,2250
1088,217.600000,1984
1089,217.800000,1642
1090,218.000000,1288
1091,218.200000,901
1092,218.400000,546
1093,218.600000,260
1094,218.800000,72
1095,219.000000,1
1096,219.200000,45
1097,219.400000,207
1098,219.600000,473
1099,219.800000,814
1100,220.000000,1198
1101,220.200000,1556
1102,220.400000,1911
1103,220.600000,2197
1104,220.800000,2385
1105,221.000000,2456
1106,221.200000,2412
1107,221.400000,2250
1108,221.600000,1984
1109,221.800000,1642
1110,222.000000,1258
1111,222.200000,901
1112,222.400000,546
1113,222.600000,260
1114,222.800000,72
1115,223.000000,1
1116,223.200000,53
1117,223.400000,207
1118,223.600000,473
1119,223.800000,814
1120,224.000000,1198
1121,224.200000,1585
1122,224.400000,1936
1123,224.600000,2197
1124,224.800000,2385
1125,225.000000,2456
1126,225.200000,2404
1127,225.400000,2233
1128,225.600000,1960
1129,225.800000,1642
1130,226.000000,1258
1131,226.200000,872
1132,226.400000,521
1133,226.600000,242
1134,226.800000,62
1135,227.000000,0
1136,227.200000,53
1137,227.400000,224
1138,227.600000,497
1139,227.800000,843
1140,228.000000,1228
1141,228.200000,1614
1142,228.400000,1936
1143,228.600000,2215
1144,228.800000,2395
1145,229.000000,2457
1146,229.200000,2395
1147,229.400000,2215
1148,229.600000,1936
1149,229.800000,1614
1150,230.000000,1228
1151,230.200000,843
1152,230.400000,497
1153,230.600000,224
1154,230.800000,53
1155,231.000000,1
1156,231.200000,62
1157,231.400000,242
1158,231.600000,521
1159,231.800000,872
1160,232.000000,1258
1161,232.200000,1642
1162,232.400000,1984
1163,232.600000,2250
1164,232.800000,2404
1165,233.000000,2456
1166,233.200000,2385
1167,233.400000,2197
1168,233.600000,1911
1169,233.800000,1556
1170,234.000000,1168
1171,234.200000,786
1172,234.400000,473
1173,234.600000,207
1174,234.800000,45
1175,235.000000,1
1176,235.200000,82
1177,235.400000,279
1178,235.600000,571
1179,235.800000,930
1180,236.000000,1319
1181,236.200000,1671
1182,236.400000,2008
1183,236.600000,2266
1184,236.800000,2420
1185,237.000000,2453
1186,237.200000,2363
1187,237.400000,2158
1188,237.600000,1860
1189,237.800000,1498
1190,238.000000,1108
1191,238.200000,759
1192,238.400000,426
1193,238.600000,175
1194,238.800000,30
1195,239.000000,6
1196,239.200000,106
1197,239.400000,318
1198,239.600000,623
1199,239.800000,989
1200,240.000000,1379
1201,240.200000,1753
1202,240.400000,2053
1203,240.600000,2297
1204,240.800000,2433
1205,241.000000,2448
1206,241.200000,2338
1207,241.400000,2118
1208,241.600000,1807
1209,241.800000,1438
1210,242.000000,1048
1211,242.200000,676
1212,242.400000,360
1213,242.600000,132
1214,242.800000,13
1215,243.000000,13
1216,243.200000,132
1217,243.400000,360
1218,243.600000,676
1219,243.800000,1048
1220,244.000000,1438
1221,244.200000,1807
1222,244.400000,2118
1223,244.600000,2338
1224,244.800000,2448
1225,245.000000,2433
1226,245.200000,2297
1227,245.400000,2053
1228,245.600000,1726
1229,245.800000,1349
1230,246.000000,989
1231,246.200000,623
1232,246.400000,318
1233,246.600000,106
1234,246.800000,6
1235,247.000000,30
1236,247.200000,175
1237,247.400000,426
1238,247.600000,759
1239,247.800000,1138
1240,248.000000,1527
1241,248.200000,1885
1242,248.400000,2178
1243,248.600000,2374
1244,248.800000,2455
1245,249.000000,2412
1246,249.200000,2250
1247,249.400000,1984
1248,249.600000,1642
1249,249.800000,1258
1250,250.000000,872
1251,250.200000,521
1252,250.400000,260
1253,250.600000,72
1254,250.800000,1
1255,251.000000,53
1256,251.200000,224
1257,251.400000,497
1258,251.600000,843
1259,251.800000,1228
1260,252.000000,1614
1261,252.200000,1960
1262,252.400000,2233
1263,252.600000,2404
1264,252.800000,2456
1265,253.000000,2385
1266,253.200000,2197
1267,253.400000,1911
1268,253.600000,1556
1269,253.800000,1168
1270,254.000000,786
1271,254.200000,449
1272,254.400000,191
1273,254.600000,37
1274,254.800000,4
1275,255.000000,94
1276,255.200000,298
1277,255.400000,597
1278,255.600000,959
1279,255.800000,1349
1280,256.000000,1726
1281,256.200000,2053
1282,256.400000,2297
1283,256.600000,2433
1284,256.800000,2448
1285,257.000000,2338
1286,257.200000,2118
1287,257.400000,1807
1288,257.600000,1438
1289,257.800000,1048
1290,258.000000,676
1291,258.200000,360
1292,258.400000,132
1293,258.600000,13
1294,258.800000,18
1295,259.000000,145
1296,259.200000,382
1297,259.400000,703
1298,259.600000,1078
1299,259.800000,1468
1300,260.000000,1834
1301,260.200000,2139
1302,260.400000,2351
1303,260.600000,2451
1304,260.800000,2427
1305,261.000000,2282
1306,261.200000,2031
1307,261.400000,1698
1308,261.600000,1319
1309,261.800000,930
1310,262.000000,571
1311,262.200000,279
1312,262.400000,82
1313,262.600000,1
1314,262.800000,45
1315,263.000000,207
1316,263.200000,473
1317,263.400000,814
1318,263.600000,1198
1319,263.800000,1585
1320,264.000000,1960
1321,264.200000,2233
1322,264.400000,2404
1323,264.600000,2456
1324,264.800000,2385
1325,265.000000,2197
1326,265.200000,1911
1327,265.400000,1556
1328,265.600000,1168
1329,265.800000,786
1330,266.000000,449
1331,266.200000,191
1332,266.400000,37
1333,266.600000,4
1334,266.800000,94
1335,267.000000,298
1336,267.200000,597
1337,267.400000,959
1338,267.600000,1349
1339,267.800000,1726
1340,268.000000,2053
1341,268.200000,2297
1342,268.400000,2439
1343,268.600000,2443
1344,268.800000,2325
1345,269.000000,2097
1346,269.200000,1780
1347,269.400000,1408
1348,269.600000,1018
1349,269.800000,649
1350,270.000000,339
1351,270.200000,118
1352,270.400000,9
1353,270.600000,24
1354,270.800000,160
1355,271.000000,403
1356,271.200000,730
1357,271.400000,1138
1358,271.600000,1527
1359,271.800000,1885
1360,272.000000,2178
1361,272.200000,2374
1362,272.400000,2455
1363,272.600000,2412
1364,272.800000,2250
1365,273.000000,1984
1366,273.200000,1642
1367,273.400000,1258
1368,273.600000,872
1369,273.800000,521
1370,274.000000,224
1371,274.200000,53
1372,274.400000,1
1373,274.600000,72
1374,274.800000,260
1375,275.000000,546
1376,275.200000,901
1377,275.400000,1288
1378,275.600000,1671
1379,275.800000,2008
1380,276.000000,2266
1381,276.200000,2427
1382,276.400000,2451
1383,276.600000,2351
1384,276.800000,2139
1385,277.000000,1834
1386,277.200000,1468
1387,277.400000,1078
1388,277.600000,703
1389,277.800000,382
1390,278.000000,145
1391,278.200000,13
1392,278.400000,18
1393,278.600000,145
1394,278.800000,382
1395,279.000000,703
1396,279.200000,1078
1397,279.400000,1468
1398,279.600000,1834
1399,279.800000,2139
1400,280.000000,2363
1401,280.200000,2453
1402,280.400000,2420
1403,280.600000,2266
1404,280.800000,2008
1405,281.000000,1671
1406,281.200000,1288
1407,281.400000,901
1408,281.600000,521
1409,281.800000,242
1410,282.000000,62
1411,282.200000,0
1412,282.400000,62
1413,282.600000,242
1414,282.800000,521
1415,283.000000,872
1416,283.200000,1288
1417,283.400000,1671
1418,283.600000,2008
1419,283.800000,2266
1420,284.000000,2420
1421,284.200000,2453
1422,284.400000,2363
1423,284.600000,2139
1424,284.800000,1834
1425,285.000000,1468
1426,285.200000,1078
1427,285.400000,703
1428,285.600000,382
1429,285.800000,145
1430,286.000000,13
1431,286.200000,18
1432,286.400000,145
1433,286.600000,382
1434,286.800000,703
1435,287.000000,1078
1436,287.200000,1468
1437,287.400000,1860
1438,287.600000,2158
1439,287.800000,2363
1440,288.000000,2453
1441,288.200000,2420
1442,288.400000,2266
1443,288.600000,1984
1444,288.800000,1642
1445,289.000000,1258
1446,289.200000,872
1447,289.400000,521
1448,289.600000,242
1449,289.800000,53
1450,290.000000,1
1451,290.200000,72
1452,290.400000,260
1453,290.600000,546
1454,290.800000,901
1455,291.000000,1319
1456,291.200000,1698
1457,291.400000,2031
1458,291.600000,2282
1459,291.800000,2427
1460,292.000000,2451
1461,292.200000,2338
1462,292.400000,2118
1463,292.600000,1807
1464,292.800000,1438
1465,293.000000,1048
1466,293.200000,649
1467,293.400000,339
1468,293.600000,118
1469,293.800000,9
1470,294.000000,24
1471,294.200000,175
1472,294.400000,426
1473,294.600000,759
1474,294.800000,1138
1475,295.000000,1527
1476,295.200000,1885
1477,295.400000,2197
1478,295.600000,2385
1479,295.800000,2456
1480,296.000000,2404
1481,296.200000,2233
1482,296.400000,1936
1483,296.600000,1585
1484,296.800000,1198
1485,297.000000,814
1486,297.200000,473
1487,297.400000,191
1488,297.600000,37
1489,297.800000,4
1490,298.000000,94
1491,298.200000,318
1492,298.400000,623
1493,298.600000,989
1494,298.800000,1379
1495,299.000000,1753
1496,299.200000,2097
1497,299.400000,2325
1498,299.600000,2443
1499,299.800000,2439
1500,300.000000,2311
1501,300.200000,2053
1502,300.400000,1726
1503,300.600000,1349
1504,300.800000,959
1505,301.000000,571
1506,301.200000,279
1507,301.400000,82
1508,301.600000,1
1509,301.800000,45
1510,302.000000,224
1511,302.200000,497
1512,302.400000,843
1513,302.600000,1228
1514,302.800000,1642
1515,303.000000,1984
1516,303.200000,2250
1517,303.400000,2412
1518,303.600000,2453
1519,303.800000,2363
1520,304.000000,2158
1521,304.200000,1860
1522,304.400000,1468
1523,304.600000,1078
1524,304.800000,703
1525,305.000000,382
1526,305.200000,145
1527,305.400000,13
1528,305.600000,18
1529,305.800000,145
1530,306.000000,382
1531,306.200000,730
1532,306.400000,1108
1533,306.600000,1498
1534,306.800000,1860
1535,307.000000,2178
1536,307.200000,2374
1537,307.400000,2455
1538,307.600000,2404
1539,307.800000,2233
1540,308.000000,1960
1541,308.200000,1614
1542,308.400000,1198
1543,308.600000,814
1544,308.800000,473
1545,309.000000,207
1546,309.200000,37
1547,309.400000,4
1548,309.600000,94
1549,309.800000,298
1550,310.000000,623
1551,310.200000,989
1552,310.400000,1379
1553,310.600000,1780
1554,310.800000,2097
1555,311.000000,2325
1556,311.200000,2443
1557,311.400000,2433
1558,311.600000,2297
1559,311.800000,2053
1560,312.000000,1726
1561,312.200000,1319
1562,312.400000,930
1563,312.600000,571
1564,312.800000,260
1565,313.000000,72
1566,313.200000,1
1567,313.400000,53
1568,313.600000,242
1569,313.800000,521
1570,314.000000,872
1571,314.200000,1288
1572,314.400000,1671
1573,314.600000,2008
1574,314.800000,2266
1575,315.000000,2427
1576,315.200000,2451
1577,315.400000,2351
1578,315.600000,2118
1579,315.800000,1807
1580,316.000000,1438
1581,316.200000,1018
1582,316.400000,649
1583,316.600000,339
1584,316.800000,118
1585,317.000000,6
1586,317.200000,30
1587,317.400000,175
1588,317.600000,449
1589,317.800000,786
1590,318.000000,1168
1591,318.200000,1585
1592,318.400000,1936
1593,318.600000,2215
1594,318.800000,2404
1595,319.000000,2456
1596,319.200000,2385
1597,319.400000,2178
1598,319.600000,1885
1599,319.800000,1527
1600,320.000000,1108
1601,320.200000,730
1602,320.400000,403
1603,320.600000,160
1604,320.800000,18
1605,321.000000,13
1606,321.200000,132
1607,321.400000,382
1608,321.600000,703
1609,321.800000,1078
1610,322.000000,1498
1611,322.200000,1860
1612,322.400000,2158
1613,322.600000,2374
1614,322.800000,2455
1615,323.000000,2412
1616,323.200000,2233
1617,323.400000,1960
1618,323.600000,1614
1619,323.800000,1198
1620,324.000000,814
1621,324.200000,449
1622,324.400000,191
1623,324.600000,37
1624,324.800000,6
1625,325.000000,106
1626,325.200000,318
1627,325.400000,649
1628,325.600000,1018
1629,325.800000,1408
1630,326.000000,1807
1631,326.200000,2118
1632,326.400000,2338
1633,326.600000,2451
1634,326.800000,2427
1635,327.000000,2282
1636,327.200000,2008
1637,327.400000,1671
1638,327.600000,1288
1639,327.800000,872
1640,328.000000,521
1641,328.200000,224
1642,328.400000,53
1643,328.600000,1
1644,328.800000,82
1645,329.000000,279
1646,329.200000,571
1647,329.400000,959
1648,329.600000,1349
1649,329.800000,1753
1650,330.000000,2075
1651,330.200000,2311
1652,330.400000,2443
1653,330.600000,2439
1654,330.800000,2311
1655,331.000000,2053
1656,331.200000,1726
1657,331.400000,1319
1658,331.600000,930
1659,331.800000,571
1660,332.000000,260
1661,332.200000,72
1662,332.400000,1
1663,332.600000,62
1664,332.800000,242
1665,333.000000,546
1666,333.200000,901
1667,333.400000,1288
1668,333.600000,1698
1669,333.800000,2031
1670,334.000000,2297
1671,334.200000,2433
1672,334.400000,2448
1673,334.600000,2325
1674,334.800000,2097
1675,335.000000,1753
1676,335.200000,1379
1677,335.400000,989
1678,335.600000,597
1679,335.800000,298
1680,336.000000,82
1681,336.200000,1
1682,336.400000,45
1683,336.600000,224
1684,336.800000,497
1685,337.000000,872
1686,337.200000,1258
1687,337.400000,1642
1688,337.600000,2008
1689,337.800000,2266
1690,338.000000,2427
1691,338.200000,2451
1692,338.400000,2351
1693,338.600000,2118
1694,338.800000,1807
1695,339.000000,1408
1696,339.200000,1018
1697,339.400000,623
1698,339.600000,318
1699,339.800000,106
1700,340.000000,4
1701,340.200000,37
1702,340.400000,207
1703,340.600000,473
1704,340.800000,843
1705,341.000000,1228
1706,341.200000,1614
1707,341.400000,1984
1708,341.600000,2250
1709,341.800000,2420
1710,342.000000,2453
1711,342.200000,2351
1712,342.400000,2139
1713,342.600000,1834
1714,342.800000,1438
1715,343.000000,1048
1716,343.200000,649
1717,343.400000,339
1718,343.600000,106
1719,343.800000,6
1720,344.000000,37
1721,344.200000,191
1722,344.400000,449
1723,344.600000,814
1724,344.800000,1198
1725,345.000000,1614
1726,345.200000,1960
1727,345.400000,2250
1728,345.600000,2412
1729,345.800000,2453
1730,346.000000,2363
1731,346.200000,2158
1732,346.400000,1834
1733,346.600000,1468
1734,346.800000,1048
1735,347.000000,676
1736,347.200000,339
1737,347.400000,118
1738,347.600000,6
1739,347.800000,30
1740,348.000000,191
1741,348.200000,449
1742,348.400000,814
1743,348.600000,1198
1744,348.800000,1614
1745,349.000000,1960
1746,349.200000,2233
1747,349.400000,2412
1748,349.600000,2455
1749,349.800000,2363
1750,350.000000,2158
1751,350.200000,1834
1752,350.400000,1468
1753,350.600000,1048
1754,350.800000,676
1755,351.000000,339
1756,351.200000,118
1757,351.400000,6
1758,351.600000,30
1759,351.800000,191
1760,352.000000,449
1761,352.200000,814
1762,352.400000,1198
1763,352.600000,1614
1764,352.800000,1960
1765,353.000000,2250
1766,353.200000,2412
1767,353.400000,2453
1768,353.600000,2363
1769,353.800000,2139
1770,354.000000,1834
1771,354.200000,1438
1772,354.400000,1048
1773,354.600000,649
1774,354.800000,339
1775,355.000000,106
1776,355.200000,6
1777,355.400000,37
1778,355.600000,191
1779,355.800000,473
1780,356.000000,814
1781,356.200000,1228
1782,356.400000,1614
1783,356.600000,1984
1784,356.800000,2250
1785,357.000000,2420
1786,357.200000,2453
1787,357.400000,2351
1788,357.600000,2139
1789,357.800000,1807
1790,358.000000,1438
1791,358.200000,1018
1792,358.400000,649
1793,358.600000,318
1794,358.800000,106
1795,359.000000,4
1796,359.200000,37
1797,359.400000,207
1798,359.600000,473
1799,359.800000,843
1800,360.000000,1228
1801,360.200000,1642
1802,360.400000,1984
1803,360.600000,2266
1804,360.800000,2427
1805,361.000000,2451
1806,361.200000,2338
1807,361.400000,2118
1808,361.600000,1780
1809,361.800000,1408
1810,362.000000,989
1811,362.200000,623
1812,362.400000,298
1813,362.600000,94
1814,362.800000,1
1815,363.000000,45
1816,363.200000,224
1817,363.400000,521
1818,363.600000,872
1819,363.800000,1288
1820,364.000000,1671
1821,364.200000,2031
1822,364.400000,2282
1823,364.600000,2433
1824,364.800000,2448
1825,365.000000,2325
1826,365.200000,2097
1827,365.400000,1753
1828,365.600000,1349
1829,365.800000,959
1830,366.000000,571
1831,366.200000,279
1832,366.400000,72
1833,366.600000,1
1834,366.800000,62
1835,367.000000,242
1836,367.200000,546
1837,367.400000,930
1838,367.600000,1319
1839,367.800000,1726
1840,368.000000,2053
1841,368.200000,2311
1842,368.400000,2439
1843,368.600000,2439
1844,368.800000,2297
1845,369.000000,2053
1846,369.200000,1698
1847,369.400000,1319
1848,369.600000,901
1849,369.800000,546
1850,370.000000,242
1851,370.200000,53
1852,370.400000,1
1853,370.600000,82
1854,370.800000,279
1855,371.000000,597
1856,371.200000,989
1857,371.400000,1379
1858,371.600000,1780
1859,371.800000,2097
1860,372.000000,2338
1861,372.200000,2448
1862,372.400000,2427
1863,372.600000,2266
1864,372.800000,2008
1865,373.000000,1642
1866,373.200000,1258
1867,373.400000,843
1868,373.600000,473
1869,373.800000,207
1870,374.000000,37
1871,374.200000,4
1872,374.400000,106
1873,374.600000,339
1874,374.800000,649
1875,375.000000,1048
1876,375.200000,1438
1877,375.400000,1834
1878,375.600000,2158
1879,375.800000,2363
1880,376.000000,2455
1881,376.200000,2412
1882,376.400000,2233
1883,376.600000,1936
1884,376.800000,1585
1885,377.000000,1168
1886,377.200000,786
1887,377.400000,426
1888,377.600000,160
1889,377.800000,24
1890,378.000000,13
1891,378.200000,145
1892,378.400000,382
1893,378.600000,730
1894,378.800000,1108
1895,379.000000,1527
1896,379.200000,1911
1897,379.400000,2197
1898,379.600000,2395
1899,379.800000,2456
1900,380.000000,2385
1901,380.200000,2178
1902,380.400000,1885
1903,380.600000,1498
1904,380.800000,1078
1905,381.000000,703
1906,381.200000,360
1907,381.400000,118
1908,381.600000,9
1909,381.800000,30
1910,382.000000,191
1911,382.200000,449
1912,382.400000,814
1913,382.600000,1198
1914,382.800000,1614
1915,383.000000,1984
1916,383.200000,2250
1917,383.400000,2420
1918,383.600000,2451
1919,383.800000,2351
1920,384.000000,2118
1921,384.200000,1780
1922,384.400000,1408
1923,384.600000,989
1924,384.800000,597
1925,385.000000,298
1926,385.200000,82
1927,385.400000,1
1928,385.600000,53
1929,385.800000,242
1930,386.000000,546
1931,386.200000,901
1932,386.400000,1319
1933,386.600000,1726
1934,386.800000,2053
1935,387.000000,2311
1936,387.200000,2443
1937,387.400000,2439
1938,387.600000,2297
1939,387.800000,2031
1940,388.000000,1698
1941,388.200000,1288
1942,388.400000,872
1943,388.600000,521
1944,388.800000,224
1945,389.000000,45
1946,389.200000,1
1947,389.400000,94
1948,389.600000,318
1949,389.800000,623
1950,390.000000,1018
1951,390.200000,1438
1952,390.400000,1807
1953,390.600000,2139
1954,390.800000,2363
1955,391.000000,2453
1956,391.200000,2412
1957,391.400000,2233
1958,391.600000,1960
1959,391.800000,1585
1960,392.000000,1168
1961,392.200000,786
1962,392.400000,426
1963,392.600000,160
1964,392.800000,18
1965,393.000000,13
1966,393.200000,145
1967,393.400000,403
1968,393.600000,730
1969,393.800000,1138
1970,394.000000,1556
1971,394.200000,1911
1972,394.400000,2215
1973,394.600000,2404
1974,394.800000,2455
1975,395.000000,2374
1976,395.200000,2158
1977,395.400000,1834
1978,395.600000,1468
1979,395.800000,1048
1980,396.000000,649
1981,396.200000,318
1982,396.400000,106
1983,396.600000,4
1984,396.800000,45
1985,397.000000,207
1986,397.200000,497
1987,397.400000,872
1988,397.600000,1288
1989,397.800000,1671
1990,398.000000,2031
1991,398.200000,2297
1992,398.400000,2433
1993,398.600000,2443
1994,398.800000,2311
1995,399.000000,2053
1996,399.200000,1726
1997,399.400000,1319
1998,399.600000,901
1999,399.800000,521
2000,400.000000,242
2001,400.200000,53
2002,400.400000,1
2003,400.600000,82
2004,400.800000,298
2005,401.000000,623
2006,401.200000,1018
2007,401.400000,1408
2008,401.600000,1807
2009,401.800000,2139
2010,402.000000,2363
2011,402.200000,2453
2012,402.400000,2412
2013,402.600000,2233
2014,402.800000,1936
2015,403.000000,1585
2016,403.200000,1168
2017,403.400000,759
2018,403.600000,403
2019,403.800000,160
2020,404.000000,18
2021,404.200000,18
2022,404.400000,160
2023,404.600000,403
2024,404.800000,759
2025,405.000000,1168
2026,405.200000,1585
2027,405.400000,1936
2028,405.600000,2233
2029,405.800000,2412
2030,406.000000,2453
2031,406.200000,2363
2032,406.400000,2139
2033,406.600000,1807
2034,406.800000,1408
2035,407.000000,1018
2036,407.200000,623
2037,407.400000,298
2038,407.600000,82
2039,407.800000,1
2040,408.000000,53
2041,408.200000,242
2042,408.400000,546
2043,408.600000,930
2044,408.800000,1319
2045,409.000000,1726
2046,409.200000,2075
2047,409.400000,2325
2048,409.600000,2448
2049,409.800000,2433
2050,410.000000,2282
2051,410.200000,2008
2052,410.400000,1642
2053,410.600000,1258
2054,410.800000,843
2055,411.000000,473
2056,411.200000,191
2057,411.400000,30
2058,411.600000,6
2059,411.800000,118
2060,412.000000,360
2061,412.200000,703
2062,412.400000,1108
2063,412.600000,1498
2064,412.800000,1885
2065,413.000000,2197
2066,413.200000,2395
2067,413.400000,2456
2068,413.600000,2385
2069,413.800000,2178
2070,414.000000,1860
2071,414.200000,1468
2072,414.400000,1048
2073,414.600000,676
2074,414.800000,339
2075,415.000000,106
2076,415.200000,4
2077,415.400000,45
2078,415.600000,207
2079,415.800000,497
2080,416.000000,872
2081,416.200000,1288
2082,416.400000,1698
2083,416.600000,2053
2084,416.800000,2297
2085,417.000000,2439
2086,417.200000,2439
2087,417.400000,2297
2088,417.600000,2031
2089,417.800000,1698
2090,418.000000,1288
2091,418.200000,872
2092,418.400000,497
2093,418.600000,207
2094,418.800000,37
2095,419.000000,4
2096,419.200000,106
2097,419.400000,339
2098,419.600000,676
2099,419.800000,1078
2100,420.000000,1498
2101,420.200000,1860
2102,420.400000,2178
2103,420.600000,2385
2104,420.800000,2457
2105,421.000000,2385
2106,421.200000,2178
2107,421.400000,1885
2108,421.600000,1498
2109,421.800000,1078
2110,422.000000,676
2111,422.200000,339
2112,422.400000,106
2113,422.600000,6
2114,422.800000,37
2115,423.000000,207
2116,423.200000,497
2117,423.400000,872
2118,423.600000,1288
2119,423.800000,1698
2120,424.000000,2031
2121,424.200000,2297
2122,424.400000,2439
2123,424.600000,2439
2124,424.800000,2297
2125,425.000000,2031
2126,425.200000,1671
2127,425.400000,1288
2128,425.600000,872
2129,425.800000,497
2130,426.000000,207
2131,426.200000,37
2132,426.400000,6
2133,426.600000,118
2134,426.800000,339
2135,427.000000,676
2136,427.200000,1078
2137,427.400000,1498
2138,427.600000,1885
2139,427.800000,2197
2140,428.000000,2395
2141,428.200000,2456
2142,428.400000,2385
2143,428.600000,2178
2144,428.800000,1860
2145,429.000000,1468
2146,429.200000,1048
2147,429.400000,649
2148,429.600000,318
2149,429.800000,94
2150,430.000000,1
2151,430.200000,45
2152,430.400000,224
2153,430.600000,521
2154,430.800000,901
2155,431.000000,1319
2156,431.200000,1726
2157,431.400000,2075
2158,431.600000,2325
2159,431.800000,2448
2160,432.000000,2433
2161,432.200000,2282
2162,432.400000,2008
2163,432.600000,1642
2164,432.800000,1228
2165,433.000000,814
2166,433.200000,449
2167,433.400000,175
2168,433.600000,24
2169,433.800000,13
2170,434.000000,132
2171,434.200000,382
2172,434.400000,730
2173,434.600000,1138
2174,434.800000,1556
2175,435.000000,1936
2176,435.200000,2233
2177,435.400000,2412
2178,435.600000,2453
2179,435.800000,2351
2180,436.000000,2118
2181,436.200000,1807
2182,436.400000,1408
2183,436.600000,989
2184,436.800000,597
2185,437.000000,279
2186,437.200000,72
2187,437.400000,0
2188,437.600000,72
2189,437.800000,279
2190,438.000000,597
2191,438.200000,989
2192,438.400000,1408
2193,438.600000,1807
2194,438.800000,2118
2195,439.000000,2351
2196,439.200000,2453
2197,439.400000,2412
2198,439.600000,2233
2199,439.800000,1936
2200,440.000000,1556
2201,440.200000,1138
2202,440.400000,730
2203,440.600000,382
2204,440.800000,132
2205,441.000000,9
2206,441.200000,30
2207,441.400000,191
2208,441.600000,473
2209,441.800000,843
2210,442.000000,1228
2211,442.200000,1642
2212,442.400000,2008
2213,442.600000,2282
2214,442.800000,2433
2215,443.000000,2443
2216,443.200000,2311
2217,443.400000,2053
2218,443.600000,1698
2219,443.800000,1288
2220,444.000000,872
2221,444.200000,497
2222,444.400000,207
2223,444.600000,37
2224,444.800000,6
2225,445.000000,118
2226,445.200000,360
2227,445.400000,703
2228,445.600000,1108
2229,445.800000,1527
2230,446.000000,1911
2231,446.200000,2215
2232,446.400000,2404
2233,446.600000,2455
2234,446.800000,2374
2235,447.000000,2158
2236,447.200000,1834
2237,447.400000,1438
2238,447.600000,1018
2239,447.800000,623
2240,448.000000,298
2241,448.200000,82
2242,448.400000,1
2243,448.600000,62
2244,448.800000,260
2245,449.000000,571
2246,449.200000,959
2247,449.400000,1379
2248,449.600000,1780
2249,449.800000,2118
2250,450.000000,2351
2251,450.200000,2453
2252,450.400000,2412
2253,450.600000,2233
2254,450.800000,1936
2255,451.000000,1556
2256,451.200000,1138
2257,451.400000,730
2258,451.600000,382
2259,451.800000,132
2260,452.000000,9
2261,452.200000,30
2262,452.400000,191
2263,452.600000,473
2264,452.800000,843
2265,453.000000,1258
2266,453.200000,1671
2267,453.400000,2031
2268,453.600000,2297
2269,453.800000,2439
2270,454.000000,2439
2271,454.200000,2297
2272,454.400000,2031
2273,454.600000,1671
2274,454.800000,1258
2275,455.000000,843
2276,455.200000,473
2277,455.400000,191
2278,455.600000,30
2279,455.800000,9
2280,456.000000,132
2281,456.200000,382
2282,456.400000,730
2283,456.600000,1138
2284,456.800000,1556
2285,457.000000,1936
2286,457.200000,2233
2287,457.400000,2412
2288,457.600000,2453
2289,457.800000,2351
2290,458.000000,2118
2291,458.200000,1753
2292,458.400000,1349
2293,458.600000,930
2294,458.800000,546
2295,459.000000,242
2296,459.200000,53
2297,459.400000,1
2298,459.600000,94
2299,459.800000,318
2300,460.000000,649
2301,460.200000,1048
2302,460.400000,1468
2303,460.600000,1860
2304,460.800000,2178
2305,461.000000,2385
2306,461.200000,2457
2307,461.400000,2385
2308,461.600000,2178
2309,461.800000,1860
2310,462.000000,1468
2311,462.200000,1048
2312,462.400000,649
2313,462.600000,318
2314,462.800000,94
2315,463.000000,1
2316,463.200000,62
2317,463.400000,260
2318,463.600000,571
2319,463.800000,959
2320,464.000000,1379
2321,464.200000,1780
2322,464.400000,2118
2323,464.600000,2351
2324,464.800000,2453
2325,465.000000,2412
2326,465.200000,2233
2327,465.400000,1936
2328,465.600000,1556
2329,465.800000,1138
2330,466.000000,730
2331,466.200000,360
2332,466.400000,118
2333,466.600000,6
2334,466.800000,37
2335,467.000000,207
2336,467.200000,497
2337,467.400000,872
2338,467.600000,1288
2339,467.800000,1698
2340,468.000000,2053
2341,468.200000,2311
2342,468.400000,2443
2343,468.600000,2433
2344,468.800000,2266
2345,469.000000,1984
2346,469.200000,1614
2347,469.400000,1198
2348,469.600000,786
2349,469.800000,426
2350,470.000000,160
2351,470.200000,18
2352,470.400000,18
2353,470.600000,160
2354,470.800000,426
2355,471.000000,814
2356,471.200000,1228
2357,471.400000,1642
2358,471.600000,2008
2359,471.800000,2282
2360,472.000000,2433
2361,472.200000,2443
2362,472.400000,2311
2363,472.600000,2053
2364,472.800000,1698
2365,473.000000,1258
2366,473.200000,843
2367,473.400000,473
2368,473.600000,191
2369,473.800000,30
2370,474.000000,9
2371,474.200000,132
2372,474.400000,382
2373,474.600000,730
2374,474.800000,1168
2375,475.000000,1585
2376,475.200000,1960
2377,475.400000,2250
2378,475.600000,2420
2379,475.800000,2451
2380,476.000000,2338
2381,476.200000,2097
2382,476.400000,1753
2383,476.600000,1319
2384,476.800000,901
2385,477.000000,521
2386,477.200000,224
2387,477.400000,45
2388,477.600000,4
2389,477.800000,106
2390,478.000000,339
2391,478.200000,703
2392,478.400000,1108
2393,478.600000,1527
2394,478.800000,1911
2395,479.000000,2215
2396,479.200000,2404
2397,479.400000,2455
2398,479.600000,2351
2399,479.800000,2118
2400,480.000000,1780
2401,480.200000,1379
2402,480.400000,959
2403,480.600000,571
2404,480.800000,260
2405,481.000000,53
2406,481.200000,1
2407,481.400000,94
2408,481.600000,318
2409,481.800000,649
2410,482.000000,1048
2411,482.200000,1468
2412,482.400000,1885
2413,482.600000,2197
2414,482.800000,2395
2415,483.000000,2456
2416,483.200000,2374
2417,483.400000,2158
2418,483.600000,1807
2419,483.800000,1408
2420,484.000000,989
2421,484.200000,597
2422,484.400000,279
2423,484.600000,72
2424,484.800000,1
2425,485.000000,82
2426,485.200000,298
2427,485.400000,623
2428,485.600000,1018
2429,485.800000,1438
2430,486.000000,1860
2431,486.200000,2178
2432,486.400000,2385
2433,486.600000,2457
2434,486.800000,2385
2435,487.000000,2178
2436,487.200000,1834
2437,487.400000,1438
2438,487.600000,1018
2439,487.800000,623
2440,488.000000,298
2441,488.200000,82
2442,488.400000,0
2443,488.600000,72
2444,488.800000,279
2445,489.000000,597
2446,489.200000,989
2447,489.400000,1438
2448,489.600000,1834
2449,489.800000,2158
2450,490.000000,2374
2451,490.200000,2456
2452,490.400000,2385
2453,490.600000,2178
2454,490.800000,1860
2455,491.000000,1468
2456,491.200000,1048
2457,491.400000,623
2458,491.600000,298
2459,491.800000,82
2460,492.000000,1
2461,492.200000,62
2462,492.400000,279
2463,492.600000,597
2464,492.800000,989
2465,493.000000,1408
2466,493.200000,1807
2467,493.400000,2158
2468,493.600000,2374
2469,493.800000,2456
2470,494.000000,2395
2471,494.200000,2197
2472,494.400000,1860
2473,494.600000,1468
2474,494.800000,1048
2475,495.000000,649
2476,495.200000,298
2477,495.400000,82
2478,495.600000,1
2479,495.800000,62
2480,496.000000,260
2481,496.200000,597
2482,496.400000,989
2483,496.600000,1408
2484,496.800000,1807
2485,497.000000,2158
2486,497.200000,2374
2487,497.400000,2456
2488,497.600000,2395
2489,497.800000,2197
2490,498.000000,1860
2491,498.200000,1468
2492,498.400000,1048
2493,498.600000,649
2494,498.800000,298
2495,499.000000,82
2496,499.200000,1
2497,499.400000,62
2498,499.600000,279
2499,499.800000,597
2500,500.000000,989
2501,500.200000,1408
2502,500.400000,1834
2503,500.600000,2158
2504,500.800000,2374
2505,501.000000,2456
2506,501.200000,2385
2507,501.400000,2178
2508,501.600000,1860
2509,501.800000,1468
2510,502.000000,1018
2511,502.200000,623
2512,502.400000,298
2513,502.600000,82
2514,502.800000,0
2515,503.000000,72
2516,503.200000,279
2517,503.400000,597
2518,503.600000,1018
2519,503.800000,1438
2520,504.000000,1834
2521,504.200000,2158
2522,504.400000,2385
2523,504.600000,2457
2524,504.800000,2385
2525,505.000000,2158
2526,505.200000,1834
2527,505.400000,1438
2528,505.600000,1018
2529,505.800000,597
2530,506.000000,279
2531,506.200000,72
2532,506.400000,0
2533,506.600000,82
2534,506.800000,298
2535,507.000000,623
2536,507.200000,1048
2537,507.400000,1468
2538,507.600000,1860
2539,507.800000,2178
2540,508.000000,2395
2541,508.200000,2456
2542,508.400000,2374
2543,508.600000,2139
2544,508.800000,1807
2545,509.000000,1408
2546,509.200000,989
2547,509.400000,571
2548,509.600000,260
2549,509.800000,62
2550,510.000000,1
2551,510.200000,94
2552,510.400000,318
2553,510.600000,649
2554,510.800000,1078
2555,511.000000,1498
2556,511.200000,1885
2557,511.400000,2215
2558,511.600000,2404
2559,511.800000,2455
2560,512.000000,2351
2561,512.200000,2118
2562,512.400000,1780
2563,512.600000,1379
2564,512.800000,930
2565,513.000000,546
2566,513.200000,242
2567,513.400000,45
2568,513.600000,4
2569,513.800000,106
2570,514.000000,360
2571,514.200000,703
2572,514.400000,1108
2573,514.600000,1556
2574,514.800000,1936
2575,515.000000,2233
2576,515.200000,2420
2577,515.400000,2451
2578,515.600000,2338
2579,515.800000,2075
2580,516.000000,1726
2581,516.200000,1319
2582,516.400000,872
2583,516.600000,497
2584,516.800000,207
2585,517.000000,30
2586,517.200000,9
2587,517.400000,132
2588,517.600000,382
2589,517.800000,759
2590,518.000000,1168
2591,518.200000,1614
2592,518.400000,1984
2593,518.600000,2266
2594,518.800000,2433
2595,519.000000,2443
2596,519.200000,2311
2597,519.400000,2031
2598,519.600000,1671
2599,519.800000,1258
2600,520.000000,814
2601,520.200000,449
2602,520.400000,175
2603,520.600000,18
2604,520.800000,18
2605,521.000000,160
2606,521.200000,449
2607,521.400000,814
2608,521.600000,1228
2609,521.800000,1671
2610,522.000000,2031
2611,522.200000,2297
2612,522.400000,2443
2613,522.600000,2433
2614,522.800000,2266
2615,523.000000,1984
2616,523.200000,1614
2617,523.400000,1168
2618,523.600000,759
2619,523.800000,403
2620,524.000000,132
2621,524.200000,9
2622,524.400000,30
2623,524.600000,207
2624,524.800000,497
2625,525.000000,901
2626,525.200000,1319
2627,525.400000,1726
2628,525.600000,2097
2629,525.800000,2338
2630,526.000000,2451
2631,526.200000,2412
2632,526.400000,2233
2633,526.600000,1911
2634,526.800000,1527
2635,527.000000,1108
2636,527.200000,676
2637,527.400000,339
2638,527.600000,106
2639,527.800000,1
2640,528.000000,53
2641,528.200000,260
2642,528.400000,571
2643,528.600000,959
2644,528.800000,1408
2645,529.000000,1807
2646,529.200000,2158
2647,529.400000,2374
2648,529.600000,2456
2649,529.800000,2385
2650,530.000000,2178
2651,530.200000,1834
2652,530.400000,1438
2653,530.600000,1018
2654,530.800000,597
2655,531.000000,279
2656,531.200000,62
2657,531.400000,1
2658,531.600000,82
2659,531.800000,318
2660,532.000000,649
2661,532.200000,1078
2662,532.400000,1498
2663,532.600000,1885
2664,532.800000,2215
2665,533.000000,2404
2666,533.200000,2453
2667,533.400000,2351
2668,533.600000,2118
2669,533.800000,1753
2670,534.000000,1349
2671,534.200000,901
2672,534.400000,521
2673,534.600000,207
2674,534.800000,37
2675,535.000000,6
2676,535.200000,132
2677,535.400000,382
2678,535.600000,759
2679,535.800000,1168
2680,536.000000,1614
2681,536.200000,1984
2682,536.400000,2266
2683,536.600000,2433
2684,536.800000,2443
2685,537.000000,2297
2686,537.200000,2031
2687,537.400000,1642
2688,537.600000,1228
2689,537.800000,814
2690,538.000000,426
2691,538.200000,160
2692,538.400000,13
2693,538.600000,24
2694,538.800000,191
2695,539.000000,473
2696,539.200000,872
2697,539.400000,1288
2698,539.600000,1698
2699,539.800000,2075
2700,540.000000,2325
2701,540.200000,2451
2702,540.400000,2420
2703,540.600000,2233
2704,540.800000,1936
2705,541.000000,1527
2706,541.200000,1108
2707,541.400000,703
2708,541.600000,339
2709,541.800000,106
2710,542.000000,1
2711,542.200000,53
2712,542.400000,260
2713,542.600000,571
2714,542.800000,989
2715,543.000000,1408
2716,543.200000,1834
2717,543.400000,2158
2718,543.600000,2385
2719,543.800000,2457
2720,544.000000,2385
2721,544.200000,2158
2722,544.400000,1834
2723,544.600000,1408
2724,544.800000,989
2725,545.000000,571
2726,545.200000,260
2727,545.400000,53
2728,545.600000,1
2729,545.800000,106
2730,546.000000,339
2731,546.200000,703
2732,546.400000,1108
2733,546.600000,1556
2734,546.800000,1936
2735,547.000000,2250
2736,547.200000,2420
2737,547.400000,2448
2738,547.600000,2325
2739,547.800000,2053
2740,548.000000,1698
2741,548.200000,1258
2742,548.400000,843
2743,548.600000,449
2744,548.800000,175
2745,549.000000,18
2746,549.200000,18
2747,549.400000,175
2748,549.600000,449
2749,549.800000,843
2750,550.000000,1258
2751,550.200000,1698
2752,550.400000,2053
2753,550.600000,2325
2754,550.800000,2448
2755,551.000000,2420
2756,551.200000,2250
2757,551.400000,1936
2758,551.600000,1556
2759,551.800000,1108
2760,552.000000,703
2761,552.200000,339
2762,552.400000,106
2763,552.600000,1
2764,552.800000,53
2765,553.000000,260
2766,553.200000,571
2767,553.400000,989
2768,553.600000,1408
2769,553.800000,1834
2770,554.000000,2158
2771,554.200000,2385
2772,554.400000,2457
2773,554.600000,2374
2774,554.800000,2158
2775,555.000000,1807
2776,555.200000,1408
2777,555.400000,959
2778,555.600000,571
2779,555.800000,242
2780,556.000000,53
2781,556.200000,4
2782,556.400000,118
2783,556.600000,360
2784,556.800000,730
2785,557.000000,1138
2786,557.200000,1585
2787,557.400000,1960
2788,557.600000,2266
2789,557.800000,2427
2790,558.000000,2443
2791,558.200000,2311
2792,558.400000,2031
2793,558.600000,1671
2794,558.800000,1228
2795,559.000000,786
2796,559.200000,426
2797,559.400000,145
2798,559.600000,13
2799,559.800000,30
2800,560.000000,191
2801,560.200000,497
2802,560.400000,872
2803,560.600000,1319
2804,560.800000,1726
2805,561.000000,2097
2806,561.200000,2351
2807,561.400000,2453
2808,561.600000,2404
2809,561.800000,2215
2810,562.000000,1885
2811,562.200000,1498
2812,562.400000,1048
2813,562.600000,623
2814,562.800000,298
2815,563.000000,72
2816,563.200000,0
2817,563.400000,82
2818,563.600000,298
2819,563.800000,649
2820,564.000000,1078
2821,564.200000,1498
2822,564.400000,1911
2823,564.600000,2215
2824,564.800000,2412
2825,565.000000,2453
2826,565.200000,2338
2827,565.400000,2075
2828,565.600000,1726
2829,565.800000,1288
2830,566.000000,872
2831,566.200000,473
2832,566.400000,191
2833,566.600000,24
2834,566.800000,18
2835,567.000000,160
2836,567.200000,449
2837,567.400000,814
2838,567.600000,1258
2839,567.800000,1698
2840,568.000000,2053
2841,568.200000,2325
2842,568.400000,2448
2843,568.600000,2420
2844,568.800000,2233
2845,569.000000,1936
2846,569.200000,1527
2847,569.400000,1108
2848,569.600000,676
2849,569.800000,318
2850,570.000000,94
2851,570.200000,1
2852,570.400000,62
2853,570.600000,279
2854,570.800000,623
2855,571.000000,1018
2856,571.200000,1468
2857,571.400000,1860
2858,571.600000,2197
2859,571.800000,2404
2860,572.000000,2455
2861,572.200000,2351
2862,572.400000,2118
2863,572.600000,1753
2864,572.800000,1319
2865,573.000000,901
2866,573.200000,497
2867,573.400000,207
2868,573.600000,30
2869,573.800000,13
2870,574.000000,145
2871,574.200000,426
2872,574.400000,814
2873,574.600000,1228
2874,574.800000,1671
2875,575.000000,2031
2876,575.200000,2311
2877,575.400000,2448
2878,575.600000,2427
2879,575.800000,2250
2880,576.000000,1936
2881,576.200000,1556
2882,576.400000,1108
2883,576.600000,676
2884,576.800000,339
2885,577.000000,94
2886,577.200000,1
2887,577.400000,62
2888,577.600000,279
2889,577.800000,597
2890,578.000000,1018
2891,578.200000,1468
2892,578.400000,1860
2893,578.600000,2197
2894,578.800000,2404
2895,579.000000,2455
2896,579.200000,2351
2897,579.400000,2097
2898,579.600000,1753
2899,579.800000,1319
2900,580.000000,872
2901,580.200000,497
2902,580.400000,191
2903,580.600000,30
2904,580.800000,13
2905,581.000000,160
2906,581.200000,426
2907,581.400000,814
2908,581.600000,1258
2909,581.800000,1671
2910,582.000000,2053
2911,582.200000,2325
2912,582.400000,2448
2913,582.600000,2420
2914,582.800000,2233
2915,583.000000,1936
2916,583.200000,1527
2917,583.400000,1078
2918,583.600000,676
2919,583.800000,318
2920,584.000000,82
2921,584.200000,1
2922,584.400000,72
2923,584.600000,298
2924,584.800000,623
2925,585.000000,1048
2926,585.200000,1498
2927,585.400000,1911
2928,585.600000,2215
2929,585.800000,2412
2930,586.000000,2451
2931,586.200000,2338
2932,586.400000,2075
2933,586.600000,1698
2934,586.800000,1288
2935,587.000000,843
2936,587.200000,449
2937,587.400000,175
2938,587.600000,18
2939,587.800000,24
2940,588.000000,175
2941,588.200000,473
2942,588.400000,872
2943,588.600000,1319
2944,588.800000,1726
2945,589.000000,2097
2946,589.200000,2351
2947,589.400000,2453
2948,589.600000,2404
2949,589.800000,2197
2950,590.000000,1885
2951,590.200000,1468
2952,590.400000,1018
2953,590.600000,597
2954,590.800000,279
2955,591.000000,62
2956,591.200000,1
2957,591.400000,94
2958,591.600000,339
2959,591.800000,703
2960,592.000000,1138
2961,592.200000,1556
2962,592.400000,1960
2963,592.600000,2266
2964,592.800000,2427
2965,593.000000,2443
2966,593.200000,2297
2967,593.400000,2008
2968,593.600000,1642
2969,593.800000,1198
2970,594.000000,759
2971,594.200000,403
2972,594.400000,132
2973,594.600000,6
2974,594.800000,45
2975,595.000000,224
2976,595.200000,546
2977,595.400000,959
2978,595.600000,1408
2979,595.800000,1807
2980,596.000000,2158
2981,596.200000,2385
2982,596.400000,2456
2983,596.600000,2374
2984,596.800000,2139
2985,597.000000,1780
2986,597.200000,1379
2987,597.400000,930
2988,597.600000,521
2989,597.800000,207
2990,598.000000,37
2991,598.200000,9
2992,598.400000,145
2993,598.600000,426
2994,598.800000,786
2995,599.000000,1228
2996,599.200000,1671
2997,599.400000,2053
2998,599.600000,2311
2999,599.800000,2448
3000,600.000000,2420
3001,600.200000,2233
3002,600.400000,1936
3003,600.600000,1527
3004,600.800000,1078
3005,601.000000,649
3006,601.200000,298
3007,601.400000,82
3008,601.600000,0
3009,601.800000,82
3010,602.000000,318
3011,602.200000,649
3012,602.400000,1078
3013,602.600000,1527
3014,602.800000,1936
3015,603.000000,2233
3016,603.200000,2420
3017,603.400000,2448
3018,603.600000,2311
3019,603.800000,2053
3020,604.000000,1671
3021,604.200000,1228
3022,604.400000,786
3023,604.600000,403
3024,604.800000,145
3025,605.000000,9
3026,605.200000,37
3027,605.400000,224
3028,605.600000,546
3029,605.800000,930
3030,606.000000,1379
3031,606.200000,1807
3032,606.400000,2158
3033,606.600000,2374
3034,606.800000,2457
3035,607.000000,2374
3036,607.200000,2139
3037,607.400000,1780
3038,607.600000,1379
3039,607.800000,930
3040,608.000000,521
3041,608.200000,207
3042,608.400000,30
3043,608.600000,9
3044,608.800000,145
3045,609.000000,426
3046,609.200000,814
3047,609.400000,1258
3048,609.600000,1671
3049,609.800000,2053
3050,610.000000,2325
3051,610.200000,2451
3052,610.400000,2412
3053,610.600000,2233
3054,610.800000,1911
3055,611.000000,1498
3056,611.200000,1048
3057,611.400000,623
3058,611.600000,279
3059,611.800000,72
3060,612.000000,1
3061,612.200000,94
3062,612.400000,339
3063,612.600000,703
3064,612.800000,1108
3065,613.000000,1556
3066,613.200000,1960
3067,613.400000,2266
3068,613.600000,2433
3069,613.800000,2439
3070,614.000000,2297
3071,614.200000,2008
3072,614.400000,1614
3073,614.600000,1168
3074,614.800000,730
3075,615.000000,360
3076,615.200000,118
3077,615.400000,4
3078,615.600000,53
3079,615.800000,260
3080,616.000000,597
3081,616.200000,1018
3082,616.400000,1438
3083,616.600000,1860
3084,616.800000,2197
3085,617.000000,2404
3086,617.200000,2453
3087,617.400000,2338
3088,617.600000,2097
3089,617.800000,1726
3090,618.000000,1288
3091,618.200000,843
3092,618.400000,449
3093,618.600000,160
3094,618.800000,13
3095,619.000000,24
3096,619.200000,191
3097,619.400000,497
3098,619.600000,901
3099,619.800000,1349
3100,620.000000,1780
3101,620.200000,2139
3102,620.400000,2363
3103,620.600000,2456
3104,620.800000,2385
3105,621.000000,2158
3106,621.200000,1807
3107,621.400000,1379
3108,621.600000,930
3109,621.800000,546
3110,622.000000,224
3111,622.200000,37
3112,622.400000,9
3113,622.600000,145
3114,622.800000,426
3115,623.000000,814
3116,623.200000,1258
3117,623.400000,1671
3118,623.600000,2053
3119,623.800000,2325
3120,624.000000,2451
3121,624.200000,2412
3122,624.400000,2215
3123,624.600000,1885
3124,624.800000,1468
3125,625.000000,1048
3126,625.200000,623
3127,625.400000,279
3128,625.600000,62
3129,625.800000,1
3130,626.000000,106
3131,626.200000,360
3132,626.400000,730
3133,626.600000,1168
3134,626.800000,1585
3135,627.000000,1984
3136,627.200000,2282
3137,627.400000,2439
3138,627.600000,2433
3139,627.800000,2266
3140,628.000000,1960
3141,628.200000,1556
3142,628.400000,1108
3143,628.600000,703
3144,628.800000,339
3145,629.000000,94
3146,629.200000,1
3147,629.400000,72
3148,629.600000,298
3149,629.800000,649
3150,630.000000,1078
3151,630.200000,1527
3152,630.400000,1936
3153,630.600000,2250
3154,630.800000,2420
3155,631.000000,2448
3156,631.200000,2311
3157,631.400000,2031
3158,631.600000,1642
3159,631.800000,1198
3160,632.000000,759
3161,632.200000,382
3162,632.400000,118
3163,632.600000,4
3164,632.800000,53
3165,633.000000,260
3166,633.200000,597
3167,633.400000,989
3168,633.600000,1438
3169,633.800000,1860
3170,634.000000,2197
3171,634.200000,2404
3172,634.400000,2453
3173,634.600000,2338
3174,634.800000,2075
3175,635.000000,1698
3176,635.200000,1258
3177,635.400000,814
3178,635.600000,426
3179,635.800000,145
3180,636.000000,9
3181,636.200000,37
3182,636.400000,207
3183,636.600000,521
3184,636.800000,930
3185,637.000000,1379
3186,637.200000,1807
3187,637.400000,2158
3188,637.600000,2385
3189,637.800000,2456
3190,638.000000,2363
3191,638.200000,2118
3192,638.400000,1753
3193,638.600000,1319
3194,638.800000,872
3195,639.000000,473
3196,639.200000,175
3197,639.400000,18
3198,639.600000,24
3199,639.800000,191
3200,640.000000,497
3201,640.200000,901
3202,640.400000,1349
3203,640.600000,1753
3204,640.800000,2118
3205,641.000000,2363
3206,641.200000,2456
3207,641.400000,2385
3208,641.600000,2158
3209,641.800000,1807
3210,642.000000,1379
3211,642.200000,930
3212,642.400000,521
3213,642.600000,207
3214,642.800000,30
3215,643.000000,13
3216,643.200000,160
3217,643.400000,449
3218,643.600000,843
3219,643.800000,1288
3220,644.000000,1726
3221,644.200000,2097
3222,644.400000,2351
3223,644.600000,2455
3224,644.800000,2395
3225,645.000000,2178
3226,645.200000,1834
3227,645.400000,1408
3228,645.600000,959
3229,645.800000,546
3230,646.000000,224
3231,646.200000,37
3232,646.400000,9
3233,646.600000,145
3234,646.800000,426
3235,647.000000,814
3236,647.200000,1258
3237,647.400000,1698
3238,647.600000,2075
3239,647.800000,2338
3240,648.000000,2453
3241,648.200000,2404
3242,648.400000,2197
3243,648.600000,1860
3244,648.800000,1438
3245,649.000000,989
3246,649.200000,571
3247,649.400000,242
3248,649.600000,45
3249,649.800000,6
3250,650.000000,132
3251,650.200000,403
3252,650.400000,786
3253,650.600000,1228
3254,650.800000,1671
3255,651.000000,2053
3256,651.200000,2325
3257,651.400000,2451
3258,651.600000,2412
3259,651.800000,2215
3260,652.000000,1885
3261,652.200000,1468
3262,652.400000,1018
3263,652.600000,597
3264,652.800000,260
3265,653.000000,53
3266,653.200000,4
3267,653.400000,118
3268,653.600000,382
3269,653.800000,759
3270,654.000000,1198
3271,654.200000,1642
3272,654.400000,2031
3273,654.600000,2311
3274,654.800000,2448
3275,655.000000,2412
3276,655.200000,2215
3277,655.400000,1885
3278,655.600000,1468
3279,655.800000,1018
3280,656.000000,597
3281,656.200000,260
3282,656.400000,53
3283,656.600000,4
3284,656.800000,118
3285,657.000000,382
3286,657.200000,759
3287,657.400000,1198
3288,657.600000,1642
3289,657.800000,2031
3290,658.000000,2311
3291,658.200000,2448
3292,658.400000,2420
3293,658.600000,2233
3294,658.800000,1911
3295,659.000000,1498
3296,659.200000,1018
3297,659.400000,597
3298,659.600000,260
3299,659.800000,53
3300,660.000000,4
3301,660.200000,118
3302,660.400000,382
3303,660.600000,759
3304,660.800000,1198
3305,661.000000,1642
3306,661.200000,2031
3307,661.400000,2311
3308,661.600000,2448
3309,661.800000,2420
3310,662.000000,2233
3311,662.200000,1885
3312,662.400000,1468
3313,662.600000,1018
3314,662.800000,597
3315,663.000000,260
3316,663.200000,53
3317,663.400000,4
3318,663.600000,118
3319,663.800000,382
3320,664.000000,759
3321,664.200000,1198
3322,664.400000,1642
3323,664.600000,2031
3324,664.800000,2325
3325,665.000000,2451
3326,665.200000,2412
3327,665.400000,2215
3328,665.600000,1885
3329,665.800000,1468
3330,666.000000,1018
3331,666.200000,597
3332,666.400000,260
3333,666.600000,53
3334,666.800000,4
3335,667.000000,132
3336,667.200000,403
3337,667.400000,786
3338,667.600000,1228
3339,667.800000,1671
3340,668.000000,2053
3341,668.200000,2325
3342,668.400000,2451
3343,668.600000,2412
3344,668.800000,2197
3345,669.000000,1860
3346,669.200000,1438
3347,669.400000,989
3348,669.600000,571
3349,669.800000,242
3350,670.000000,45
3351,670.200000,6
3352,670.400000,132
3353,670.600000,426
3354,670.800000,814
3355,671.000000,1258
3356,671.200000,1698
3357,671.400000,2075
3358,671.600000,2338
3359,671.800000,2453
3360,672.000000,2404
3361,672.200000,2178
3362,672.400000,1834
3363,672.600000,1408
3364,672.800000,959
3365,673.000000,546
3366,673.200000,224
3367,673.400000,37
3368,673.600000,9
3369,673.800000,160
3370,674.000000,449
3371,674.200000,843
3372,674.400000,1288
3373,674.600000,1726
3374,674.800000,2097
3375,675.000000,2351
3376,675.200000,2456
3377,675.400000,2385
3378,675.600000,2158
3379,675.800000,1807
3380,676.000000,1379
3381,676.200000,930
3382,676.400000,521
3383,676.600000,191
3384,676.800000,24
3385,677.000000,18
3386,677.200000,175
3387,677.400000,473
3388,677.600000,872
3389,677.800000,1319
3390,678.000000,1780
3391,678.200000,2139
3392,678.400000,2374
3393,678.600000,2457
3394,678.800000,2374
3395,679.000000,2139
3396,679.200000,1753
3397,679.400000,1319
3398,679.600000,872
3399,679.800000,473
3400,680.000000,175
3401,680.200000,18
3402,680.400000,30
3403,680.600000,207
3404,680.800000,521
3405,681.000000,930
3406,681.200000,1379
3407,681.400000,1807
3408,681.600000,2178
3409,681.800000,2395
3410,682.000000,2455
3411,682.200000,2351
3412,682.400000,2097
3413,682.600000,1726
3414,682.800000,1258
3415,683.000000,814
3416,683.200000,426
3417,683.400000,145
3418,683.600000,9
3419,683.800000,45
3420,684.000000,242
3421,684.200000,571
3422,684.400000,989
3423,684.600000,1438
3424,684.800000,1860
3425,685.000000,2215
3426,685.200000,2412
3427,685.400000,2451
3428,685.600000,2325
3429,685.800000,2053
3430,686.000000,1642
3431,686.200000,1198
3432,686.400000,759
3433,686.600000,382
3434,686.800000,118
3435,687.000000,1
3436,687.200000,62
3437,687.400000,279
3438,687.600000,623
3439,687.800000,1048
3440,688.000000,1527
3441,688.200000,1936
3442,688.400000,2250
3443,688.600000,2427
3444,688.800000,2443
3445,689.000000,2282
3446,689.200000,1984
3447,689.400000,1585
3448,689.600000,1138
3449,689.800000,676
3450,690.000000,318
3451,690.200000,82
3452,690.400000,0
3453,690.600000,82
3454,690.800000,339
3455,691.000000,703
3456,691.200000,1138
3457,691.400000,1585
3458,691.600000,1984
3459,691.800000,2297
3460,692.000000,2443
3461,692.200000,2427
3462,692.400000,2250
3463,692.600000,1911
3464,692.800000,1498
3465,693.000000,1048
3466,693.200000,623
3467,693.400000,260
3468,693.600000,53
3469,693.800000,4
3470,694.000000,118
3471,694.200000,403
3472,694.400000,786
3473,694.600000,1228
3474,694.800000,1671
3475,695.000000,2053
3476,695.200000,2338
3477,695.400000,2453
3478,695.600000,2404
3479,695.800000,2197
3480,696.000000,1834
3481,696.200000,1408
3482,696.400000,959
3483,696.600000,546
3484,696.800000,207
3485,697.000000,30
3486,697.200000,13
3487,697.400000,160
3488,697.600000,473
3489,697.800000,872
3490,698.000000,1319
3491,698.200000,1753
3492,698.400000,2139
3493,698.600000,2374
3494,698.800000,2457
3495,699.000000,2363
3496,699.200000,2118
3497,699.400000,1753
3498,699.600000,1319
3499,699.800000,843
3500,700.000000,449
3501,700.200000,160
3502,700.400000,13
3503,700.600000,37
3504,700.800000,224
3505,701.000000,546
3506,701.200000,959
3507,701.400000,1438
3508,701.600000,1860
3509,701.800000,2197
3510,702.000000,2412
3511,702.200000,2451
3512,702.400000,2325
3513,702.600000,2053
3514,702.800000,1642
3515,703.000000,1198
3516,703.200000,759
3517,703.400000,360
3518,703.600000,106
3519,703.800000,1
3520,704.000000,62
3521,704.200000,298
3522,704.400000,649
3523,704.600000,1078
3524,704.800000,1556
3525,705.000000,1960
3526,705.200000,2266
3527,705.400000,2433
3528,705.600000,2433
3529,705.800000,2266
3530,706.000000,1960
3531,706.200000,1527
3532,706.400000,1078
3533,706.600000,649
3534,706.800000,279
3535,707.000000,62
3536,707.200000,1
3537,707.400000,106
3538,707.600000,382
3539,707.800000,759
3540,708.000000,1198
3541,708.200000,1671
3542,708.400000,2053
3543,708.600000,2325
3544,708.800000,2453
3545,709.000000,2404
3546,709.200000,2197
3547,709.400000,1834
3548,709.600000,1408
3549,709.800000,959
3550,710.000000,521
3551,710.200000,207
3552,710.400000,30
3553,710.600000,13
3554,710.800000,175
3555,711.000000,473
3556,711.200000,872
3557,711.400000,1349
3558,711.600000,1780
3559,711.800000,2139
3560,712.000000,2385
3561,712.200000,2456
3562,712.400000,2363
3563,712.600000,2097
3564,712.800000,1726
3565,713.000000,1288
3566,713.200000,814
3567,713.400000,426
3568,713.600000,145
3569,713.800000,6
3570,714.000000,45
3571,714.200000,242
3572,714.400000,597
3573,714.600000,1018
3574,714.800000,1468
3575,715.000000,1911
3576,715.200000,2233
3577,715.400000,2420
3578,715.600000,2443
3579,715.800000,2297
3580,716.000000,1984
3581,716.200000,1585
3582,716.400000,1138
3583,716.600000,676
3584,716.800000,318
3585,717.000000,82
3586,717.200000,1
3587,717.400000,94
3588,717.600000,339
3589,717.800000,730
3590,718.000000,1168
3591,718.200000,1614
3592,718.400000,2031
3593,718.600000,2311
3594,718.800000,2451
3595,719.000000,2412
3596,719.200000,2215
3597,719.400000,1860
3598,719.600000,1438
3599,719.800000,989
3600,720.000000,546
3601,720.200000,224
3602,720.400000,37
3603,720.600000,13
3604,720.800000,160
3605,721.000000,473
3606,721.200000,872
3607,721.400000,1319
3608,721.600000,1780
3609,721.800000,2139
3610,722.000000,2374
3611,722.200000,2456
3612,722.400000,2363
3613,722.600000,2097
3614,722.800000,1726
3615,723.000000,1288
3616,723.200000,814
3617,723.400000,426
3618,723.600000,132
3619,723.800000,6
3620,724.000000,45
3621,724.200000,260
3622,724.400000,597
3623,724.600000,1048
3624,724.800000,1498
3625,725.000000,1911
3626,725.200000,2250
3627,725.400000,2427
3628,725.600000,2439
3629,725.800000,2282
3630,726.000000,1984
3631,726.200000,1556
3632,726.400000,1108
3633,726.600000,649
3634,726.800000,298
3635,727.000000,72
3636,727.200000,1
3637,727.400000,106
3638,727.600000,382
3639,727.800000,759
3640,728.000000,1198
3641,728.200000,1671
3642,728.400000,2053
3643,728.600000,2338
3644,728.800000,2453
3645,729.000000,2404
3646,729.200000,2178
3647,729.400000,1834
3648,729.600000,1379
3649,729.800000,930
3650,730.000000,497
3651,730.200000,191
3652,730.400000,24
3653,730.600000,24
3654,730.800000,191
3655,731.000000,521
3656,731.200000,930
3657,731.400000,1408
3658,731.600000,1834
3659,731.800000,2178
3660,732.000000,2404
3661,732.200000,2453
3662,732.400000,2325
3663,732.600000,2053
3664,732.800000,1642
3665,733.000000,1198
3666,733.200000,759
3667,733.400000,360
3668,733.600000,106
3669,733.800000,1
3670,734.000000,72
3671,734.200000,318
3672,734.400000,676
3673,734.600000,1108
3674,734.800000,1585
3675,735.000000,1984
3676,735.200000,2297
3677,735.400000,2443
3678,735.600000,2420
3679,735.800000,2233
3680,736.000000,1885
3681,736.200000,1468
3682,736.400000,989
3683,736.600000,571
3684,736.800000,242
3685,737.000000,37
3686,737.200000,9
3687,737.400000,160
3688,737.600000,449
3689,737.800000,872
3690,738.000000,1319
3691,738.200000,1780
3692,738.400000,2139
3693,738.600000,2385
3694,738.800000,2456
3695,739.000000,2351
3696,739.200000,2097
3697,739.400000,1726
3698,739.600000,1258
3699,739.800000,814
3700,740.000000,403
3701,740.200000,132
3702,740.400000,4
3703,740.600000,53
3704,740.800000,279
3705,741.000000,623
3706,741.200000,1078
3707,741.400000,1527
3708,741.600000,1960
3709,741.800000,2266
3710,742.000000,2439
3711,742.200000,2433
3712,742.400000,2250
3713,742.600000,1936
3714,742.800000,1498
3715,743.000000,1048
3716,743.200000,597
3717,743.400000,260
3718,743.600000,45
3719,743.800000,6
3720,744.000000,145
3721,744.200000,426
3722,744.400000,843
3723,744.600000,1288
3724,744.800000,1753
3725,745.000000,2118
3726,745.200000,2374
3727,745.400000,2457
3728,745.600000,2363
3729,745.800000,2118
3730,746.000000,1726
3731,746.200000,1288
3732,746.400000,814
3733,746.600000,426
3734,746.800000,132
3735,747.000000,6
3736,747.200000,53
3737,747.400000,260
3738,747.600000,623
3739,747.800000,1048
3740,748.000000,1527
3741,748.200000,1936
3742,748.400000,2266
3743,748.600000,2433
3744,748.800000,2433
3745,749.000000,2266
3746,749.200000,1936
3747,749.400000,1527
3748,749.600000,1048
3749,749.800000,623
3750,750.000000,260
3751,750.200000,53
3752,750.400000,6
3753,750.600000,132
3754,750.800000,426
3755,751.000000,814
3756,751.200000,1288
3757,751.400000,1726
3758,751.600000,2118
3759,751.800000,2374
3760,752.000000,2457
3761,752.200000,2363
3762,752.400000,2118
3763,752.600000,1726
3764,752.800000,1288
3765,753.000000,814
3766,753.200000,426
3767,753.400000,132
3768,753.600000,6
3769,753.800000,53
3770,754.000000,260
3771,754.200000,623
3772,754.400000,1078
3773,754.600000,1527
3774,754.800000,1960
3775,755.000000,2266
3776,755.200000,2439
3777,755.400000,2433
3778,755.600000,2250
3779,755.800000,1936
3780,756.000000,1498
3781,756.200000,1018
3782,756.400000,597
3783,756.600000,242
3784,756.800000,45
3785,757.000000,9
3786,757.200000,145
3787,757.400000,449
3788,757.600000,843
3789,757.800000,1319
3790,758.000000,1780
3791,758.200000,2139
3792,758.400000,2385
3793,758.600000,2456
3794,758.800000,2351
3795,759.000000,2097
3796,759.200000,1698
3797,759.400000,1228
3798,759.600000,786
3799,759.800000,382
3800,760.000000,118
3801,760.200000,1
3802,760.400000,62
3803,760.600000,298
3804,760.800000,676
3805,761.000000,1108
3806,761.200000,1585
3807,761.400000,1984
3808,761.600000,2297
3809,761.800000,2443
3810,762.000000,2420
3811,762.200000,2215
3812,762.400000,1885
3813,762.600000,1438
3814,762.800000,989
3815,763.000000,546
3816,763.200000,207
3817,763.400000,30
3818,763.600000,18
3819,763.800000,175
3820,764.000000,497
3821,764.200000,930
3822,764.400000,1379
3823,764.600000,1834
3824,764.800000,2178
3825,765.000000,2404
3826,765.200000,2451
3827,765.400000,2325
3828,765.600000,2031
3829,765.800000,1642
3830,766.000000,1168
3831,766.200000,703
3832,766.400000,339
3833,766.600000,82
3834,766.800000,0
3835,767.000000,94
3836,767.200000,360
3837,767.400000,730
3838,767.600000,1198
3839,767.800000,1642
3840,768.000000,2053
3841,768.200000,2338
3842,768.400000,2453
3843,768.600000,2395
3844,768.800000,2158
3845,769.000000,1807
3846,769.200000,1349
3847,769.400000,901
3848,769.600000,473
3849,769.800000,160
3850,770.000000,13
3851,770.200000,37
3852,770.400000,242
3853,770.600000,571
3854,770.800000,1018
3855,771.000000,1468
3856,771.200000,1911
3857,771.400000,2250
3858,771.600000,2427
3859,771.800000,2439
3860,772.000000,2266
3861,772.200000,1960
3862,772.400000,1527
3863,772.600000,1048
3864,772.800000,623
3865,773.000000,260
3866,773.200000,53
3867,773.400000,6
3868,773.600000,145
3869,773.800000,426
3870,774.000000,843
3871,774.200000,1319
3872,774.400000,1753
3873,774.600000,2139
3874,774.800000,2385
3875,775.000000,2456
3876,775.200000,2351
3877,775.400000,2075
3878,775.600000,1698
3879,775.800000,1228
3880,776.000000,759
3881,776.200000,382
3882,776.400000,106
3883,776.600000,1
3884,776.800000,72
3885,777.000000,318
3886,777.200000,703
3887,777.400000,1138
3888,777.600000,1614
3889,777.800000,2031
3890,778.000000,2311
3891,778.200000,2451
3892,778.400000,2404
3893,778.600000,2197
3894,778.800000,1834
3895,779.000000,1379
3896,779.200000,930
3897,779.400000,497
3898,779.600000,175
3899,779.800000,18
3900,780.000000,30
3901,780.200000,224
3902,780.400000,546
3903,780.600000,989
3904,780.800000,1468
3905,781.000000,1885
3906,781.200000,2233
3907,781.400000,2427
3908,781.600000,2443
3909,781.800000,2282
3910,782.000000,1960
3911,782.200000,1556
3912,782.400000,1078
3913,782.600000,623
3914,782.800000,279
3915,783.000000,53
3916,783.200000,6
3917,783.400000,145
3918,783.600000,426
3919,783.800000,843
3920,784.000000,1319
3921,784.200000,1753
3922,784.400000,2139
3923,784.600000,2385
3924,784.800000,2456
3925,785.000000,2351
3926,785.200000,2075
3927,785.400000,1671
3928,785.600000,1228
3929,785.800000,759
3930,786.000000,360
3931,786.200000,106
3932,786.400000,1
3933,786.600000,82
3934,786.800000,339
3935,787.000000,703
3936,787.200000,1168
3937,787.400000,1642
3938,787.600000,2031
3939,787.800000,2325
3940,788.000000,2453
3941,788.200000,2395
3942,788.400000,2178
3943,788.600000,1807
3944,788.800000,1349
3945,789.000000,901
3946,789.200000,473
3947,789.400000,160
3948,789.600000,9
3949,789.800000,37
3950,790.000000,242
3951,790.200000,597
3952,790.400000,1048
3953,790.600000,1498
3954,790.800000,1936
3955,791.000000,2266
3956,791.200000,2433
3957,791.400000,2433
3958,791.600000,2250
3959,791.800000,1911
3960,792.000000,1498
3961,792.200000,1018
3962,792.400000,571
3963,792.600000,224
3964,792.800000,37
3965,793.000000,13
3966,793.200000,175
3967,793.400000,497
3968,793.600000,901
3969,793.800000,1379
3970,794.000000,1834
3971,794.200000,2197
3972,794.400000,2404
3973,794.600000,2451
3974,794.800000,2311
3975,795.000000,2008
3976,795.200000,1614
3977,795.400000,1138
3978,795.600000,676
3979,795.800000,298
3980,796.000000,72
3981,796.200000,1
3982,796.400000,118
3983,796.600000,403
3984,796.800000,786
3985,797.000000,1258
3986,797.200000,1726
3987,797.400000,2118
3988,797.600000,2363
3989,797.800000,2457
3990,798.000000,2363
3991,798.200000,2097
3992,798.400000,1698
3993,798.600000,1258
3994,798.800000,786
3995,799.000000,382
3996,799.200000,106
3997,799.400000,1
3998,799.600000,72
3999,799.800000,318
4000,800.000000,703
4001,800.200000,1168
4002,800.400000,1614
4003,800.600000,2031
4004,800.800000,2325
4005,801.000000,2453
4006,801.200000,2404
4007,801.400000,2178
4008,801.600000,1807
4009,801.800000,1349
4010,802.000000,872
4011,802.200000,473
4012,802.400000,160
4013,802.600000,9
4014,802.800000,45
4015,803.000000,260
4016,803.200000,597
4017,803.400000,1048
4018,803.600000,1527
4019,803.800000,1960
4020,804.000000,2282
4021,804.200000,2439
4022,804.400000,2427
4023,804.600000,2233
4024,804.800000,1885
4025,805.000000,1438
4026,805.200000,989
4027,805.400000,546
4028,805.600000,207
4029,805.800000,24
4030,806.000000,24
4031,806.200000,191
4032,806.400000,521
4033,806.600000,959
4034,806.800000,1438
4035,807.000000,1885
4036,807.200000,2215
4037,807.400000,2420
4038,807.600000,2443
4039,807.800000,2282
4040,808.000000,1960
4041,808.200000,1527
4042,808.400000,1078
4043,808.600000,623
4044,808.800000,260
4045,809.000000,45
4046,809.200000,9
4047,809.400000,160
4048,809.600000,449
4049,809.800000,872
4050,810.000000,1349
4051,810.200000,1807
4052,810.400000,2178
4053,810.600000,2404
4054,810.800000,2453
4055,811.000000,2325
4056,811.200000,2031
4057,811.400000,1614
4058,811.600000,1138
4059,811.800000,676
4060,812.000000,318
4061,812.200000,72
4062,812.400000,1
4063,812.600000,118
4064,812.800000,403
4065,813.000000,814
4066,813.200000,1258
4067,813.400000,1726
4068,813.600000,2118
4069,813.800000,2374
4070,814.000000,2456
4071,814.200000,2351
4072,814.400000,2075
4073,814.600000,1698
4074,814.800000,1228
4075,815.000000,759
4076,815.200000,360
4077,815.400000,94
4078,815.600000,0
4079,815.800000,94
4080,816.000000,339
4081,816.200000,730
4082,816.400000,1198
4083,816.600000,1671
4084,816.800000,2075
4085,817.000000,2351
4086,817.200000,2456
4087,817.400000,2385
4088,817.600000,2139
4089,817.800000,1753
4090,818.000000,1288
4091,818.200000,814
4092,818.400000,403
4093,818.600000,118
4094,818.800000,1
4095,819.000000,62
4096,819.200000,298
4097,819.400000,676
4098,819.600000,1138
4099,819.800000,1614
4100,820.000000,2031
4101,820.200000,2325
4102,820.400000,2453
4103,820.600000,2395
4104,820.800000,2178
4105,821.000000,1807
4106,821.200000,1349
4107,821.400000,872
4108,821.600000,449
4109,821.800000,145
4110,822.000000,6
4111,822.200000,53
4112,822.400000,279
4113,822.600000,623
4114,822.800000,1078
4115,823.000000,1556
4116,823.200000,1984
4117,823.400000,2297
4118,823.600000,2448
4119,823.800000,2412
4120,824.000000,2197
4121,824.200000,1834
4122,824.400000,1379
4123,824.600000,930
4124,824.800000,497
4125,825.000000,175
4126,825.200000,13
4127,825.400000,37
4128,825.600000,242
4129,825.800000,597
4130,826.000000,1048
4131,826.200000,1527
4132,826.400000,1960
4133,826.600000,2282
4134,826.800000,2439
4135,827.000000,2427
4136,827.200000,2233
4137,827.400000,1885
4138,827.600000,1438
4139,827.800000,959
4140,828.000000,521
4141,828.200000,191
4142,828.400000,18
4143,828.600000,30
4144,828.800000,224
4145,829.000000,571
4146,829.200000,1018
4147,829.400000,1468
4148,829.600000,1911
4149,829.800000,2250
4150,830.000000,2433
4151,830.200000,2433
4152,830.400000,2250
4153,830.600000,1911
4154,830.800000,1468
4155,831.000000,989
4156,831.200000,546
4157,831.400000,207
4158,831.600000,24
4159,831.800000,24
4160,832.000000,207
4161,832.200000,546
4162,832.400000,989
4163,832.600000,1438
4164,832.800000,1885
4165,833.000000,2233
4166,833.200000,2427
4167,833.400000,2439
4168,833.600000,2266
4169,833.800000,1936
4170,834.000000,1498
4171,834.200000,1018
4172,834.400000,571
4173,834.600000,224
4174,834.800000,30
4175,835.000000,18
4176,835.200000,191
4177,835.400000,521
4178,835.600000,959
4179,835.800000,1438
4180,836.000000,1885
4181,836.200000,2233
4182,836.400000,2427
4183,836.600000,2439
4184,836.800000,2266
4185,837.000000,1936
4186,837.200000,1498
4187,837.400000,1048
4188,837.600000,597
4189,837.800000,242
4190,838.000000,37
4191,838.200000,13
4192,838.400000,175
4193,838.600000,497
4194,838.800000,930
4195,839.000000,1408
4196,839.200000,1860
4197,839.400000,2215
4198,839.600000,2420
4199,839.800000,2443
4200,840.000000,2282
4201,840.200000,1960
4202,840.400000,1527
4203,840.600000,1048
4204,840.800000,597
4205,841.000000,242
4206,841.200000,37
4207,841.400000,13
4208,841.600000,175
4209,841.800000,497
4210,842.000000,930
4211,842.200000,1408
4212,842.400000,1860
4213,842.600000,2215
4214,842.800000,2420
4215,843.000000,2443
4216,843.200000,2282
4217,843.400000,1960
4218,843.600000,1527
4219,843.800000,1048
4220,844.000000,597
4221,844.200000,242
4222,844.400000,37
4223,844.600000,13
4224,844.800000,175
4225,845.000000,497
4226,845.200000,930
4227,845.400000,1408
4228,845.600000,1860
4229,845.800000,2215
4230,846.000000,2420
4231,846.200000,2443
4232,846.400000,2282
4233,846.600000,1960
4234,846.800000,1527
4235,847.000000,1048
4236,847.200000,597
4237,847.400000,242
4238,847.600000,37
4239,847.800000,13
4240,848.000000,175
4241,848.200000,497
4242,848.400000,930
4243,848.600000,1438
4244,848.800000,1885
4245,849.000000,2233
4246,849.200000,2427
4247,849.400000,2439
4248,849.600000,2266
4249,849.800000,1936
4250,850.000000,1498
4251,850.200000,1018
4252,850.400000,571
4253,850.600000,224
4254,850.800000,30
4255,851.000000,18
4256,851.200000,191
4257,851.400000,521
4258,851.600000,959
4259,851.800000,1438
4260,852.000000,1885
4261,852.200000,2233
4262,852.400000,2427
4263,852.600000,2439
4264,852.800000,2266
4265,853.000000,1936
4266,853.200000,1498
4267,853.400000,1018
4268,853.600000,546
4269,853.800000,207
4270,854.000000,24
4271,854.200000,24
4272,854.400000,207
4273,854.600000,546
4274,854.800000,989
4275,855.000000,1468
4276,855.200000,1911
4277,855.400000,2250
4278,855.600000,2433
4279,855.800000,2433
4280,856.000000,2250
4281,856.200000,1911
4282,856.400000,1468
4283,856.600000,989
4284,856.800000,521
4285,857.000000,191
4286,857.200000,18
4287,857.400000,30
4288,857.600000,224
4289,857.800000,571
4290,858.000000,1018
4291,858.200000,1498
4292,858.400000,1936
4293,858.600000,2266
4294,858.800000,2439
4295,859.000000,2427
4296,859.200000,2233
4297,859.400000,1860
4298,859.600000,1408
4299,859.800000,930
4300,860.000000,497
4301,860.200000,175
4302,860.400000,13
4303,860.600000,37
4304,860.800000,242
4305,861.000000,597
4306,861.200000,1048
4307,861.400000,1527
4308,861.600000,1984
4309,861.800000,2297
4310,862.000000,2448
4311,862.200000,2412
4312,862.400000,2197
4313,862.600000,1834
4314,862.800000,1379
4315,863.000000,901
4316,863.200000,473
4317,863.400000,160
4318,863.600000,6
4319,863.800000,53
4320,864.000000,279
4321,864.200000,649
4322,864.400000,1108
4323,864.600000,1585
4324,864.800000,2008
4325,865.000000,2311
4326,865.200000,2451
4327,865.400000,2395
4328,865.600000,2158
4329,865.800000,1780
4330,866.000000,1319
4331,866.200000,843
4332,866.400000,426
4333,866.600000,132
4334,866.800000,4
4335,867.000000,62
4336,867.200000,318
4337,867.400000,703
4338,867.600000,1168
4339,867.800000,1642
4340,868.000000,2053
4341,868.200000,2338
4342,868.400000,2455
4343,868.600000,2385
4344,868.800000,2118
4345,869.000000,1726
4346,869.200000,1258
4347,869.400000,786
4348,869.600000,382
4349,869.800000,106
4350,870.000000,1
4351,870.200000,94
4352,870.400000,360
4353,870.600000,759
4354,870.800000,1228
4355,871.000000,1698
4356,871.200000,2097
4357,871.400000,2363
4358,871.600000,2456
4359,871.800000,2351
4360,872.000000,2075
4361,872.200000,1671
4362,872.400000,1198
4363,872.600000,730
4364,872.800000,339
4365,873.000000,72
4366,873.200000,1
4367,873.400000,118
4368,873.600000,403
4369,873.800000,814
4370,874.000000,1288
4371,874.200000,1780
4372,874.400000,2158
4373,874.600000,2395
4374,874.800000,2453
4375,875.000000,2325
4376,875.200000,2031
4377,875.400000,1585
4378,875.600000,1108
4379,875.800000,649
4380,876.000000,279
4381,876.200000,53
4382,876.400000,6
4383,876.600000,160
4384,876.800000,473
4385,877.000000,901
4386,877.200000,1379
4387,877.400000,1834
4388,877.600000,2197
4389,877.800000,2420
4390,878.000000,2443
4391,878.200000,2282
4392,878.400000,1960
4393,878.600000,1527
4394,878.800000,1018
4395,879.000000,571
4396,879.200000,224
4397,879.400000,30
4398,879.600000,18
4399,879.800000,191
4400,880.000000,546
4401,880.200000,989
4402,880.400000,1468
4403,880.600000,1911
4404,880.800000,2250
4405,881.000000,2439
4406,881.200000,2427
4407,881.400000,2233
4408,881.600000,1885
4409,881.800000,1438
4410,882.000000,930
4411,882.200000,497
4412,882.400000,175
4413,882.600000,13
4414,882.800000,37
4415,883.000000,260
4416,883.200000,623
4417,883.400000,1078
4418,883.600000,1556
4419,883.800000,1984
4420,884.000000,2311
4421,884.200000,2451
4422,884.400000,2404
4423,884.600000,2178
4424,884.800000,1807
4425,885.000000,1319
4426,885.200000,843
4427,885.400000,426
4428,885.600000,132
4429,885.800000,1
4430,886.000000,72
4431,886.200000,318
4432,886.400000,703
4433,886.600000,1168
4434,886.800000,1671
4435,887.000000,2075
4436,887.200000,2351
4437,887.400000,2456
4438,887.600000,2363
4439,887.800000,2097
4440,888.000000,1698
4441,888.200000,1228
4442,888.400000,759
4443,888.600000,339
4444,888.800000,82
4445,889.000000,1
4446,889.200000,106
4447,889.400000,403
4448,889.600000,814
4449,889.800000,1288
4450,890.000000,1753
4451,890.200000,2158
4452,890.400000,2395
4453,890.600000,2453
4454,890.800000,2325
4455,891.000000,2008
4456,891.200000,1585
4457,891.400000,1108
4458,891.600000,649
4459,891.800000,260
4460,892.000000,45
4461,892.200000,9
4462,892.400000,160
4463,892.600000,497
4464,892.800000,930
4465,893.000000,1408
4466,893.200000,1860
4467,893.400000,2233
4468,893.600000,2427
4469,893.800000,2439
4470,894.000000,2266
4471,894.200000,1911
4472,894.400000,1468
4473,894.600000,989
4474,894.800000,546
4475,895.000000,191
4476,895.200000,18
4477,895.400000,30
4478,895.600000,242
4479,895.800000,597
4480,896.000000,1048
4481,896.200000,1527
4482,896.400000,1984
4483,896.600000,2297
4484,896.800000,2448
4485,897.000000,2412
4486,897.200000,2178
4487,897.400000,1807
4488,897.600000,1349
4489,897.800000,843
4490,898.000000,426
4491,898.200000,132
4492,898.400000,4
4493,898.600000,72
4494,898.800000,318
4495,899.000000,703
4496,899.200000,1198
4497,899.400000,1671
4498,899.600000,2075
4499,899.800000,2351
4500,900.000000,2457
4501,900.200000,2363
4502,900.400000,2097
4503,900.600000,1671
4504,900.800000,1198
4505,901.000000,730
4506,901.200000,339
4507,901.400000,72
4508,901.600000,1
4509,901.800000,118
4510,902.000000,426
4511,902.200000,843
4512,902.400000,1319
4513,902.600000,1807
4514,902.800000,2178
4515,903.000000,2404
4516,903.200000,2448
4517,903.400000,2297
4518,903.600000,1984
4519,903.800000,1556
4520,904.000000,1048
4521,904.200000,597
4522,904.400000,242
4523,904.600000,30
4524,904.800000,18
4525,905.000000,191
4526,905.200000,546
4527,905.400000,989
4528,905.600000,1468
4529,905.800000,1936
4530,906.000000,2266
4531,906.200000,2439
4532,906.400000,2420
4533,906.600000,2215
4534,906.800000,1860
4535,907.000000,1379
4536,907.200000,901
4537,907.400000,473
4538,907.600000,145
4539,907.800000,6
4540,908.000000,53
4541,908.200000,298
4542,908.400000,676
4543,908.600000,1138
4544,908.800000,1642
4545,909.000000,2053
4546,909.200000,2338
4547,909.400000,2456
4548,909.600000,2374
4549,909.800000,2118
4550,910.000000,1698
4551,910.200000,1228
4552,910.400000,759
4553,910.600000,339
4554,910.800000,82
4555,911.000000,1
4556,911.200000,118
4557,911.400000,403
4558,911.600000,814
4559,911.800000,1319
4560,912.000000,1780
4561,912.200000,2158
4562,912.400000,2404
4563,912.600000,2451
4564,912.800000,2311
4565,913.000000,1984
4566,913.200000,1556
4567,913.400000,1048
4568,913.600000,597
4569,913.800000,242
4570,914.000000,30
4571,914.200000,18
4572,914.400000,191
4573,914.600000,546
4574,914.800000,989
4575,915.000000,1468
4576,915.200000,1936
4577,915.400000,2266
4578,915.600000,2443
4579,915.800000,2420
4580,916.000000,2215
4581,916.200000,1834
4582,916.400000,1379
4583,916.600000,901
4584,916.800000,449
4585,917.000000,145
4586,917.200000,4
4587,917.400000,62
4588,917.600000,298
4589,917.800000,703
4590,918.000000,1168
4591,918.200000,1671
4592,918.400000,2075
4593,918.600000,2351
4594,918.800000,2457
4595,919.000000,2363
4596,919.200000,2097
4597,919.400000,1671
4598,919.600000,1198
4599,919.800000,703
4600,920.000000,318
4601,920.200000,72
4602,920.400000,4
4603,920.600000,132
4604,920.800000,449
4605,921.000000,872
4606,921.200000,1349
4607,921.400000,1834
4608,921.600000,2197
4609,921.800000,2420
4610,922.000000,2443
4611,922.200000,2282
4612,922.400000,1936
4613,922.600000,1498
4614,922.800000,989
4615,923.000000,546
4616,923.200000,207
4617,923.400000,18
4618,923.600000,30
4619,923.800000,242
4620,924.000000,597
4621,924.200000,1078
4622,924.400000,1556
4623,924.600000,1984
4624,924.800000,2311
4625,925.000000,2451
4626,925.200000,2395
4627,925.400000,2158
4628,925.600000,1780
4629,925.800000,1288
4630,926.000000,814
4631,926.200000,382
4632,926.400000,106
4633,926.600000,0
4634,926.800000,94
4635,927.000000,360
4636,927.200000,786
4637,927.400000,1258
4638,927.600000,1753
4639,927.800000,2139
4640,928.000000,2395
4641,928.200000,2453
4642,928.400000,2325
4643,928.600000,2008
4644,928.800000,1585
4645,929.000000,1078
4646,929.200000,623
4647,929.400000,242
4648,929.600000,37
4649,929.800000,18
4650,930.000000,191
4651,930.200000,521
4652,930.400000,989
4653,930.600000,1468
4654,930.800000,1936
4655,931.000000,2266
4656,931.200000,2443
4657,931.400000,2420
4658,931.600000,2197
4659,931.800000,1834
4660,932.000000,1349
4661,932.200000,872
4662,932.400000,449
4663,932.600000,132
4664,932.800000,4
4665,933.000000,72
4666,933.200000,318
4667,933.400000,730
4668,933.600000,1198
4669,933.800000,1698
4670,934.000000,2097
4671,934.200000,2374
4672,934.400000,2456
4673,934.600000,2338
4674,934.800000,2053
4675,935.000000,1642
4676,935.200000,1138
4677,935.400000,676
4678,935.600000,279
4679,935.800000,53
4680,936.000000,9
4681,936.200000,160
4682,936.400000,497
4683,936.600000,930
4684,936.800000,1438
4685,937.000000,1885
4686,937.200000,2250
4687,937.400000,2433
4688,937.600000,2427
4689,937.800000,2233
4690,938.000000,1860
4691,938.200000,1408
4692,938.400000,901
4693,938.600000,473
4694,938.800000,145
4695,939.000000,6
4696,939.200000,62
4697,939.400000,298
4698,939.600000,703
4699,939.800000,1168
4700,940.000000,1671
4701,940.200000,2075
4702,940.400000,2363
4703,940.600000,2457
4704,940.800000,2351
4705,941.000000,2075
4706,941.200000,1642
4707,941.400000,1168
4708,941.600000,676
4709,941.800000,298
4710,942.000000,53
4711,942.200000,6
4712,942.400000,160
4713,942.600000,473
4714,942.800000,930
4715,943.000000,1408
4716,943.200000,1885
4717,943.400000,2233
4718,943.600000,2433
4719,943.800000,2433
4720,944.000000,2233
4721,944.200000,1885
4722,944.400000,1408
4723,944.600000,930
4724,944.800000,473
4725,945.000000,160
4726,945.200000,6
4727,945.400000,53
4728,945.600000,298
4729,945.800000,676
4730,946.000000,1168
4731,946.200000,1642
4732,946.400000,2075
4733,946.600000,2363
4734,946.800000,2457
4735,947.000000,2351
4736,947.200000,2075
4737,947.400000,1642
4738,947.600000,1168
4739,947.800000,676
4740,948.000000,298
4741,948.200000,53
4742,948.400000,6
4743,948.600000,160
4744,948.800000,473
4745,949.000000,930
4746,949.200000,1408
4747,949.400000,1885
4748,949.600000,2250
4749,949.800000,2433
4750,950.000000,2427
4751,950.200000,2233
4752,950.400000,1860
4753,950.600000,1408
4754,950.800000,901
4755,951.000000,473
4756,951.200000,145
4757,951.400000,4
4758,951.600000,62
4759,951.800000,318
4760,952.000000,703
4761,952.200000,1198
4762,952.400000,1671
4763,952.600000,2097
4764,952.800000,2363
4765,953.000000,2456
4766,953.200000,2338
4767,953.400000,2053
4768,953.600000,1614
4769,953.800000,1138
4770,954.000000,649
4771,954.200000,279
4772,954.400000,45
4773,954.600000,13
4774,954.800000,175
4775,955.000000,521
4776,955.200000,959
4777,955.400000,1468
4778,955.600000,1911
4779,955.800000,2266
4780,956.000000,2443
4781,956.200000,2420
4782,956.400000,2197
4783,956.600000,1834
4784,956.800000,1349
4785,957.000000,872
4786,957.200000,426
4787,957.400000,118
4788,957.600000,1
4789,957.800000,82
4790,958.000000,339
4791,958.200000,759
4792,958.400000,1258
4793,958.600000,1726
4794,958.800000,2139
4795,959.000000,2385
4796,959.200000,2453
4797,959.400000,2311
4798,959.600000,2008
4799,959.800000,1556
4800,960.000000,1078
4801,960.200000,597
4802,960.400000,224
4803,960.600000,30
4804,960.800000,24
4805,961.000000,207
4806,961.200000,571
4807,961.400000,1048
4808,961.600000,1527
4809,961.800000,1984
4810,962.000000,2297
4811,962.200000,2451
4812,962.400000,2395
4813,962.600000,2158
4814,962.800000,1753
4815,963.000000,1288
4816,963.200000,786
4817,963.400000,360
4818,963.600000,94
4819,963.800000,1
4820,964.000000,118
4821,964.200000,403
4822,964.400000,843
4823,964.600000,1319
4824,964.800000,1807
4825,965.000000,2197
4826,965.200000,2412
4827,965.400000,2443
4828,965.600000,2266
4829,965.800000,1936
4830,966.000000,1468
4831,966.200000,989
4832,966.400000,521
4833,966.600000,175
4834,966.800000,13
4835,967.000000,45
4836,967.200000,279
4837,967.400000,649
4838,967.600000,1138
4839,967.800000,1642
4840,968.000000,2053
4841,968.200000,2351
4842,968.400000,2456
4843,968.600000,2363
4844,968.800000,2075
4845,969.000000,1671
4846,969.200000,1168
4847,969.400000,676
4848,969.600000,298
4849,969.800000,53
4850,970.000000,9
4851,970.200000,160
4852,970.400000,497
4853,970.600000,959
4854,970.800000,1438
4855,971.000000,1911
4856,971.200000,2266
4857,971.400000,2439
4858,971.600000,2420
4859,971.800000,2215
4860,972.000000,1834
4861,972.200000,1349
4862,972.400000,872
4863,972.600000,426
4864,972.800000,118
4865,973.000000,1
4866,973.200000,82
4867,973.400000,360
4868,973.600000,759
4869,973.800000,1258
4870,974.000000,1753
4871,974.200000,2139
4872,974.400000,2395
4873,974.600000,2451
4874,974.800000,2311
4875,975.000000,1984
4876,975.200000,1527
4877,975.400000,1018
4878,975.600000,571
4879,975.800000,207
4880,976.000000,18
4881,976.200000,30
4882,976.400000,242
4883,976.600000,623
4884,976.800000,1078
4885,977.000000,1585
4886,977.200000,2031
4887,977.400000,2325
4888,977.600000,2455
4889,977.800000,2374
4890,978.000000,2118
4891,978.200000,1698
4892,978.400000,1198
4893,978.600000,703
4894,978.800000,318
4895,979.000000,62
4896,979.200000,6
4897,979.400000,145
4898,979.600000,473
4899,979.800000,930
4900,980.000000,1408
4901,980.200000,1885
4902,980.400000,2250
4903,980.600000,2439
4904,980.800000,2427
4905,981.000000,2215
4906,981.200000,1834
4907,981.400000,1379
4908,981.600000,872
4909,981.800000,426
4910,982.000000,132
4911,982.200000,1
4912,982.400000,82
4913,982.600000,360
4914,982.800000,759
4915,983.000000,1258
4916,983.200000,1753
4917,983.400000,2139
4918,983.600000,2395
4919,983.800000,2451
4920,984.000000,2297
4921,984.200000,1984
4922,984.400000,1527
4923,984.600000,1018
4924,984.800000,546
4925,985.000000,207
4926,985.200000,18
4927,985.400000,37
4928,985.600000,242
4929,985.800000,623
4930,986.000000,1108
4931,986.200000,1614
4932,986.400000,2031
4933,986.600000,2338
4934,986.800000,2456
4935,987.000000,2363
4936,987.200000,2097
4937,987.400000,1671
4938,987.600000,1168
4939,987.800000,676
4940,988.000000,298
4941,988.200000,53
4942,988.400000,9
4943,988.600000,175
4944,988.800000,497
4945,989.000000,959
4946,989.200000,1468
4947,989.400000,1911
4948,989.600000,2266
4949,989.800000,2443
4950,990.000000,2412
4951,990.200000,2178
4952,990.400000,1807
4953,990.600000,1319
4954,990.800000,814
4955,991.000000,382
4956,991.200000,106
4957,991.400000,0
4958,991.600000,106
4959,991.800000,403
4960,992.000000,814
4961,992.200000,1319
4962,992.400000,1807
4963,992.600000,2197
4964,992.800000,2412
4965,993.000000,2443
4966,993.200000,2266
4967,993.400000,1911
4968,993.600000,1468
4969,993.800000,959
4970,994.000000,497
4971,994.200000,160
4972,994.400000,6
4973,994.600000,53
4974,994.800000,298
4975,995.000000,703
4976,995.200000,1198
4977,995.400000,1671
4978,995.600000,2097
4979,995.800000,2374
4980,996.000000,2455
4981,996.200000,2325
4982,996.400000,2031
4983,996.600000,1585
4984,996.800000,1078
4985,997.000000,597
4986,997.200000,224
4987,997.400000,30
4988,997.600000,24
4989,997.800000,224
4990,998.000000,597
4991,998.200000,1048
4992,998.400000,1556
4993,998.600000,2008
4994,998.800000,2325
4995,999.000000,2455
4996,999.200000,2385
4997,999.400000,2118
4998,999.600000,1698
4999,999.800000,1198
5000,1000.000000,703
5001,1000.200000,318
5002,1000.400000,62
5003,1000.600000,6
5004,1000.800000,160
5005,1001.000000,497
5006,1001.200000,959
5007,1001.400000,1438
5008,1001.600000,1911
5009,1001.800000,2266
5010,1002.000000,2443
5011,1002.200000,2412
5012,1002.400000,2197
5013,1002.600000,1807
5014,1002.800000,1319
5015,1003.000000,814
5016,1003.200000,382
5017,1003.400000,106
5018,1003.600000,0
5019,1003.800000,106
5020,1004.000000,403
5021,1004.200000,843
5022,1004.400000,1349
5023,1004.600000,1807
5024,1004.800000,2197
5025,1005.000000,2420
5026,1005.200000,2439
5027,1005.400000,2250
5028,1005.600000,1885
5029,1005.800000,1438
5030,1006.000000,930
5031,1006.200000,473
5032,1006.400000,145
5033,1006.600000,4
5034,1006.800000,72
5035,1007.000000,318
5036,1007.200000,730
5037,1007.400000,1228
5038,1007.600000,1726
5039,1007.800000,2139
5040,1008.000000,2395
5041,1008.200000,2453
5042,1008.400000,2311
5043,1008.600000,1984
5044,1008.800000,1527
5045,1009.000000,1018
5046,1009.200000,546
5047,1009.400000,191
5048,1009.600000,18
5049,1009.800000,37
5050,1010.000000,260
5051,1010.200000,649
5052,1010.400000,1138
5053,1010.600000,1642
5054,1010.800000,2075
5055,1011.000000,2351
5056,1011.200000,2457
5057,1011.400000,2351
5058,1011.600000,2053
5059,1011.800000,1614
5060,1012.000000,1108
5061,1012.200000,623
5062,1012.400000,260
5063,1012.600000,37
5064,1012.800000,18
5065,1013.000000,207
5066,1013.200000,571
5067,1013.400000,1048
5068,1013.600000,1556
5069,1013.800000,2008
5070,1014.000000,2311
5071,1014.200000,2453
5072,1014.400000,2385
5073,1014.600000,2118
5074,1014.800000,1698
5075,1015.000000,1198
5076,1015.200000,703
5077,1015.400000,298
5078,1015.600000,62
5079,1015.800000,6
5080,1016.000000,160
5081,1016.200000,497
5082,1016.400000,959
5083,1016.600000,1468
5084,1016.800000,1936
5085,1017.000000,2282
5086,1017.200000,2448
5087,1017.400000,2412
5088,1017.600000,2178
5089,1017.800000,1780
5090,1018.000000,1288
5091,1018.200000,786
5092,1018.400000,360
5093,1018.600000,82
5094,1018.800000,1
5095,1019.000000,132
5096,1019.200000,449
5097,1019.400000,872
5098,1019.600000,1379
5099,1019.800000,1860
5100,1020.000000,2233
5101,1020.200000,2433
5102,1020.400000,2427
5103,1020.600000,2215
5104,1020.800000,1834
5105,1021.000000,1349
5106,1021.200000,843
5107,1021.400000,403
5108,1021.600000,118
5109,1021.800000,1
5110,1022.000000,94
5111,1022.200000,382
5112,1022.400000,814
5113,1022.600000,1319
5114,1022.800000,1807
5115,1023.000000,2197
5116,1023.200000,2420
5117,1023.400000,2439
5118,1023.600000,2250
5119,1023.800000,1885
5120,1024.000000,1408
5121,1024.200000,930
5122,1024.400000,473
5123,1024.600000,145
5124,1024.800000,4
5125,1025.000000,72
5126,1025.200000,339
5127,1025.400000,759
5128,1025.600000,1258
5129,1025.800000,1753
5130,1026.000000,2158
5131,1026.200000,2404
5132,1026.400000,2448
5133,1026.600000,2282
5134,1026.800000,1936
5135,1027.000000,1468
5136,1027.200000,989
5137,1027.400000,521
5138,1027.600000,175
5139,1027.800000,9
5140,1028.000000,53
5141,1028.200000,298
5142,1028.400000,703
5143,1028.600000,1198
5144,1028.800000,1698
5145,1029.000000,2118
5146,1029.200000,2385
5147,1029.400000,2453
5148,1029.600000,2311
5149,1029.800000,1984
5150,1030.000000,1527
5151,1030.200000,1018
5152,1030.400000,546
5153,1030.600000,191
5154,1030.800000,13
5155,1031.000000,45
5156,1031.200000,279
5157,1031.400000,676
5158,1031.600000,1138
5159,1031.800000,1642
5160,1032.000000,2075
5161,1032.200000,2363
5162,1032.400000,2456
5163,1032.600000,2338
5164,1032.800000,2031
5165,1033.000000,1585
5166,1033.200000,1078
5167,1033.400000,597
5168,1033.600000,224
5169,1033.800000,24
5170,1034.000000,30
5171,1034.200000,242
5172,1034.400000,623
5173,1034.600000,1108
5174,1034.800000,1614
5175,1035.000000,2053
5176,1035.200000,2351
5177,1035.400000,2457
5178,1035.600000,2351
5179,1035.800000,2053
5180,1036.000000,1614
5181,1036.200000,1108
5182,1036.400000,623
5183,1036.600000,242
5184,1036.800000,30
5185,1037.000000,24
5186,1037.200000,224
5187,1037.400000,597
5188,1037.600000,1078
5189,1037.800000,1585
5190,1038.000000,2031
5191,1038.200000,2338
5192,1038.400000,2456
5193,1038.600000,2363
5194,1038.800000,2075
5195,1039.000000,1642
5196,1039.200000,1138
5197,1039.400000,649
5198,1039.600000,260
5199,1039.800000,37
5200,1040.000000,18
5201,1040.200000,207
5202,1040.400000,571
5203,1040.600000,1048
5204,1040.800000,1556
5205,1041.000000,2008
5206,1041.200000,2325
5207,1041.400000,2455
5208,1041.600000,2374
5209,1041.800000,2097
5210,1042.000000,1671
5211,1042.200000,1168
5212,1042.400000,676
5213,1042.600000,279
5214,1042.800000,45
5215,1043.000000,13
5216,1043.200000,191
5217,1043.400000,546
5218,1043.600000,1018
5219,1043.800000,1527
5220,1044.000000,1984
5221,1044.200000,2311
5222,1044.400000,2453
5223,1044.600000,2385
5224,1044.800000,2118
5225,1045.000000,1698
5226,1045.200000,1168
5227,1045.400000,676
5228,1045.600000,279
5229,1045.800000,45
5230,1046.000000,13
5231,1046.200000,191
5232,1046.400000,546
5233,1046.600000,1018
5234,1046.800000,1527
5235,1047.000000,1984
5236,1047.200000,2311
5237,1047.400000,2453
5238,1047.600000,2385
5239,1047.800000,2118
5240,1048.000000,1698
5241,1048.200000,1198
5242,1048.400000,703
5243,1048.600000,298
5244,1048.800000,53
5245,1049.000000,9
5246,1049.200000,175
5247,1049.400000,521
5248,1049.600000,1018
5249,1049.800000,1527
5250,1050.000000,1984
5251,1050.200000,2311
5252,1050.400000,2453
5253,1050.600000,2385
5254,1050.800000,2118
5255,1051.000000,1698
5256,1051.200000,1198
5257,1051.400000,703
5258,1051.600000,298
5259,1051.800000,53
5260,1052.000000,9
5261,1052.200000,175
5262,1052.400000,521
5263,1052.600000,1018
5264,1052.800000,1527
5265,1053.000000,1984
5266,1053.200000,2311
5267,1053.400000,2453
5268,1053.600000,2385
5269,1053.800000,2118
5270,1054.000000,1698
5271,1054.200000,1198
5272,1054.400000,703
5273,1054.600000,298
5274,1054.800000,53
5275,1055.000000,9
5276,1055.200000,191
5277,1055.400000,546
5278,1055.600000,1018
5279,1055.800000,1527
5280,1056.000000,1984
5281,1056.200000,2311
5282,1056.400000,2453
5283,1056.600000,2385
5284,1056.800000,2118
5285,1057.000000,1698
5286,1057.200000,1198
5287,1057.400000,676
5288,1057.600000,279
5289,1057.800000,45
5290,1058.000000,13
5291,1058.200000,191
5292,1058.400000,546
5293,1058.600000,1018
5294,1058.800000,1527
5295,1059.000000,1984
5296,1059.200000,2325
5297,1059.400000,2455
5298,1059.600000,2374
5299,1059.800000,2097
5300,1060.000000,1671
5301,1060.200000,1168
5302,1060.400000,676
5303,1060.600000,279
5304,1060.800000,45
5305,1061.000000,18
5306,1061.200000,207
5307,1061.400000,571
5308,1061.600000,1048
5309,1061.800000,1556
5310,1062.000000,2008
5311,1062.200000,2325
5312,1062.400000,2455
5313,1062.600000,2374
5314,1062.800000,2075
5315,1063.000000,1642
5316,1063.200000,1138
5317,1063.400000,649
5318,1063.600000,260
5319,1063.800000,37
5320,1064.000000,18
5321,1064.200000,224
5322,1064.400000,597
5323,1064.600000,1078
5324,1064.800000,1585
5325,1065.000000,2031
5326,1065.200000,2338
5327,1065.400000,2456
5328,1065.600000,2363
5329,1065.800000,2053
5330,1066.000000,1614
5331,1066.200000,1108
5332,1066.400000,623
5333,1066.600000,242
5334,1066.800000,30
5335,1067.000000,24
5336,1067.200000,242
5337,1067.400000,623
5338,1067.600000,1108
5339,1067.800000,1614
5340,1068.000000,2053
5341,1068.200000,2351
5342,1068.400000,2456
5343,1068.600000,2338
5344,1068.800000,2031
5345,1069.000000,1585
5346,1069.200000,1078
5347,1069.400000,597
5348,1069.600000,224
5349,1069.800000,18
5350,1070.000000,37
5351,1070.200000,260
5352,1070.400000,649
5353,1070.600000,1138
5354,1070.800000,1642
5355,1071.000000,2097
5356,1071.200000,2374
5357,1071.400000,2455
5358,1071.600000,2325
5359,1071.800000,2008
5360,1072.000000,1556
5361,1072.200000,1018
5362,1072.400000,546
5363,1072.600000,191
5364,1072.800000,13
5365,1073.000000,45
5366,1073.200000,298
5367,1073.400000,703
5368,1073.600000,1198
5369,1073.800000,1698
5370,1074.000000,2118
5371,1074.200000,2385
5372,1074.400000,2451
5373,1074.600000,2297
5374,1074.800000,1960
5375,1075.000000,1498
5376,1075.200000,989
5377,1075.400000,497
5378,1075.600000,160
5379,1075.800000,6
5380,1076.000000,62
5381,1076.200000,318
5382,1076.400000,759
5383,1076.600000,1258
5384,1076.800000,1753
5385,1077.000000,2158
5386,1077.200000,2404
5387,1077.400000,2448
5388,1077.600000,2266
5389,1077.800000,1911
5390,1078.000000,1438
5391,1078.200000,930
5392,1078.400000,449
5393,1078.600000,132
5394,1078.800000,1
5395,1079.000000,82
5396,1079.200000,360
5397,1079.400000,814
5398,1079.600000,1319
5399,1079.800000,1807
5400,1080.000000,2197
5401,1080.200000,2420
5402,1080.400000,2433
5403,1080.600000,2233
5404,1080.800000,1860
5405,1081.000000,1379
5406,1081.200000,872
5407,1081.400000,403
5408,1081.600000,106
5409,1081.800000,0
5410,1082.000000,106
5411,1082.200000,426
5412,1082.400000,872
5413,1082.600000,1379
5414,1082.800000,1860
5415,1083.000000,2233
5416,1083.200000,2439
5417,1083.400000,2420
5418,1083.600000,2197
5419,1083.800000,1807
5420,1084.000000,1288
5421,1084.200000,786
5422,1084.400000,360
5423,1084.600000,82
5424,1084.800000,4
5425,1085.000000,145
5426,1085.200000,473
5427,1085.400000,930
5428,1085.600000,1468
5429,1085.800000,1936
5430,1086.000000,2282
5431,1086.200000,2448
5432,1086.400000,2395
5433,1086.600000,2139
5434,1086.800000,1726
5435,1087.000000,1228
5436,1087.200000,703
5437,1087.400000,298
5438,1087.600000,53
5439,1087.800000,9
5440,1088.000000,191
5441,1088.200000,546
5442,1088.400000,1018
5443,1088.600000,1527
5444,1088.800000,2008
5445,1089.000000,2325
5446,1089.200000,2455
5447,1089.400000,2374
5448,1089.600000,2075
5449,1089.800000,1642
5450,1090.000000,1138
5451,1090.200000,649
5452,1090.400000,242
5453,1090.600000,30
5454,1090.800000,24
5455,1091.000000,224
5456,1091.200000,623
5457,1091.400000,1108
5458,1091.600000,1614
5459,1091.800000,2075
5460,1092.000000,2363
5461,1092.200000,2456
5462,1092.400000,2338
5463,1092.600000,2008
5464,1092.800000,1556
5465,1093.000000,1048
5466,1093.200000,546
5467,1093.400000,191
5468,1093.600000,13
5469,1093.800000,45
5470,1094.000000,298
5471,1094.200000,703
5472,1094.400000,1198
5473,1094.600000,1726
5474,1094.800000,2139
5475,1095.000000,2395
5476,1095.200000,2451
5477,1095.400000,2282
5478,1095.600000,1936
5479,1095.800000,1468
5480,1096.000000,930
5481,1096.200000,473
5482,1096.400000,145
5483,1096.600000,4
5484,1096.800000,82
5485,1097.000000,360
5486,1097.200000,786
5487,1097.400000,1319
5488,1097.600000,1807
5489,1097.800000,2197
5490,1098.000000,2427
5491,1098.200000,2433
5492,1098.400000,2233
5493,1098.600000,1860
5494,1098.800000,1349
5495,1099.000000,843
5496,1099.200000,403
5497,1099.400000,94
5498,1099.600000,1
5499,1099.800000,118
5500,1100.000000,449
5501,1100.200000,901
5502,1100.400000,1408
5503,1100.600000,1911
5504,1100.800000,2266
5505,1101.000000,2443
5506,1101.200000,2404
5507,1101.400000,2158
5508,1101.600000,1753
5509,1101.800000,1228
5510,1102.000000,730
5511,1102.200000,318
5512,1102.400000,53
5513,1102.600000,9
5514,1102.800000,175
5515,1103.000000,546
5516,1103.200000,1018
5517,1103.400000,1527
5518,1103.600000,2008
5519,1103.800000,2325
5520,1104.000000,2455
5521,1104.200000,2363
5522,1104.400000,2075
5523,1104.600000,1642
5524,1104.800000,1108
5525,1105.000000,623
5526,1105.200000,242
5527,1105.400000,24
5528,1105.600000,30
5529,1105.800000,242
5530,1106.000000,649
5531,1106.200000,1138
5532,1106.400000,1642
5533,1106.600000,2097
5534,1106.800000,2374
5535,1107.000000,2455
5536,1107.200000,2311
5537,1107.400000,1984
5538,1107.600000,1527
5539,1107.800000,989
5540,1108.000000,521
5541,1108.200000,175
5542,1108.400000,6
5543,1108.600000,62
5544,1108.800000,339
5545,1109.000000,759
5546,1109.200000,1258
5547,1109.400000,1780
5548,1109.600000,2178
5549,1109.800000,2412
5550,1110.000000,2439
5551,1110.200000,2250
5552,1110.400000,1885
5553,1110.600000,1379
5554,1110.800000,872
5555,1111.000000,403
5556,1111.200000,106
5557,1111.400000,0
5558,1111.600000,118
5559,1111.800000,426
5560,1112.000000,872
5561,1112.200000,1408
5562,1112.400000,1885
5563,1112.600000,2266
5564,1112.800000,2443
5565,1113.000000,2412
5566,1113.200000,2158
5567,1113.400000,1753
5568,1113.600000,1228
5569,1113.800000,730
5570,1114.000000,318
5571,1114.200000,53
5572,1114.400000,9
5573,1114.600000,175
5574,1114.800000,546
5575,1115.000000,1018
5576,1115.200000,1556
5577,1115.400000,2008
5578,1115.600000,2325
5579,1115.800000,2456
5580,1116.000000,2363
5581,1116.200000,2053
5582,1116.400000,1614
5583,1116.600000,1108
5584,1116.800000,597
5585,1117.000000,224
5586,1117.200000,18
5587,1117.400000,37
5588,1117.600000,260
5589,1117.800000,676
5590,1118.000000,1168
5591,1118.200000,1698
5592,1118.400000,2118
5593,1118.600000,2385
5594,1118.800000,2451
5595,1119.000000,2297
5596,1119.200000,1936
5597,1119.400000,1468
5598,1119.600000,930
5599,1119.800000,473
5600,1120.000000,145
5601,1120.200000,1
5602,1120.400000,82
5603,1120.600000,382
5604,1120.800000,814
5605,1121.000000,1319
5606,1121.200000,1834
5607,1121.400000,2215
5608,1121.600000,2433
5609,1121.800000,2427
5610,1122.000000,2197
5611,1122.200000,1807
5612,1122.400000,1319
5613,1122.600000,786
5614,1122.800000,360
5615,1123.000000,72
5616,1123.200000,4
5617,1123.400000,160
5618,1123.600000,497
5619,1123.800000,989
5620,1124.000000,1498
5621,1124.200000,1960
5622,1124.400000,2311
5623,1124.600000,2453
5624,1124.800000,2374
5625,1125.000000,2097
5626,1125.200000,1642
5627,1125.400000,1138
5628,1125.600000,649
5629,1125.800000,242
5630,1126.000000,30
5631,1126.200000,30
5632,1126.400000,242
5633,1126.600000,649
5634,1126.800000,1138
5635,1127.000000,1671
5636,1127.200000,2097
5637,1127.400000,2385
5638,1127.600000,2453
5639,1127.800000,2311
5640,1128.000000,1960
5641,1128.200000,1498
5642,1128.400000,959
5643,1128.600000,497
5644,1128.800000,145
5645,1129.000000,4
5646,1129.200000,82
5647,1129.400000,360
5648,1129.600000,814
5649,1129.800000,1319
5650,1130.000000,1834
5651,1130.200000,2215
5652,1130.400000,2433
5653,1130.600000,2427
5654,1130.800000,2215
5655,1131.000000,1807
5656,1131.200000,1319
5657,1131.400000,786
5658,1131.600000,360
5659,1131.800000,72
5660,1132.000000,4
5661,1132.200000,160
5662,1132.400000,497
5663,1132.600000,989
5664,1132.800000,1498
5665,1133.000000,1984
5666,1133.200000,2311
5667,1133.400000,2455
5668,1133.600000,2374
5669,1133.800000,2075
5670,1134.000000,1642
5671,1134.200000,1108
5672,1134.400000,623
5673,1134.600000,224
5674,1134.800000,24
5675,1135.000000,37
5676,1135.200000,260
5677,1135.400000,676
5678,1135.600000,1168
5679,1135.800000,1698
5680,1136.000000,2118
5681,1136.200000,2395
5682,1136.400000,2451
5683,1136.600000,2282
5684,1136.800000,1936
5685,1137.000000,1438
5686,1137.200000,930
5687,1137.400000,449
5688,1137.600000,132
5689,1137.800000,1
5690,1138.000000,94
5691,1138.200000,403
5692,1138.400000,843
5693,1138.600000,1379
5694,1138.800000,1860
5695,1139.000000,2250
5696,1139.200000,2439
5697,1139.400000,2412
5698,1139.600000,2178
5699,1139.800000,1753
5700,1140.000000,1258
5701,1140.200000,730
5702,1140.400000,318
5703,1140.600000,53
5704,1140.800000,9
5705,1141.000000,191
5706,1141.200000,546
5707,1141.400000,1048
5708,1141.600000,1585
5709,1141.800000,2031
5710,1142.000000,2351
5711,1142.200000,2457
5712,1142.400000,2338
5713,1142.600000,2031
5714,1142.800000,1556
5715,1143.000000,1048
5716,1143.200000,546
5717,1143.400000,191
5718,1143.600000,9
5719,1143.800000,53
5720,1144.000000,318
5721,1144.200000,759
5722,1144.400000,1258
5723,1144.600000,1780
5724,1144.800000,2178
5725,1145.000000,2420
5726,1145.200000,2439
5727,1145.400000,2233
5728,1145.600000,1860
5729,1145.800000,1349
5730,1146.000000,843
5731,1146.200000,382
5732,1146.400000,82
5733,1146.600000,1
5734,1146.800000,145
5735,1147.000000,473
5736,1147.200000,959
5737,1147.400000,1468
5738,1147.600000,1960
5739,1147.800000,2297
5740,1148.000000,2453
5741,1148.200000,2374
5742,1148.400000,2097
5743,1148.600000,1642
5744,1148.800000,1138
5745,1149.000000,623
5746,1149.200000,242
5747,1149.400000,24
5748,1149.600000,37
5749,1149.800000,260
5750,1150.000000,676
5751,1150.200000,1168
5752,1150.400000,1698
5753,1150.600000,2118
5754,1150.800000,2395
5755,1151.000000,2448
5756,1151.200000,2282
5757,1151.400000,1911
5758,1151.600000,1438
5759,1151.800000,901
5760,1152.000000,449
5761,1152.200000,118
5762,1152.400000,0
5763,1152.600000,106
5764,1152.800000,426
5765,1153.000000,872
5766,1153.200000,1408
5767,1153.400000,1911
5768,1153.600000,2266
5769,1153.800000,2448
5770,1154.000000,2404
5771,1154.200000,2139
5772,1154.400000,1726
5773,1154.600000,1198
5774,1154.800000,676
5775,1155.000000,279
5776,1155.200000,37
5777,1155.400000,18
5778,1155.600000,224
5779,1155.800000,623
5780,1156.000000,1108
5781,1156.200000,1642
5782,1156.400000,2075
5783,1156.600000,2374
5784,1156.800000,2453
5785,1157.000000,2311
5786,1157.200000,1960
5787,1157.400000,1468
5788,1157.600000,959
5789,1157.800000,473
5790,1158.000000,145
5791,1158.200000,1
5792,1158.400000,94
5793,1158.600000,382
5794,1158.800000,843
5795,1159.000000,1349
5796,1159.200000,1860
5797,1159.400000,2250
5798,1159.600000,2439
5799,1159.800000,2412
5800,1160.000000,2158
5801,1160.200000,1753
5802,1160.400000,1228
5803,1160.600000,730
5804,1160.800000,298
5805,1161.000000,45
5806,1161.200000,13
5807,1161.400000,207
5808,1161.600000,597
5809,1161.800000,1078
5810,1162.000000,1614
5811,1162.200000,2053
5812,1162.400000,2363
5813,1162.600000,2455
5814,1162.800000,2325
5815,1163.000000,1984
5816,1163.200000,1498
5817,1163.400000,989
5818,1163.600000,497
5819,1163.800000,145
5820,1164.000000,4
5821,1164.200000,82
5822,1164.400000,382
5823,1164.600000,814
5824,1164.800000,1349
5825,1165.000000,1834
5826,1165.200000,2233
5827,1165.400000,2439
5828,1165.600000,2420
5829,1165.800000,2178
5830,1166.000000,1753
5831,1166.200000,1258
5832,1166.400000,730
5833,1166.600000,298
5834,1166.800000,53
5835,1167.000000,13
5836,1167.200000,207
5837,1167.400000,571
5838,1167.600000,1078
5839,1167.800000,1614
5840,1168.000000,2053
5841,1168.200000,2363
5842,1168.400000,2455
5843,1168.600000,2325
5844,1168.800000,1984
5845,1169.000000,1498
5846,1169.200000,989
5847,1169.400000,497
5848,1169.600000,145
5849,1169.800000,4
5850,1170.000000,82
5851,1170.200000,382
5852,1170.400000,814
5853,1170.600000,1349
5854,1170.800000,1860
5855,1171.000000,2233
5856,1171.200000,2439
5857,1171.400000,2412
5858,1171.600000,2178
5859,1171.800000,1753
5860,1172.000000,1228
5861,1172.200000,730
5862,1172.400000,298
5863,1172.600000,45
5864,1172.800000,18
5865,1173.000000,207
5866,1173.200000,597
5867,1173.400000,1108
5868,1173.600000,1614
5869,1173.800000,2075
5870,1174.000000,2374
5871,1174.200000,2455
5872,1174.400000,2311
5873,1174.600000,1960
5874,1174.800000,1498
5875,1175.000000,959
5876,1175.200000,473
5877,1175.400000,132
5878,1175.600000,1
5879,1175.800000,94
5880,1176.000000,403
5881,1176.200000,843
5882,1176.400000,1379
5883,1176.600000,1885
5884,1176.800000,2266
5885,1177.000000,2443
5886,1177.200000,2404
5887,1177.400000,2139
5888,1177.600000,1726
5889,1177.800000,1198
5890,1178.000000,676
5891,1178.200000,260
5892,1178.400000,37
5893,1178.600000,24
5894,1178.800000,242
5895,1179.000000,623
5896,1179.200000,1138
5897,1179.400000,1671
5898,1179.600000,2118
5899,1179.800000,2385
5900,1180.000000,2451
5901,1180.200000,2282
5902,1180.400000,1936
5903,1180.600000,1438
5904,1180.800000,901
5905,1181.000000,426
5906,1181.200000,118
5907,1181.400000,0
5908,1181.600000,118
5909,1181.800000,449
5910,1182.000000,901
5911,1182.200000,1438
5912,1182.400000,1936
5913,1182.600000,2297
5914,1182.800000,2451
5915,1183.000000,2385
5916,1183.200000,2097
5917,1183.400000,1671
5918,1183.600000,1138
5919,1183.800000,623
5920,1184.000000,224
5921,1184.200000,24
5922,1184.400000,37
5923,1184.600000,279
5924,1184.800000,703
5925,1185.000000,1198
5926,1185.200000,1726
5927,1185.400000,2158
5928,1185.600000,2412
5929,1185.800000,2443
5930,1186.000000,2250
5931,1186.200000,1860
5932,1186.400000,1349
5933,1186.600000,843
5934,1186.800000,382
5935,1187.000000,82
5936,1187.200000,4
5937,1187.400000,160
5938,1187.600000,497
5939,1187.800000,989
5940,1188.000000,1527
5941,1188.200000,2008
5942,1188.400000,2325
5943,1188.600000,2456
5944,1188.800000,2351
5945,1189.000000,2031
5946,1189.200000,1585
5947,1189.400000,1048
5948,1189.600000,546
5949,1189.800000,175
5950,1190.000000,6
5951,1190.200000,62
5952,1190.400000,339
5953,1190.600000,786
5954,1190.800000,1319
5955,1191.000000,1807
5956,1191.200000,2215
5957,1191.400000,2433
5958,1191.600000,2420
5959,1191.800000,2178
5960,1192.000000,1780
5961,1192.200000,1258
5962,1192.400000,730
5963,1192.600000,298
5964,1192.800000,45
5965,1193.000000,13
5966,1193.200000,207
5967,1193.400000,597
5968,1193.600000,1108
5969,1193.800000,1614
5970,1194.000000,2075
5971,1194.200000,2374
5972,1194.400000,2453
5973,1194.600000,2297
5974,1194.800000,1960
5975,1195.000000,1468
5976,1195.200000,930
5977,1195.400000,449
5978,1195.600000,118
5979,1195.800000,0
5980,1196.000000,106
5981,1196.200000,426
5982,1196.400000,901
5983,1196.600000,1438
5984,1196.800000,1936
5985,1197.000000,2282
5986,1197.200000,2451
5987,1197.400000,2385
5988,1197.600000,2097
5989,1197.800000,1642
5990,1198.000000,1138
5991,1198.200000,623
5992,1198.400000,224
5993,1198.600000,18
5994,1198.800000,45
5995,1199.000000,298
5996,1199.200000,703
5997,1199.400000,1228
5998,1199.600000,1753
5999,1199.800000,2178
6000,1200.000000,2420
6001,1200.200000,2433
6002,1200.400000,2233
6003,1200.600000,1834
6004,1200.800000,1319
6005,1201.000000,786
6006,1201.200000,339
6007,1201.400000,72
6008,1201.600000,6
6009,1201.800000,175
6010,1202.000000,546
6011,1202.200000,1048
6012,1202.400000,1585
6013,1202.600000,2053
6014,1202.800000,2351
6015,1203.000000,2456
6016,1203.200000,2325
6017,1203.400000,1984
6018,1203.600000,1498
6019,1203.800000,959
6020,1204.000000,497
6021,1204.200000,145
6022,1204.400000,1
6023,1204.600000,94
6024,1204.800000,403
6025,1205.000000,872
6026,1205.200000,1408
6027,1205.400000,1885
6028,1205.600000,2266
6029,1205.800000,2448
6030,1206.000000,2395
6031,1206.200000,2118
6032,1206.400000,1671
6033,1206.600000,1138
6034,1206.800000,649
6035,1207.000000,242
6036,1207.200000,24
6037,1207.400000,37
6038,1207.600000,279
6039,1207.800000,703
6040,1208.000000,1228
6041,1208.200000,1726
6042,1208.400000,2158
6043,1208.600000,2412
6044,1208.800000,2439
6045,1209.000000,2233
6046,1209.200000,1834
6047,1209.400000,1319
6048,1209.600000,786
6049,1209.800000,360
6050,1210.000000,72
6051,1210.200000,6
6052,1210.400000,175
6053,1210.600000,546
6054,1210.800000,1048
6055,1211.000000,1585
6056,1211.200000,2053
6057,1211.400000,2363
6058,1211.600000,2456
6059,1211.800000,2325
6060,1212.000000,1984
6061,1212.200000,1498
6062,1212.400000,959
6063,1212.600000,473
6064,1212.800000,132
6065,1213.000000,1
6066,1213.200000,106
6067,1213.400000,403
6068,1213.600000,872
6069,1213.800000,1408
6070,1214.000000,1911
6071,1214.200000,2282
6072,1214.400000,2451
6073,1214.600000,2385
6074,1214.800000,2097
6075,1215.000000,1642
6076,1215.200000,1108
6077,1215.400000,623
6078,1215.600000,224
6079,1215.800000,18
6080,1216.000000,45
6081,1216.200000,298
6082,1216.400000,730
6083,1216.600000,1258
6084,1216.800000,1780
6085,1217.000000,2197
6086,1217.200000,2427
6087,1217.400000,2427
6088,1217.600000,2197
6089,1217.800000,1807
6090,1218.000000,1288
6091,1218.200000,759
6092,1218.400000,318
6093,1218.600000,53
6094,1218.800000,13
6095,1219.000000,207
6096,1219.200000,597
6097,1219.400000,1108
6098,1219.600000,1642
6099,1219.800000,2097
6100,1220.000000,2385
6101,1220.200000,2451
6102,1220.400000,2297
6103,1220.600000,1936
6104,1220.800000,1438
6105,1221.000000,901
6106,1221.200000,426
6107,1221.400000,106
6108,1221.600000,1
6109,1221.800000,132
6110,1222.000000,473
6111,1222.200000,959
6112,1222.400000,1498
6113,1222.600000,1984
6114,1222.800000,2325
6115,1223.000000,2456
6116,1223.200000,2351
6117,1223.400000,2031
6118,1223.600000,1556
6119,1223.800000,1048
6120,1224.000000,546
6121,1224.200000,175
6122,1224.400000,6
6123,1224.600000,72
6124,1224.800000,360
6125,1225.000000,814
6126,1225.200000,1349
6127,1225.400000,1860
6128,1225.600000,2250
6129,1225.800000,2443
6130,1226.000000,2404
6131,1226.200000,2139
6132,1226.400000,1698
6133,1226.600000,1168
6134,1226.800000,649
6135,1227.000000,242
6136,1227.200000,24
6137,1227.400000,37
6138,1227.600000,279
6139,1227.800000,703
6140,1228.000000,1228
6141,1228.200000,1753
6142,1228.400000,2178
6143,1228.600000,2420
6144,1228.800000,2433
6145,1229.000000,2215
6146,1229.200000,1834
6147,1229.400000,1319
6148,1229.600000,786
6149,1229.800000,339
6150,1230.000000,62
6151,1230.200000,9
6152,1230.400000,191
6153,1230.600000,571
6154,1230.800000,1078
6155,1231.000000,1614
6156,1231.200000,2075
6157,1231.400000,2374
6158,1231.600000,2453
6159,1231.800000,2297
6160,1232.000000,1936
6161,1232.200000,1438
6162,1232.400000,901
6163,1232.600000,426
6164,1232.800000,106
6165,1233.000000,1
6166,1233.200000,132
6167,1233.400000,473
6168,1233.600000,959
6169,1233.800000,1498
6170,1234.000000,1984
6171,1234.200000,2325
6172,1234.400000,2456
6173,1234.600000,2351
6174,1234.800000,2031
6175,1235.000000,1556
6176,1235.200000,1018
6177,1235.400000,521
6178,1235.600000,160
6179,1235.800000,4
6180,1236.000000,82
6181,1236.200000,382
6182,1236.400000,843
6183,1236.600000,1379
6184,1236.800000,1885
6185,1237.000000,2266
6186,1237.200000,2448
6187,1237.400000,2395
6188,1237.600000,2118
6189,1237.800000,1671
6190,1238.000000,1138
6191,1238.200000,597
6192,1238.400000,207
6193,1238.600000,13
6194,1238.800000,53
6195,1239.000000,318
6196,1239.200000,759
6197,1239.400000,1288
6198,1239.600000,1807
6199,1239.800000,2215
6200,1240.000000,2433
6201,1240.200000,2420
6202,1240.400000,2178
6203,1240.600000,1753
6204,1240.800000,1228
6205,1241.000000,703
6206,1241.200000,279
6207,1241.400000,37
6208,1241.600000,24
6209,1241.800000,242
6210,1242.000000,649
6211,1242.200000,1168
6212,1242.400000,1698
6213,1242.600000,2139
6214,1242.800000,2404
6215,1243.000000,2443
6216,1243.200000,2250
6217,1243.400000,1860
6218,1243.600000,1319
6219,1243.800000,786
6220,1244.000000,339
6221,1244.200000,62
6222,1244.400000,9
6223,1244.600000,191
6224,1244.800000,571
6225,1245.000000,1078
6226,1245.200000,1614
6227,1245.400000,2075
6228,1245.600000,2374
6229,1245.800000,2453
6230,1246.000000,2297
6231,1246.200000,1936
6232,1246.400000,1438
6233,1246.600000,901
6234,1246.800000,426
6235,1247.000000,94
6236,1247.200000,1
6237,1247.400000,145
6238,1247.600000,497
6239,1247.800000,989
6240,1248.000000,1527
6241,1248.200000,2008
6242,1248.400000,2338
6243,1248.600000,2457
6244,1248.800000,2338
6245,1249.000000,2008
6246,1249.200000,1527
6247,1249.400000,989
6248,1249.600000,473
6249,1249.800000,132
6250,1250.000000,1
6251,1250.200000,106
6252,1250.400000,426
6253,1250.600000,901
6254,1250.800000,1438
6255,1251.000000,1936
6256,1251.200000,2297
6257,1251.400000,2453
6258,1251.600000,2374
6259,1251.800000,2075
6260,1252.000000,1585
6261,1252.200000,1048
6262,1252.400000,546
6263,1252.600000,175
6264,1252.800000,6
6265,1253.000000,72
6266,1253.200000,360
6267,1253.400000,814
6268,1253.600000,1349
6269,1253.800000,1860
6270,1254.000000,2266
6271,1254.200000,2448
6272,1254.400000,2395
6273,1254.600000,2118
6274,1254.800000,1671
6275,1255.000000,1138
6276,1255.200000,623
6277,1255.400000,224
6278,1255.600000,18
6279,1255.800000,53
6280,1256.000000,318
6281,1256.200000,759
6282,1256.400000,1288
6283,1256.600000,1807
6284,1256.800000,2215
6285,1257.000000,2433
6286,1257.200000,2420
6287,1257.400000,2158
6288,1257.600000,1726
6289,1257.800000,1198
6290,1258.000000,676
6291,1258.200000,260
6292,1258.400000,30
6293,1258.600000,30
6294,1258.800000,260
6295,1259.000000,703
6296,1259.200000,1228
6297,1259.400000,1753
6298,1259.600000,2178
6299,1259.800000,2420
6300,1260.000000,2433
6301,1260.200000,2215
6302,1260.400000,1807
6303,1260.600000,1258
6304,1260.800000,730
6305,1261.000000,298
6306,1261.200000,45
6307,1261.400000,18
6308,1261.600000,224
6309,1261.800000,623
6310,1262.000000,1168
6311,1262.200000,1698
6312,1262.400000,2139
6313,1262.600000,2404
6314,1262.800000,2443
6315,1263.000000,2250
6316,1263.200000,1860
6317,1263.400000,1319
6318,1263.600000,786
6319,1263.800000,339
6320,1264.000000,62
6321,1264.200000,9
6322,1264.400000,191
6323,1264.600000,597
6324,1264.800000,1108
6325,1265.000000,1642
6326,1265.200000,2097
6327,1265.400000,2385
6328,1265.600000,2451
6329,1265.800000,2266
6330,1266.000000,1885
6331,1266.200000,1379
6332,1266.400000,843
6333,1266.600000,382
6334,1266.800000,82
6335,1267.000000,6
6336,1267.200000,175
6337,1267.400000,546
6338,1267.600000,1048
6339,1267.800000,1585
6340,1268.000000,2053
6341,1268.200000,2374
6342,1268.400000,2453
6343,1268.600000,2297
6344,1268.800000,1936
6345,1269.000000,1438
6346,1269.200000,901
6347,1269.400000,403
6348,1269.600000,94
6349,1269.800000,1
6350,1270.000000,145
6351,1270.200000,497
6352,1270.400000,1018
6353,1270.600000,1556
6354,1270.800000,2031
6355,1271.000000,2351
6356,1271.200000,2456
6357,1271.400000,2311
6358,1271.600000,1960
6359,1271.800000,1468
6360,1272.000000,930
6361,1272.200000,449
6362,1272.400000,106
6363,1272.600000,1
6364,1272.800000,132
6365,1273.000000,473
6366,1273.200000,959
6367,1273.400000,1527
6368,1273.600000,2008
6369,1273.800000,2338
6370,1274.000000,2457
6371,1274.200000,2338
6372,1274.400000,1984
6373,1274.600000,1498
6374,1274.800000,959
6375,1275.000000,473
6376,1275.200000,132
6377,1275.400000,0
6378,1275.600000,118
6379,1275.800000,449
6380,1276.000000,930
6381,1276.200000,1468
6382,1276.400000,1984
6383,1276.600000,2325
6384,1276.800000,2456
6385,1277.000000,2351
6386,1277.200000,2008
6387,1277.400000,1527
6388,1277.600000,989
6389,1277.800000,497
6390,1278.000000,132
6391,1278.200000,1
6392,1278.400000,106
6393,1278.600000,426
6394,1278.800000,901
6395,1279.000000,1468
6396,1279.200000,1960
6397,1279.400000,2311
6398,1279.600000,2455
6399,1279.800000,2351
6400,1280.000000,2031
6401,1280.200000,1556
6402,1280.400000,1018
6403,1280.600000,497
6404,1280.800000,145
6405,1281.000000,1
6406,1281.200000,94
6407,1281.400000,426
6408,1281.600000,901
6409,1281.800000,1438
6410,1282.000000,1936
6411,1282.200000,2311
6412,1282.400000,2455
6413,1282.600000,2363
6414,1282.800000,2053
6415,1283.000000,1556
6416,1283.200000,1018
6417,1283.400000,521
6418,1283.600000,160
6419,1283.800000,1
6420,1284.000000,94
6421,1284.200000,403
6422,1284.400000,872
6423,1284.600000,1438
6424,1284.800000,1936
6425,1285.000000,2297
6426,1285.200000,2453
6427,1285.400000,2363
6428,1285.600000,2053
6429,1285.800000,1585
6430,1286.000000,1048
6431,1286.200000,521
6432,1286.400000,160
6433,1286.600000,4
6434,1286.800000,94
6435,1287.000000,403
6436,1287.200000,872
6437,1287.400000,1408
6438,1287.600000,1936
6439,1287.800000,2297
6440,1288.000000,2453
6441,1288.200000,2374
6442,1288.400000,2053
6443,1288.600000,1585
6444,1288.800000,1048
6445,1289.000000,521
6446,1289.200000,160
6447,1289.400000,4
6448,1289.600000,82
6449,1289.800000,403
6450,1290.000000,872
6451,1290.200000,1408
6452,1290.400000,1936
6453,1290.600000,2297
6454,1290.800000,2453
6455,1291.000000,2374
6456,1291.200000,2053
6457,1291.400000,1585
6458,1291.600000,1048
6459,1291.800000,521
6460,1292.000000,160
6461,1292.200000,4
6462,1292.400000,94
6463,1292.600000,403
6464,1292.800000,872
6465,1293.000000,1408
6466,1293.200000,1936
6467,1293.400000,2297
6468,1293.600000,2453
6469,1293.800000,2363
6470,1294.000000,2053
6471,1294.200000,1585
6472,1294.400000,1018
6473,1294.600000,521
6474,1294.800000,160
6475,1295.000000,1
6476,1295.200000,94
6477,1295.400000,403
6478,1295.600000,872
6479,1295.800000,1438
6480,1296.000000,1936
6481,1296.200000,2297
6482,1296.400000,2455
6483,1296.600000,2363
6484,1296.800000,2053
6485,1297.000000,1556
6486,1297.200000,1018
6487,1297.400000,521
6488,1297.600000,145
6489,1297.800000,1
6490,1298.000000,94
6491,1298.200000,426
6492,1298.400000,901
6493,1298.600000,1438
6494,1298.800000,1960
6495,1299.000000,2311
6496,1299.200000,2455
6497,1299.400000,2351
6498,1299.600000,2031
6499,1299.800000,1556
6500,1300.000000,989
6501,1300.200000,497
6502,1300.400000,145
6503,1300.600000,1
6504,1300.800000,106
6505,1301.000000,426
6506,1301.200000,930
6507,1301.400000,1468
6508,1301.600000,1960
6509,1301.800000,2325
6510,1302.000000,2456
6511,1302.200000,2338
6512,1302.400000,2008
6513,1302.600000,1527
6514,1302.800000,959
6515,1303.000000,473
6516,1303.200000,132
6517,1303.400000,0
6518,1303.600000,118
6519,1303.800000,449
6520,1304.000000,959
6521,1304.200000,1498
6522,1304.400000,1984
6523,1304.600000,2338
6524,1304.800000,2457
6525,1305.000000,2325
6526,1305.200000,1984
6527,1305.400000,1498
6528,1305.600000,930
6529,1305.800000,449
6530,1306.000000,118
6531,1306.200000,1
6532,1306.400000,132
6533,1306.600000,497
6534,1306.800000,989
6535,1307.000000,1527
6536,1307.200000,2031
6537,1307.400000,2351
6538,1307.600000,2456
6539,1307.800000,2311
6540,1308.000000,1960
6541,1308.200000,1438
6542,1308.400000,901
6543,1308.600000,426
6544,1308.800000,94
6545,1309.000000,1
6546,1309.200000,145
6547,1309.400000,521
6548,1309.600000,1018
6549,1309.800000,1585
6550,1310.000000,2053
6551,1310.200000,2363
6552,1310.400000,2453
6553,1310.600000,2297
6554,1310.800000,1911
6555,1311.000000,1408
6556,1311.200000,872
6557,1311.400000,382
6558,1311.600000,82
6559,1311.800000,6
6560,1312.000000,175
6561,1312.200000,546
6562,1312.400000,1078
6563,1312.600000,1614
6564,1312.800000,2097
6565,1313.000000,2385
6566,1313.200000,2451
6567,1313.400000,2266
6568,1313.600000,1885
6569,1313.800000,1349
6570,1314.000000,814
6571,1314.200000,360
6572,1314.400000,62
6573,1314.600000,9
6574,1314.800000,207
6575,1315.000000,597
6576,1315.200000,1138
6577,1315.400000,1671
6578,1315.600000,2118
6579,1315.800000,2404
6580,1316.000000,2443
6581,1316.200000,2233
6582,1316.400000,1834
6583,1316.600000,1319
6584,1316.800000,759
6585,1317.000000,318
6586,1317.200000,45
6587,1317.400000,18
6588,1317.600000,242
6589,1317.800000,649
6590,1318.000000,1168
6591,1318.200000,1726
6592,1318.400000,2158
6593,1318.600000,2420
6594,1318.800000,2433
6595,1319.000000,2197
6596,1319.200000,1780
6597,1319.400000,1228
6598,1319.600000,703
6599,1319.800000,279
6600,1320.000000,30
6601,1320.200000,30
6602,1320.400000,279
6603,1320.600000,703
6604,1320.800000,1258
6605,1321.000000,1780
6606,1321.200000,2215
6607,1321.400000,2433
6608,1321.600000,2420
6609,1321.800000,2158
6610,1322.000000,1726
6611,1322.200000,1168
6612,1322.400000,649
6613,1322.600000,224
6614,1322.800000,18
6615,1323.000000,53
6616,1323.200000,318
6617,1323.400000,786
6618,1323.600000,1319
6619,1323.800000,1834
6620,1324.000000,2250
6621,1324.200000,2443
6622,1324.400000,2395
6623,1324.600000,2118
6624,1324.800000,1642
6625,1325.000000,1108
6626,1325.200000,571
6627,1325.400000,191
6628,1325.600000,6
6629,1325.800000,72
6630,1326.000000,382
6631,1326.200000,843
6632,1326.400000,1408
6633,1326.600000,1911
6634,1326.800000,2282
6635,1327.000000,2453
6636,1327.200000,2374
6637,1327.400000,2053
6638,1327.600000,1585
6639,1327.800000,1018
6640,1328.000000,521
6641,1328.200000,145
6642,1328.400000,1
6643,1328.600000,106
6644,1328.800000,426
6645,1329.000000,930
6646,1329.200000,1468
6647,1329.400000,1984
6648,1329.600000,2325
6649,1329.800000,2457
6650,1330.000000,2338
6651,1330.200000,1984
6652,1330.400000,1498
6653,1330.600000,930
6654,1330.800000,449
6655,1331.000000,106
6656,1331.200000,1
6657,1331.400000,145
6658,1331.600000,497
6659,1331.800000,1018
6660,1332.000000,1556
6661,1332.200000,2053
6662,1332.400000,2363
6663,1332.600000,2453
6664,1332.800000,2297
6665,1333.000000,1911
6666,1333.200000,1408
6667,1333.400000,843
6668,1333.600000,382
6669,1333.800000,72
6670,1334.000000,6
6671,1334.200000,191
6672,1334.400000,571
6673,1334.600000,1108
6674,1334.800000,1642
6675,1335.000000,2118
6676,1335.200000,2395
6677,1335.400000,2443
6678,1335.600000,2250
6679,1335.800000,1834
6680,1336.000000,1288
6681,1336.200000,759
6682,1336.400000,298
6683,1336.600000,45
6684,1336.800000,24
6685,1337.000000,242
6686,1337.200000,676
6687,1337.400000,1198
6688,1337.600000,1753
6689,1337.800000,2178
6690,1338.000000,2427
6691,1338.200000,2427
6692,1338.400000,2178
6693,1338.600000,1753
6694,1338.800000,1198
6695,1339.000000,649
6696,1339.200000,242
6697,1339.400000,18
6698,1339.600000,45
6699,1339.800000,318
6700,1340.000000,759
6701,1340.200000,1319
6702,1340.400000,1834
6703,1340.600000,2250
6704,1340.800000,2443
6705,1341.000000,2395
6706,1341.200000,2097
6707,1341.400000,1642
6708,1341.600000,1078
6709,1341.800000,571
6710,1342.000000,175
6711,1342.200000,6
6712,1342.400000,82
6713,1342.600000,382
6714,1342.800000,872
6715,1343.000000,1438
6716,1343.200000,1936
6717,1343.400000,2311
6718,1343.600000,2455
6719,1343.800000,2351
6720,1344.000000,2031
6721,1344.200000,1527
6722,1344.400000,989
6723,1344.600000,473
6724,1344.800000,118
6725,1345.000000,0
6726,1345.200000,132
6727,1345.400000,473
6728,1345.600000,989
6729,1345.800000,1527
6730,1346.000000,2031
6731,1346.200000,2363
6732,1346.400000,2455
6733,1346.600000,2297
6734,1346.800000,1936
6735,1347.000000,1408
6736,1347.200000,843
6737,1347.400000,382
6738,1347.600000,72
6739,1347.800000,6
6740,1348.000000,191
6741,1348.200000,571
6742,1348.400000,1108
6743,1348.600000,1671
6744,1348.800000,2118
6745,1349.000000,2404
6746,1349.200000,2443
6747,1349.400000,2233
6748,1349.600000,1807
6749,1349.800000,1288
6750,1350.000000,730
6751,1350.200000,298
6752,1350.400000,37
6753,1350.600000,30
6754,1350.800000,260
6755,1351.000000,703
6756,1351.200000,1228
6757,1351.400000,1780
6758,1351.600000,2215
6759,1351.800000,2433
6760,1352.000000,2412
6761,1352.200000,2158
6762,1352.400000,1698
6763,1352.600000,1138
6764,1352.800000,623
6765,1353.000000,207
6766,1353.200000,13
6767,1353.400000,62
6768,1353.600000,360
6769,1353.800000,814
6770,1354.000000,1379
6771,1354.200000,1885
6772,1354.400000,2282
6773,1354.600000,2453
6774,1354.800000,2374
6775,1355.000000,2053
6776,1355.200000,1556
6777,1355.400000,1018
6778,1355.600000,497
6779,1355.800000,145
6780,1356.000000,1
6781,1356.200000,118
6782,1356.400000,449
6783,1356.600000,959
6784,1356.800000,1527
6785,1357.000000,2008
6786,1357.200000,2351
6787,1357.400000,2455
6788,1357.600000,2311
6789,1357.800000,1936
6790,1358.000000,1438
6791,1358.200000,872
6792,1358.400000,382
6793,1358.600000,82
6794,1358.800000,6
6795,1359.000000,191
6796,1359.200000,571
6797,1359.400000,1108
6798,1359.600000,1671
6799,1359.800000,2118
6800,1360.000000,2404
6801,1360.200000,2443
6802,1360.400000,2233
6803,1360.600000,1807
6804,1360.800000,1288
6805,1361.000000,730
6806,1361.200000,279
6807,1361.400000,37
6808,1361.600000,30
6809,1361.800000,279
6810,1362.000000,703
6811,1362.200000,1258
6812,1362.400000,1807
6813,1362.600000,2215
6814,1362.800000,2439
6815,1363.000000,2404
6816,1363.200000,2139
6817,1363.400000,1671
6818,1363.600000,1108
6819,1363.800000,597
6820,1364.000000,191
6821,1364.200000,6
6822,1364.400000,72
6823,1364.600000,382
6824,1364.800000,872
6825,1365.000000,1408
6826,1365.200000,1936
6827,1365.400000,2311
6828,1365.600000,2455
6829,1365.800000,2351
6830,1366.000000,2008
6831,1366.200000,1527
6832,1366.400000,959
6833,1366.600000,449
6834,1366.800000,118
6835,1367.000000,1
6836,1367.200000,145
6837,1367.400000,497
6838,1367.600000,1018
6839,1367.800000,1585
6840,1368.000000,2075
6841,1368.200000,2374
6842,1368.400000,2451
6843,1368.600000,2266
6844,1368.800000,1885
6845,1369.000000,1349
6846,1369.200000,786
6847,1369.400000,339
6848,1369.600000,53
6849,1369.800000,18
6850,1370.000000,224
6851,1370.200000,649
6852,1370.400000,1198
6853,1370.600000,1753
6854,1370.800000,2178
6855,1371.000000,2427
6856,1371.200000,2420
6857,1371.400000,2178
6858,1371.600000,1726
6859,1371.800000,1168
6860,1372.000000,623
6861,1372.200000,224
6862,1372.400000,13
6863,1372.600000,62
6864,1372.800000,339
6865,1373.000000,814
6866,1373.200000,1379
6867,1373.400000,1911
6868,1373.600000,2282
6869,1373.800000,2453
6870,1374.000000,2363
6871,1374.200000,2053
6872,1374.400000,1556
6873,1374.600000,989
6874,1374.800000,473
6875,1375.000000,132
6876,1375.200000,0
6877,1375.400000,132
6878,1375.600000,473
6879,1375.800000,989
6880,1376.000000,1556
6881,1376.200000,2053
6882,1376.400000,2363
6883,1376.600000,2453
6884,1376.800000,2282
6885,1377.000000,1885
6886,1377.200000,1379
6887,1377.400000,814
6888,1377.600000,339
6889,1377.800000,53
6890,1378.000000,13
6891,1378.200000,224
6892,1378.400000,649
6893,1378.600000,1168
6894,1378.800000,1726
6895,1379.000000,2178
6896,1379.200000,2427
6897,1379.400000,2427
6898,1379.600000,2178
6899,1379.800000,1726
6900,1380.000000,1168
6901,1380.200000,649
6902,1380.400000,224
6903,1380.600000,13
6904,1380.800000,62
6905,1381.000000,339
6906,1381.200000,814
6907,1381.400000,1379
6908,1381.600000,1911
6909,1381.800000,2282
6910,1382.000000,2453
6911,1382.200000,2363
6912,1382.400000,2031
6913,1382.600000,1527
6914,1382.800000,989
6915,1383.000000,473
6916,1383.200000,118
6917,1383.400000,1
6918,1383.600000,132
6919,1383.800000,497
6920,1384.000000,1018
6921,1384.200000,1585
6922,1384.400000,2053
6923,1384.600000,2374
6924,1384.800000,2451
6925,1385.000000,2266
6926,1385.200000,1860
6927,1385.400000,1349
6928,1385.600000,786
6929,1385.800000,318
6930,1386.000000,45
6931,1386.200000,18
6932,1386.400000,242
6933,1386.600000,676
6934,1386.800000,1228
6935,1387.000000,1780
6936,1387.200000,2197
6937,1387.400000,2433
6938,1387.600000,2412
6939,1387.800000,2139
6940,1388.000000,1671
6941,1388.200000,1138
6942,1388.400000,597
6943,1388.600000,191
6944,1388.800000,6
6945,1389.000000,72
6946,1389.200000,382
6947,1389.400000,872
6948,1389.600000,1438
6949,1389.800000,1960
6950,1390.000000,2311
6951,1390.200000,2456
6952,1390.400000,2338
6953,1390.600000,1984
6954,1390.800000,1468
6955,1391.000000,930
6956,1391.200000,426
6957,1391.400000,94
6958,1391.600000,4
6959,1391.800000,175
6960,1392.000000,571
6961,1392.200000,1078
6962,1392.400000,1642
6963,1392.600000,2118
6964,1392.800000,2404
6965,1393.000000,2439
6966,1393.200000,2233
6967,1393.400000,1807
6968,1393.600000,1258
6969,1393.800000,703
6970,1394.000000,260
6971,1394.200000,24
6972,1394.400000,37
6973,1394.600000,298
6974,1394.800000,759
6975,1395.000000,1319
6976,1395.200000,1860
6977,1395.400000,2250
6978,1395.600000,2448
6979,1395.800000,2385
6980,1396.000000,2075
6981,1396.200000,1585
6982,1396.400000,1018
6983,1396.600000,521
6984,1396.800000,145
6985,1397.000000,1
6986,1397.200000,118
6987,1397.400000,473
6988,1397.600000,989
6989,1397.800000,1527
6990,1398.000000,2031
6991,1398.200000,2363
6992,1398.400000,2453
6993,1398.600000,2282
6994,1398.800000,1885
6995,1399.000000,1349
6996,1399.200000,814
6997,1399.400000,339
6998,1399.600000,53
6999,1399.800000,18
7000,1400.000000,242
7001,1400.200000,676
7002,1400.400000,1198
7003,1400.600000,1753
7004,1400.800000,2197
7005,1401.000000,2433
7006,1401.200000,2412
7007,1401.400000,2139
7008,1401.600000,1671
7009,1401.800000,1138
7010,1402.000000,597
7011,1402.200000,191
7012,1402.400000,6
7013,1402.600000,82
7014,1402.800000,403
7015,1403.000000,901
7016,1403.200000,1468
7017,1403.400000,1960
7018,1403.600000,2325
7019,1403.800000,2457
7020,1404.000000,2325
7021,1404.200000,1960
7022,1404.400000,1438
7023,1404.600000,872
7024,1404.800000,382
7025,1405.000000,82
7026,1405.200000,6
7027,1405.400000,191
7028,1405.600000,597
7029,1405.800000,1138
7030,1406.000000,1698
7031,1406.200000,2158
7032,1406.400000,2420
7033,1406.600000,2433
7034,1406.800000,2197
7035,1407.000000,1753
7036,1407.200000,1198
7037,1407.400000,649
7038,1407.600000,224
7039,1407.800000,13
7040,1408.000000,62
7041,1408.200000,360
7042,1408.400000,814
7043,1408.600000,1379
7044,1408.800000,1911
7045,1409.000000,2297
7046,1409.200000,2455
7047,1409.400000,2351
7048,1409.600000,2008
7049,1409.800000,1498
7050,1410.000000,930
7051,1410.200000,426
7052,1410.400000,106
7053,1410.600000,1
7054,1410.800000,160
7055,1411.000000,546
7056,1411.200000,1078
7057,1411.400000,1642
7058,1411.600000,2118
7059,1411.800000,2404
7060,1412.000000,2439
7061,1412.200000,2215
7062,1412.400000,1780
7063,1412.600000,1228
7064,1412.800000,703
7065,1413.000000,260
7066,1413.200000,24
7067,1413.400000,45
7068,1413.600000,318
7069,1413.800000,786
7070,1414.000000,1349
7071,1414.200000,1885
7072,1414.400000,2282
7073,1414.600000,2453
7074,1414.800000,2363
7075,1415.000000,2031
7076,1415.200000,1527
7077,1415.400000,989
7078,1415.600000,473
7079,1415.800000,118
7080,1416.000000,1
7081,1416.200000,145
7082,1416.400000,521
7083,1416.600000,1048
7084,1416.800000,1614
7085,1417.000000,2097
7086,1417.200000,2395
7087,1417.400000,2443
7088,1417.600000,2233
7089,1417.800000,1807
7090,1418.000000,1258
7091,1418.200000,703
7092,1418.400000,260
7093,1418.600000,30
7094,1418.800000,37
7095,1419.000000,298
7096,1419.200000,759
7097,1419.400000,1319
7098,1419.600000,1860
7099,1419.800000,2266
7100,1420.000000,2451
7101,1420.200000,2374
7102,1420.400000,2053
7103,1420.600000,1556
7104,1420.800000,989
7105,1421.000000,473
7106,1421.200000,118
7107,1421.400000,1
7108,1421.600000,145
7109,1421.800000,521
7110,1422.000000,1048
7111,1422.200000,1614
7112,1422.400000,2097
7113,1422.600000,2395
7114,1422.800000,2443
7115,1423.000000,2233
7116,1423.200000,1807
7117,1423.400000,1258
7118,1423.600000,730
7119,1423.800000,279
7120,1424.000000,30
7121,1424.200000,37
7122,1424.400000,298
7123,1424.600000,759
7124,1424.800000,1319
7125,1425.000000,1860
7126,1425.200000,2266
7127,1425.400000,2451
7128,1425.600000,2374
7129,1425.800000,2053
7130,1426.000000,1556
7131,1426.200000,989
7132,1426.400000,473
7133,1426.600000,118
7134,1426.800000,1
7135,1427.000000,145
7136,1427.200000,521
7137,1427.400000,1048
7138,1427.600000,1614
7139,1427.800000,2097
7140,1428.000000,2395
7141,1428.200000,2443
7142,1428.400000,2233
7143,1428.600000,1807
7144,1428.800000,1258
7145,1429.000000,703
7146,1429.200000,260
7147,1429.400000,24
7148,1429.600000,45
7149,1429.800000,318
7150,1430.000000,786
7151,1430.200000,1349
7152,1430.400000,1885
7153,1430.600000,2282
7154,1430.800000,2453
7155,1431.000000,2363
7156,1431.200000,2031
7157,1431.400000,1527
7158,1431.600000,959
7159,1431.800000,449
7160,1432.000000,106
7161,1432.200000,1
7162,1432.400000,160
7163,1432.600000,546
7164,1432.800000,1078
7165,1433.000000,1642
7166,1433.200000,2118
7167,1433.400000,2404
7168,1433.600000,2439
7169,1433.800000,2215
7170,1434.000000,1780
7171,1434.200000,1228
7172,1434.400000,649
7173,1434.600000,224
7174,1434.800000,13
7175,1435.000000,62
7176,1435.200000,360
7177,1435.400000,843
7178,1435.600000,1408
7179,1435.800000,1936
7180,1436.000000,2311
7181,1436.200000,2456
7182,1436.400000,2338
7183,1436.600000,1984
7184,1436.800000,1468
7185,1437.000000,901
7186,1437.200000,403
7187,1437.400000,82
7188,1437.600000,6
7189,1437.800000,191
7190,1438.000000,597
7191,1438.200000,1138
7192,1438.400000,1698
7193,1438.600000,2158
7194,1438.800000,2420
7195,1439.000000,2427
7196,1439.200000,2178
7197,1439.400000,1698
7198,1439.600000,1138
7199,1439.800000,597
7200,1440.000000,191
7201,1440.200000,6
7202,1440.400000,82
7203,1440.600000,403
7204,1440.800000,901
7205,1441.000000,1468
7206,1441.200000,1984
7207,1441.400000,2338
7208,1441.600000,2456
7209,1441.800000,2311
7210,1442.000000,1936
7211,1442.200000,1408
7212,1442.400000,843
7213,1442.600000,339
7214,1442.800000,53
7215,1443.000000,18
7216,1443.200000,242
7217,1443.400000,676
7218,1443.600000,1228
7219,1443.800000,1780
7220,1444.000000,2215
7221,1444.200000,2439
7222,1444.400000,2404
7223,1444.600000,2118
7224,1444.800000,1642
7225,1445.000000,1078
7226,1445.200000,521
7227,1445.400000,145
7228,1445.600000,1
7229,1445.800000,118
7230,1446.000000,473
7231,1446.200000,989
7232,1446.400000,1556
7233,1446.600000,2053
7234,1446.800000,2374
7235,1447.000000,2451
7236,1447.200000,2266
7237,1447.400000,1834
7238,1447.600000,1288
7239,1447.800000,730
7240,1448.000000,279
7241,1448.200000,30
7242,1448.400000,37
7243,1448.600000,298
7244,1448.800000,759
7245,1449.000000,1319
7246,1449.200000,1860
7247,1449.400000,2282
7248,1449.600000,2453
7249,1449.800000,2363
7250,1450.000000,2031
7251,1450.200000,1527
7252,1450.400000,959
7253,1450.600000,449
7254,1450.800000,106
7255,1451.000000,1
7256,1451.200000,175
7257,1451.400000,571
7258,1451.600000,1108
7259,1451.800000,1671
7260,1452.000000,2139
7261,1452.200000,2412
7262,1452.400000,2433
7263,1452.600000,2197
7264,1452.800000,1753
7265,1453.000000,1168
7266,1453.200000,623
7267,1453.400000,207
7268,1453.600000,9
7269,1453.800000,72
7270,1454.000000,382
7271,1454.200000,872
7272,1454.400000,1438
7273,1454.600000,1984
7274,1454.800000,2338
7275,1455.000000,2456
7276,1455.200000,2311
7277,1455.400000,1936
7278,1455.600000,1408
7279,1455.800000,843
7280,1456.000000,339
7281,1456.200000,53
7282,1456.400000,18
7283,1456.600000,242
7284,1456.800000,676
7285,1457.000000,1228
7286,1457.200000,1780
7287,1457.400000,2233
7288,1457.600000,2443
7289,1457.800000,2395
7290,1458.000000,2097
7291,1458.200000,1614
7292,1458.400000,1048
7293,1458.600000,521
7294,1458.800000,132
7295,1459.000000,0
7296,1459.200000,132
7297,1459.400000,497
7298,1459.600000,1018
7299,1459.800000,1585
7300,1460.000000,2097
7301,1460.200000,2395
7302,1460.400000,2443
7303,1460.600000,2233
7304,1460.800000,1807
7305,1461.000000,1258
7306,1461.200000,703
7307,1461.400000,242
7308,1461.600000,18
7309,1461.800000,53
7310,1462.000000,339
7311,1462.200000,814
7312,1462.400000,1408
7313,1462.600000,1936
7314,1462.800000,2311
7315,1463.000000,2456
7316,1463.200000,2338
7317,1463.400000,1984
7318,1463.600000,1438
7319,1463.800000,872
7320,1464.000000,382
7321,1464.200000,72
7322,1464.400000,9
7323,1464.600000,207
7324,1464.800000,649
7325,1465.000000,1198
7326,1465.200000,1753
7327,1465.400000,2197
7328,1465.600000,2433
7329,1465.800000,2404
7330,1466.000000,2118
7331,1466.200000,1642
7332,1466.400000,1078
7333,1466.600000,546
7334,1466.800000,145
7335,1467.000000,1
7336,1467.200000,118
7337,1467.400000,473
7338,1467.600000,989
7339,1467.800000,1585
7340,1468.000000,2075
7341,1468.200000,2385
7342,1468.400000,2448
7343,1468.600000,2250
7344,1468.800000,1807
7345,1469.000000,1258
7346,1469.200000,703
7347,1469.400000,260
7348,1469.600000,24
7349,1469.800000,53
7350,1470.000000,339
7351,1470.200000,814
7352,1470.400000,1379
7353,1470.600000,1911
7354,1470.800000,2311
7355,1471.000000,2456
7356,1471.200000,2338
7357,1471.400000,1984
7358,1471.600000,1468
7359,1471.800000,872
7360,1472.000000,382
7361,1472.200000,72
7362,1472.400000,9
7363,1472.600000,224
7364,1472.800000,649
7365,1473.000000,1198
7366,1473.200000,1753
7367,1473.400000,2215
7368,1473.600000,2439
7369,1473.800000,2404
7370,1474.000000,2118
7371,1474.200000,1642
7372,1474.400000,1048
7373,1474.600000,521
7374,1474.800000,145
7375,1475.000000,1
7376,1475.200000,132
7377,1475.400000,497
7378,1475.600000,1018
7379,1475.800000,1585
7380,1476.000000,2097
7381,1476.200000,2395
7382,1476.400000,2443
7383,1476.600000,2233
7384,1476.800000,1780
7385,1477.000000,1228
7386,1477.200000,676
7387,1477.400000,242
7388,1477.600000,13
7389,1477.800000,62
7390,1478.000000,360
7391,1478.200000,843
7392,1478.400000,1438
7393,1478.600000,1960
7394,1478.800000,2325
7395,1479.000000,2457
7396,1479.200000,2311
7397,1479.400000,1936
7398,1479.600000,1408
7399,1479.800000,843
7400,1480.000000,339
7401,1480.200000,53
7402,1480.400000,18
7403,1480.600000,242
7404,1480.800000,703
7405,1481.000000,1258
7406,1481.200000,1807
7407,1481.400000,2233
7408,1481.600000,2448
7409,1481.800000,2385
7410,1482.000000,2075
7411,1482.200000,1556
7412,1482.400000,989
7413,1482.600000,473
7414,1482.800000,118
7415,1483.000000,1
7416,1483.200000,160
7417,1483.400000,546
7418,1483.600000,1078
7419,1483.800000,1671
7420,1484.000000,2139
7421,1484.200000,2412
7422,1484.400000,2427
7423,1484.600000,2178
7424,1484.800000,1726
7425,1485.000000,1168
7426,1485.200000,597
7427,1485.400000,191
7428,1485.600000,6
7429,1485.800000,94
7430,1486.000000,426
7431,1486.200000,930
7432,1486.400000,1498
7433,1486.600000,2031
7434,1486.800000,2363
7435,1487.000000,2453
7436,1487.200000,2266
7437,1487.400000,1860
7438,1487.600000,1319
7439,1487.800000,730
7440,1488.000000,279
7441,1488.200000,30
7442,1488.400000,37
7443,1488.600000,318
7444,1488.800000,786
7445,1489.000000,1349
7446,1489.200000,1911
7447,1489.400000,2297
7448,1489.600000,2455
7449,1489.800000,2338
7450,1490.000000,1984
7451,1490.200000,1468
7452,1490.400000,872
7453,1490.600000,382
7454,1490.800000,72
7455,1491.000000,13
7456,1491.200000,224
7457,1491.400000,649
7458,1491.600000,1198
7459,1491.800000,1780
7460,1492.000000,2215
7461,1492.200000,2439
7462,1492.400000,2395
7463,1492.600000,2097
7464,1492.800000,1614
7465,1493.000000,1018
7466,1493.200000,497
7467,1493.400000,132
7468,1493.600000,1
7469,1493.800000,145
7470,1494.000000,521
7471,1494.200000,1078
7472,1494.400000,1642
7473,1494.600000,2118
7474,1494.800000,2412
7475,1495.000000,2433
7476,1495.200000,2197
7477,1495.400000,1726
7478,1495.600000,1168
7479,1495.800000,623
7480,1496.000000,191
7481,1496.200000,6
7482,1496.400000,82
7483,1496.600000,426
7484,1496.800000,930
7485,1497.000000,1527
7486,1497.200000,2031
7487,1497.400000,2363
7488,1497.600000,2451
7489,1497.800000,2266
7490,1498.000000,1860
7491,1498.200000,1288
7492,1498.400000,730
7493,1498.600000,279
7494,1498.800000,24
7495,1499.000000,45
7496,1499.200000,318
7497,1499.400000,814
7498,1499.600000,1379
7499,1499.800000,1936
7500,1500.000000,2311
7501,1500.200000,2456
7502,1500.400000,2325
7503,1500.600000,1960
7504,1500.800000,1438
7505,1501.000000,843
7506,1501.200000,360
7507,1501.400000,62
7508,1501.600000,18
7509,1501.800000,242
7510,1502.000000,703
7511,1502.200000,1258
7512,1502.400000,1807
7513,1502.600000,2250
7514,1502.800000,2448
7515,1503.000000,2385
7516,1503.200000,2053
7517,1503.400000,1556
7518,1503.600000,959
7519,1503.800000,449
7520,1504.000000,106
7521,1504.200000,4
7522,1504.400000,175
7523,1504.600000,597
7524,1504.800000,1138
7525,1505.000000,1698
7526,1505.200000,2178
7527,1505.400000,2427
7528,1505.600000,2420
7529,1505.800000,2139
7530,1506.000000,1671
7531,1506.200000,1078
7532,1506.400000,546
7533,1506.600000,160
7534,1506.800000,1
7535,1507.000000,118
7536,1507.200000,497
7537,1507.400000,1018
7538,1507.600000,1585
7539,1507.800000,2097
7540,1508.000000,2395
7541,1508.200000,2439
7542,1508.400000,2215
7543,1508.600000,1780
7544,1508.800000,1198
7545,1509.000000,649
7546,1509.200000,207
7547,1509.400000,9
7548,1509.600000,82
7549,1509.800000,403
7550,1510.000000,901
7551,1510.200000,1498
7552,1510.400000,2008
7553,1510.600000,2363
7554,1510.800000,2453
7555,1511.000000,2282
7556,1511.200000,1860
7557,1511.400000,1319
7558,1511.600000,730
7559,1511.800000,279
7560,1512.000000,24
7561,1512.200000,45
7562,1512.400000,318
7563,1512.600000,814
7564,1512.800000,1379
7565,1513.000000,1936
7566,1513.200000,2311
7567,1513.400000,2457
7568,1513.600000,2325
7569,1513.800000,1960
7570,1514.000000,1408
7571,1514.200000,843
7572,1514.400000,339
7573,1514.600000,53
7574,1514.800000,24
7575,1515.000000,260
7576,1515.200000,730
7577,1515.400000,1288
7578,1515.600000,1834
7579,1515.800000,2266
7580,1516.000000,2451
7581,1516.200000,2363
7582,1516.400000,2031
7583,1516.600000,1498
7584,1516.800000,930
7585,1517.000000,403
7586,1517.200000,82
7587,1517.400000,6
7588,1517.600000,207
7589,1517.800000,623
7590,1518.000000,1198
7591,1518.200000,1753
7592,1518.400000,2215
7593,1518.600000,2439
7594,1518.800000,2395
7595,1519.000000,2097
7596,1519.200000,1585
7597,1519.400000,1018
7598,1519.600000,497
7599,1519.800000,118
7600,1520.000000,1
7601,1520.200000,160
7602,1520.400000,546
7603,1520.600000,1108
7604,1520.800000,1671
7605,1521.000000,2158
7606,1521.200000,2420
7607,1521.400000,2420
7608,1521.600000,2158
7609,1521.800000,1671
7610,1522.000000,1108
7611,1522.200000,546
7612,1522.400000,160
7613,1522.600000,1
7614,1522.800000,118
7615,1523.000000,497
7616,1523.200000,1018
7617,1523.400000,1614
7618,1523.600000,2097
7619,1523.800000,2395
7620,1524.000000,2439
7621,1524.200000,2215
7622,1524.400000,1753
7623,1524.600000,1198
7624,1524.800000,623
7625,1525.000000,207
7626,1525.200000,6
7627,1525.400000,82
7628,1525.600000,426
7629,1525.800000,930
7630,1526.000000,1527
7631,1526.200000,2031
7632,1526.400000,2374
7633,1526.600000,2451
7634,1526.800000,2250
7635,1527.000000,1834
7636,1527.200000,1258
7637,1527.400000,703
7638,1527.600000,242
7639,1527.800000,18
7640,1528.000000,62
7641,1528.200000,360
7642,1528.400000,872
7643,1528.600000,1438
7644,1528.800000,1984
7645,1529.000000,2338
7646,1529.200000,2455
7647,1529.400000,2297
7648,1529.600000,1885
7649,1529.800000,1319
7650,1530.000000,759
7651,1530.200000,279
7652,1530.400000,30
7653,1530.600000,45
7654,1530.800000,318
7655,1531.000000,814
7656,1531.200000,1379
7657,1531.400000,1936
7658,1531.600000,2311
7659,1531.800000,2457
7660,1532.000000,2325
7661,1532.200000,1936
7662,1532.400000,1408
7663,1532.600000,814
7664,1532.800000,339
7665,1533.000000,45
7666,1533.200000,24
7667,1533.400000,279
7668,1533.600000,759
7669,1533.800000,1319
7670,1534.000000,1885
7671,1534.200000,2282
7672,1534.400000,2455
7673,1534.600000,2351
7674,1534.800000,1984
7675,1535.000000,1468
7676,1535.200000,872
7677,1535.400000,382
7678,1535.600000,62
7679,1535.800000,13
7680,1536.000000,242
7681,1536.200000,703
7682,1536.400000,1258
7683,1536.600000,1834
7684,1536.800000,2250
7685,1537.000000,2451
7686,1537.200000,2374
7687,1537.400000,2031
7688,1537.600000,1527
7689,1537.800000,930
7690,1538.000000,403
7691,1538.200000,82
7692,1538.400000,9
7693,1538.600000,207
7694,1538.800000,649
7695,1539.000000,1198
7696,1539.200000,1780
7697,1539.400000,2233
7698,1539.600000,2443
7699,1539.800000,2385
7700,1540.000000,2075
7701,1540.200000,1556
7702,1540.400000,989
7703,1540.600000,449
7704,1540.800000,106
7705,1541.000000,4
7706,1541.200000,191
7707,1541.400000,597
7708,1541.600000,1168
7709,1541.800000,1726
7710,1542.000000,2197
7711,1542.200000,2439
7712,1542.400000,2404
7713,1542.600000,2097
7714,1542.800000,1614
7715,1543.000000,1018
7716,1543.200000,497
7717,1543.400000,118
7718,1543.600000,1
7719,1543.800000,160
7720,1544.000000,571
7721,1544.200000,1108
7722,1544.400000,1698
7723,1544.600000,2178
7724,1544.800000,2427
7725,1545.000000,2412
7726,1545.200000,2139
7727,1545.400000,1642
7728,1545.600000,1048
7729,1545.800000,521
7730,1546.000000,132
7731,1546.200000,0
7732,1546.400000,145
7733,1546.600000,546
7734,1546.800000,1078
7735,1547.000000,1671
7736,1547.200000,2139
7737,1547.400000,2420
7738,1547.600000,2420
7739,1547.800000,2158
7740,1548.000000,1671
7741,1548.200000,1108
7742,1548.400000,546
7743,1548.600000,145
7744,1548.800000,1
7745,1549.000000,132
7746,1549.200000,497
7747,1549.400000,1048
7748,1549.600000,1642
7749,1549.800000,2118
7750,1550.000000,2412
7751,1550.200000,2427
7752,1550.400000,2178
7753,1550.600000,1698
7754,1550.800000,1138
7755,1551.000000,571
7756,1551.200000,160
7757,1551.400000,1
7758,1551.600000,118
7759,1551.800000,497
7760,1552.000000,1018
7761,1552.200000,1614
7762,1552.400000,2097
7763,1552.600000,2404
7764,1552.800000,2433
7765,1553.000000,2197
7766,1553.200000,1726
7767,1553.400000,1138
7768,1553.600000,597
7769,1553.800000,175
7770,1554.000000,1
7771,1554.200000,106
7772,1554.400000,473
7773,1554.600000,989
7774,1554.800000,1585
7775,1555.000000,2097
7776,1555.200000,2395
7777,1555.400000,2439
7778,1555.600000,2197
7779,1555.800000,1753
7780,1556.000000,1168
7781,1556.200000,597
7782,1556.400000,191
7783,1556.600000,4
7784,1556.800000,106
7785,1557.000000,449
7786,1557.200000,989
7787,1557.400000,1585
7788,1557.600000,2075
7789,1557.800000,2395
7790,1558.000000,2439
7791,1558.200000,2215
7792,1558.400000,1753
7793,1558.600000,1168
7794,1558.800000,623
7795,1559.000000,191
7796,1559.200000,4
7797,1559.400000,94
7798,1559.600000,449
7799,1559.800000,989
7800,1560.000000,1556
7801,1560.200000,2075
7802,1560.400000,2395
7803,1560.600000,2443
7804,1560.800000,2215
7805,1561.000000,1753
7806,1561.200000,1198
7807,1561.400000,623
7808,1561.600000,191
7809,1561.800000,6
7810,1562.000000,94
7811,1562.200000,449
7812,1562.400000,959
7813,1562.600000,1556
7814,1562.800000,2075
7815,1563.000000,2385
7816,1563.200000,2443
7817,1563.400000,2215
7818,1563.600000,1780
7819,1563.800000,1198
7820,1564.000000,623
7821,1564.200000,191
7822,1564.400000,6
7823,1564.600000,94
7824,1564.800000,449
7825,1565.000000,959
7826,1565.200000,1556
7827,1565.400000,2075
7828,1565.600000,2385
7829,1565.800000,2443
7830,1566.000000,2215
7831,1566.200000,1753
7832,1566.400000,1198
7833,1566.600000,623
7834,1566.800000,191
7835,1567.000000,6
7836,1567.200000,94
7837,1567.400000,449
7838,1567.600000,959
7839,1567.800000,1556
7840,1568.000000,2075
7841,1568.200000,2395
7842,1568.400000,2443
7843,1568.600000,2215
7844,1568.800000,1753
7845,1569.000000,1198
7846,1569.200000,623
7847,1569.400000,191
7848,1569.600000,4
7849,1569.800000,94
7850,1570.000000,449
7851,1570.200000,989
7852,1570.400000,1585
7853,1570.600000,2075
7854,1570.800000,2395
7855,1571.000000,2439
7856,1571.200000,2215
7857,1571.400000,1753
7858,1571.600000,1168
7859,1571.800000,597
7860,1572.000000,191
7861,1572.200000,4
7862,1572.400000,106
7863,1572.600000,473
7864,1572.800000,989
7865,1573.000000,1585
7866,1573.200000,2097
7867,1573.400000,2404
7868,1573.600000,2439
7869,1573.800000,2197
7870,1574.000000,1726
7871,1574.200000,1168
7872,1574.400000,597
7873,1574.600000,175
7874,1574.800000,1
7875,1575.000000,106
7876,1575.200000,473
7877,1575.400000,1018
7878,1575.600000,1614
7879,1575.800000,2097
7880,1576.000000,2404
7881,1576.200000,2433
7882,1576.400000,2178
7883,1576.600000,1726
7884,1576.800000,1138
7885,1577.000000,571
7886,1577.200000,160
7887,1577.400000,1
7888,1577.600000,118
7889,1577.800000,497
7890,1578.000000,1048
7891,1578.200000,1642
7892,1578.400000,2118
7893,1578.600000,2412
7894,1578.800000,2427
7895,1579.000000,2158
7896,1579.200000,1698
7897,1579.400000,1108
7898,1579.600000,546
7899,1579.800000,145
7900,1580.000000,1
7901,1580.200000,132
7902,1580.400000,521
7903,1580.600000,1078
7904,1580.800000,1671
7905,1581.000000,2139
7906,1581.200000,2420
7907,1581.400000,2420
7908,1581.600000,2139
7909,1581.800000,1642
7910,1582.000000,1078
7911,1582.200000,521
7912,1582.400000,132
7913,1582.600000,1
7914,1582.800000,145
7915,1583.000000,546
7916,1583.200000,1108
7917,1583.400000,1698
7918,1583.600000,2178
7919,1583.800000,2427
7920,1584.000000,2412
7921,1584.200000,2118
7922,1584.400000,1614
7923,1584.600000,1018
7924,1584.800000,497
7925,1585.000000,118
7926,1585.200000,1
7927,1585.400000,175
7928,1585.600000,597
7929,1585.800000,1138
7930,1586.000000,1726
7931,1586.200000,2197
7932,1586.400000,2439
7933,1586.600000,2395
7934,1586.800000,2097
7935,1587.000000,1585
7936,1587.200000,989
7937,1587.400000,449
7938,1587.600000,94
7939,1587.800000,4
7940,1588.000000,191
7941,1588.200000,623
7942,1588.400000,1198
7943,1588.600000,1780
7944,1588.800000,2233
7945,1589.000000,2443
7946,1589.200000,2385
7947,1589.400000,2053
7948,1589.600000,1527
7949,1589.800000,930
7950,1590.000000,426
7951,1590.200000,82
7952,1590.400000,9
7953,1590.600000,224
7954,1590.800000,676
7955,1591.000000,1258
7956,1591.200000,1807
7957,1591.400000,2250
7958,1591.600000,2451
7959,1591.800000,2363
7960,1592.000000,2008
7961,1592.200000,1468
7962,1592.400000,901
7963,1592.600000,382
7964,1592.800000,62
7965,1593.000000,18
7966,1593.200000,260
7967,1593.400000,730
7968,1593.600000,1288
7969,1593.800000,1860
7970,1594.000000,2282
7971,1594.200000,2455
7972,1594.400000,2338
7973,1594.600000,1960
7974,1594.800000,1408
7975,1595.000000,843
7976,1595.200000,339
7977,1595.400000,45
7978,1595.600000,30
7979,1595.800000,298
7980,1596.000000,786
7981,1596.200000,1379
7982,1596.400000,1911
7983,1596.600000,2311
7984,1596.800000,2457
7985,1597.000000,2311
7986,1597.200000,1911
7987,1597.400000,1349
7988,1597.600000,759
7989,1597.800000,298
7990,1598.000000,30
7991,1598.200000,45
7992,1598.400000,339
7993,1598.600000,843
7994,1598.800000,1438
7995,1599.000000,1984
7996,1599.200000,2351
7997,1599.400000,2455
7998,1599.600000,2282
7999,1599.800000,1860
8000,1600.000000,1288
8001,1600.200000,703
8002,1600.400000,242
8003,1600.600000,13
8004,1600.800000,72
8005,1601.000000,382
8006,1601.200000,901
8007,1601.400000,1498
8008,1601.600000,2031
8009,1601.800000,2374
8010,1602.000000,2448
8011,1602.200000,2233
8012,1602.400000,1780
8013,1602.600000,1228
8014,1602.800000,649
8015,1603.000000,207
8016,1603.200000,6
8017,1603.400000,94
8018,1603.600000,449
8019,1603.800000,989
8020,1604.000000,1585
8021,1604.200000,2097
8022,1604.400000,2404
8023,1604.600000,2439
8024,1604.800000,2197
8025,1605.000000,1726
8026,1605.200000,1138
8027,1605.400000,571
8028,1605.600000,160
8029,1605.800000,1
8030,1606.000000,132
8031,1606.200000,521
8032,1606.400000,1078
8033,1606.600000,1642
8034,1606.800000,2139
8035,1607.000000,2420
8036,1607.200000,2420
8037,1607.400000,2139
8038,1607.600000,1642
8039,1607.800000,1048
8040,1608.000000,497
8041,1608.200000,118
8042,1608.400000,1
8043,1608.600000,175
8044,1608.800000,597
8045,1609.000000,1138
8046,1609.200000,1726
8047,1609.400000,2197
8048,1609.600000,2439
8049,1609.800000,2395
8050,1610.000000,2075
8051,1610.200000,1556
8052,1610.400000,959
8053,1610.600000,426
8054,1610.800000,82
8055,1611.000000,9
8056,1611.200000,224
8057,1611.400000,676
8058,1611.600000,1258
8059,1611.800000,1807
8060,1612.000000,2250
8061,1612.200000,2451
8062,1612.400000,2363
8063,1612.600000,2008
8064,1612.800000,1468
8065,1613.000000,872
8066,1613.200000,360
8067,1613.400000,53
8068,1613.600000,24
8069,1613.800000,279
8070,1614.000000,759
8071,1614.200000,1349
8072,1614.400000,1911
8073,1614.600000,2311
8074,1614.800000,2457
8075,1615.000000,2311
8076,1615.200000,1911
8077,1615.400000,1349
8078,1615.600000,786
8079,1615.800000,298
8080,1616.000000,30
8081,1616.200000,45
8082,1616.400000,339
8083,1616.600000,843
8084,1616.800000,1438
8085,1617.000000,1984
8086,1617.200000,2351
8087,1617.400000,2453
8088,1617.600000,2266
8089,1617.800000,1834
8090,1618.000000,1258
8091,1618.200000,676
8092,1618.400000,224
8093,1618.600000,9
8094,1618.800000,82
8095,1619.000000,426
8096,1619.200000,959
8097,1619.400000,1556
8098,1619.600000,2075
8099,1619.800000,2395
8100,1620.000000,2439
8101,1620.200000,2197
8102,1620.400000,1726
8103,1620.600000,1138
8104,1620.800000,571
8105,1621.000000,160
8106,1621.200000,1
8107,1621.400000,132
8108,1621.600000,521
8109,1621.800000,1078
8110,1622.000000,1671
8111,1622.200000,2158
8112,1622.400000,2427
8113,1622.600000,2412
8114,1622.800000,2118
8115,1623.000000,1614
8116,1623.200000,1018
8117,1623.400000,473
8118,1623.600000,106
8119,1623.800000,4
8120,1624.000000,191
8121,1624.200000,623
8122,1624.400000,1198
8123,1624.600000,1780
8124,1624.800000,2233
8125,1625.000000,2448
8126,1625.200000,2374
8127,1625.400000,2031
8128,1625.600000,1498
8129,1625.800000,901
8130,1626.000000,382
8131,1626.200000,62
8132,1626.400000,18
8133,1626.600000,260
8134,1626.800000,730
8135,1627.000000,1319
8136,1627.200000,1885
8137,1627.400000,2297
8138,1627.600000,2456
8139,1627.800000,2325
8140,1628.000000,1936
8141,1628.200000,1379
8142,1628.400000,786
8143,1628.600000,298
8144,1628.800000,30
8145,1629.000000,45
8146,1629.200000,339
8147,1629.400000,843
8148,1629.600000,1438
8149,1629.800000,1984
8150,1630.000000,2351
8151,1630.200000,2453
8152,1630.400000,2266
8153,1630.600000,1834
8154,1630.800000,1258
8155,1631.000000,676
8156,1631.200000,224
8157,1631.400000,9
8158,1631.600000,82
8159,1631.800000,426
8160,1632.000000,959
8161,1632.200000,1556
8162,1632.400000,2075
8163,1632.600000,2395
8164,1632.800000,2439
8165,1633.000000,2178
8166,1633.200000,1698
8167,1633.400000,1108
8168,1633.600000,546
8169,1633.800000,145
8170,1634.000000,0
8171,1634.200000,145
8172,1634.400000,546
8173,1634.600000,1108
8174,1634.800000,1698
8175,1635.000000,2178
8176,1635.200000,2433
8177,1635.400000,2404
8178,1635.600000,2097
8179,1635.800000,1585
8180,1636.000000,989
8181,1636.200000,449
8182,1636.400000,94
8183,1636.600000,9
8184,1636.800000,224
8185,1637.000000,676
8186,1637.200000,1258
8187,1637.400000,1834
8188,1637.600000,2266
8189,1637.800000,2453
8190,1638.000000,2351
8191,1638.200000,1984
8192,1638.400000,1438
8193,1638.600000,843
8194,1638.800000,339
8195,1639.000000,45
8196,1639.200000,30
8197,1639.400000,318
8198,1639.600000,814
8199,1639.800000,1408
8200,1640.000000,1960
8201,1640.200000,2338
8202,1640.400000,2455
8203,1640.600000,2282
8204,1640.800000,1860
8205,1641.000000,1288
8206,1641.200000,703
8207,1641.400000,242
8208,1641.600000,13
8209,1641.800000,82
8210,1642.000000,426
8211,1642.200000,959
8212,1642.400000,1556
8213,1642.600000,2075
8214,1642.800000,2395
8215,1643.000000,2439
8216,1643.200000,2197
8217,1643.400000,1726
8218,1643.600000,1138
8219,1643.800000,571
8220,1644.000000,145
8221,1644.200000,0
8222,1644.400000,145
8223,1644.600000,546
8224,1644.800000,1108
8225,1645.000000,1698
8226,1645.200000,2178
8227,1645.400000,2433
8228,1645.600000,2404
8229,1645.800000,2075
8230,1646.000000,1556
8231,1646.200000,959
8232,1646.400000,426
8233,1646.600000,82
8234,1646.800000,9
8235,1647.000000,224
8236,1647.200000,676
8237,1647.400000,1258
8238,1647.600000,1860
8239,1647.800000,2282
8240,1648.000000,2455
8241,1648.200000,2338
8242,1648.400000,1960
8243,1648.600000,1408
8244,1648.800000,814
8245,1649.000000,318
8246,1649.200000,30
8247,1649.400000,45
8248,1649.600000,339
8249,1649.800000,843
8250,1650.000000,1438
8251,1650.200000,1984
8252,1650.400000,2351
8253,1650.600000,2453
8254,1650.800000,2250
8255,1651.000000,1807
8256,1651.200000,1228
8257,1651.400000,649
8258,1651.600000,207
8259,1651.800000,6
8260,1652.000000,94
8261,1652.200000,473
8262,1652.400000,1018
8263,1652.600000,1614
8264,1652.800000,2118
8265,1653.000000,2412
8266,1653.200000,2427
8267,1653.400000,2158
8268,1653.600000,1642
8269,1653.800000,1048
8270,1654.000000,497
8271,1654.200000,118
8272,1654.400000,1
8273,1654.600000,175
8274,1654.800000,623
8275,1655.000000,1198
8276,1655.200000,1780
8277,1655.400000,2233
8278,1655.600000,2448
8279,1655.800000,2374
8280,1656.000000,2008
8281,1656.200000,1468
8282,1656.400000,872
8283,1656.600000,360
8284,1656.800000,53
8285,1657.000000,24
8286,1657.200000,298
8287,1657.400000,786
8288,1657.600000,1379
8289,1657.800000,1936
8290,1658.000000,2325
8291,1658.200000,2456
8292,1658.400000,2282
8293,1658.600000,1860
8294,1658.800000,1288
8295,1659.000000,703
8296,1659.200000,242
8297,1659.400000,13
8298,1659.600000,82
8299,1659.800000,426
8300,1660.000000,959
8301,1660.200000,1556
8302,1660.400000,2075
8303,1660.600000,2404
8304,1660.800000,2433
8305,1661.000000,2178
8306,1661.200000,1698
8307,1661.400000,1108
8308,1661.600000,546
8309,1661.800000,132
8310,1662.000000,1
8311,1662.200000,160
8312,1662.400000,571
8313,1662.600000,1138
8314,1662.800000,1753
8315,1663.000000,2215
8316,1663.200000,2443
8317,1663.400000,2385
8318,1663.600000,2053
8319,1663.800000,1498
8320,1664.000000,901
8321,1664.200000,382
8322,1664.400000,62
8323,1664.600000,18
8324,1664.800000,279
8325,1665.000000,759
8326,1665.200000,1349
8327,1665.400000,1911
8328,1665.600000,2325
8329,1665.800000,2456
8330,1666.000000,2297
8331,1666.200000,1885
8332,1666.400000,1319
8333,1666.600000,703
8334,1666.800000,242
8335,1667.000000,13
8336,1667.200000,72
8337,1667.400000,403
8338,1667.600000,959
8339,1667.800000,1556
8340,1668.000000,2075
8341,1668.200000,2395
8342,1668.400000,2433
8343,1668.600000,2178
8344,1668.800000,1698
8345,1669.000000,1108
8346,1669.200000,546
8347,1669.400000,132
8348,1669.600000,1
8349,1669.800000,160
8350,1670.000000,571
8351,1670.200000,1168
8352,1670.400000,1753
8353,1670.600000,2215
8354,1670.800000,2443
8355,1671.000000,2374
8356,1671.200000,2031
8357,1671.400000,1498
8358,1671.600000,901
8359,1671.800000,360
8360,1672.000000,53
8361,1672.200000,24
8362,1672.400000,279
8363,1672.600000,786
8364,1672.800000,1379
8365,1673.000000,1936
8366,1673.200000,2325
8367,1673.400000,2455
8368,1673.600000,2282
8369,1673.800000,1860
8370,1674.000000,1288
8371,1674.200000,676
8372,1674.400000,224
8373,1674.600000,9
8374,1674.800000,82
8375,1675.000000,449
8376,1675.200000,989
8377,1675.400000,1585
8378,1675.600000,2097
8379,1675.800000,2412
8380,1676.000000,2427
8381,1676.200000,2158
8382,1676.400000,1671
8383,1676.600000,1048
8384,1676.800000,497
8385,1677.000000,118
8386,1677.200000,4
8387,1677.400000,191
8388,1677.600000,623
8389,1677.800000,1198
8390,1678.000000,1807
8391,1678.200000,2250
8392,1678.400000,2451
8393,1678.600000,2363
8394,1678.800000,1984
8395,1679.000000,1438
8396,1679.200000,843
8397,1679.400000,318
8398,1679.600000,37
8399,1679.800000,37
8400,1680.000000,318
8401,1680.200000,843
8402,1680.400000,1438
8403,1680.600000,1984
8404,1680.800000,2363
8405,1681.000000,2451
8406,1681.200000,2250
8407,1681.400000,1807
8408,1681.600000,1198
8409,1681.800000,623
8410,1682.000000,191
8411,1682.200000,1
8412,1682.400000,118
8413,1682.600000,497
8414,1682.800000,1078
8415,1683.000000,1671
8416,1683.200000,2158
8417,1683.400000,2427
8418,1683.600000,2404
8419,1683.800000,2097
8420,1684.000000,1585
8421,1684.200000,959
8422,1684.400000,426
8423,1684.600000,82
8424,1684.800000,13
8425,1685.000000,242
8426,1685.200000,703
8427,1685.400000,1319
8428,1685.600000,1885
8429,1685.800000,2297
8430,1686.000000,2456
8431,1686.200000,2311
8432,1686.400000,1911
8433,1686.600000,1349
8434,1686.800000,730
8435,1687.000000,260
8436,1687.200000,18
8437,1687.400000,72
8438,1687.600000,403
8439,1687.800000,930
8440,1688.000000,1556
8441,1688.200000,2075
8442,1688.400000,2395
8443,1688.600000,2433
8444,1688.800000,2178
8445,1689.000000,1698
8446,1689.200000,1078
8447,1689.400000,521
8448,1689.600000,132
8449,1689.800000,1
8450,1690.000000,175
8451,1690.200000,597
8452,1690.400000,1198
8453,1690.600000,1780
8454,1690.800000,2233
8455,1691.000000,2451
8456,1691.200000,2363
8457,1691.400000,2008
8458,1691.600000,1438
8459,1691.800000,843
8460,1692.000000,339
8461,1692.200000,37
8462,1692.400000,37
8463,1692.600000,318
8464,1692.800000,843
8465,1693.000000,1438
8466,1693.200000,2008
8467,1693.400000,2363
8468,1693.600000,2451
8469,1693.800000,2233
8470,1694.000000,1780
8471,1694.200000,1198
8472,1694.400000,597
8473,1694.600000,175
8474,1694.800000,1
8475,1695.000000,132
8476,1695.200000,521
8477,1695.400000,1078
8478,1695.600000,1698
8479,1695.800000,2178
8480,1696.000000,2439
8481,1696.200000,2395
8482,1696.400000,2075
8483,1696.600000,1527
8484,1696.800000,930
8485,1697.000000,403
8486,1697.200000,62
8487,1697.400000,18
8488,1697.600000,279
8489,1697.800000,759
8490,1698.000000,1349
8491,1698.200000,1936
8492,1698.400000,2325
8493,1698.600000,2456
8494,1698.800000,2282
8495,1699.000000,1860
8496,1699.200000,1258
8497,1699.400000,676
8498,1699.600000,224
8499,1699.800000,6
8500,1700.000000,94
8501,1700.200000,473
8502,1700.400000,1018
8503,1700.600000,1614
8504,1700.800000,2139
8505,1701.000000,2420
8506,1701.200000,2420
8507,1701.400000,2118
8508,1701.600000,1614
8509,1701.800000,989
8510,1702.000000,449
8511,1702.200000,94
8512,1702.400000,9
8513,1702.600000,224
8514,1702.800000,703
8515,1703.000000,1288
8516,1703.200000,1860
8517,1703.400000,2297
8518,1703.600000,2456
8519,1703.800000,2311
8520,1704.000000,1911
8521,1704.200000,1319
8522,1704.400000,730
8523,1704.600000,260
8524,1704.800000,13
8525,1705.000000,72
8526,1705.200000,426
8527,1705.400000,959
8528,1705.600000,1556
8529,1705.800000,2097
8530,1706.000000,2404
8531,1706.200000,2427
8532,1706.400000,2158
8533,1706.600000,1642
8534,1706.800000,1048
8535,1707.000000,497
8536,1707.200000,106
8537,1707.400000,4
8538,1707.600000,207
8539,1707.800000,649
8540,1708.000000,1258
8541,1708.200000,1834
8542,1708.400000,2266
8543,1708.600000,2455
8544,1708.800000,2338
8545,1709.000000,1936
8546,1709.200000,1379
8547,1709.400000,759
8548,1709.600000,279
8549,1709.800000,24
8550,1710.000000,62
8551,1710.200000,382
8552,1710.400000,930
8553,1710.600000,1527
8554,1710.800000,2075
8555,1711.000000,2395
8556,1711.200000,2439
8557,1711.400000,2178
8558,1711.600000,1698
8559,1711.800000,1078
8560,1712.000000,521
8561,1712.200000,118
8562,1712.400000,1
8563,1712.600000,191
8564,1712.800000,623
8565,1713.000000,1228
8566,1713.200000,1807
8567,1713.400000,2250
8568,1713.600000,2453
8569,1713.800000,2351
8570,1714.000000,1960
8571,1714.200000,1408
8572,1714.400000,786
8573,1714.600000,298
8574,1714.800000,24
8575,1715.000000,53
8576,1715.200000,382
8577,1715.400000,901
8578,1715.600000,1527
8579,1715.800000,2053
8580,1716.000000,2385
8581,1716.200000,2439
8582,1716.400000,2197
8583,1716.600000,1698
8584,1716.800000,1108
8585,1717.000000,521
8586,1717.200000,132
8587,1717.400000,1
8588,1717.600000,175
8589,1717.800000,623
