ISO-10303-21;
HEADER;
FILE_DESCRIPTION(('Open CASCADE Model'),'2;1');
FILE_NAME('Open CASCADE Shape Model','2026-09-28T13:59:59',('Author'),(
    'Open CASCADE'),'Open CASCADE STEP processor 7.7','Open CASCADE 7.7'
  ,'Unknown');
FILE_SCHEMA(('AUTOMOTIVE_DESIGN { 1 0 10303 214 1 1 1 1 }'));
ENDSEC;
DATA;
#1 = APPLICATION_PROTOCOL_DEFINITION('international standard',
  'automotive_design',2000,#2);
#2 = APPLICATION_CONTEXT(
  'core data for automotive mechanical design processes');
#3 = SHAPE_DEFINITION_REPRESENTATION(#4,#10);
#4 = PRODUCT_DEFINITION_SHAPE('','',#5);
#5 = PRODUCT_DEFINITION('design','',#6,#9);
#6 = PRODUCT_DEFINITION_FORMATION('','',#7);
#7 = PRODUCT('Open CASCADE STEP translator 7.7 1',
  'Open CASCADE STEP translator 7.7 1','',(#8));
#8 = PRODUCT_CONTEXT('',#2,'mechanical');
#9 = PRODUCT_DEFINITION_CONTEXT('part definition',#2,'design');
#10 = ADVANCED_BREP_SHAPE_REPRESENTATION('',(#11,#15),#2949);
#11 = AXIS2_PLACEMENT_3D('',#12,#13,#14);
#12 = CARTESIAN_POINT('',(0.,0.,0.));
#13 = DIRECTION('',(0.,0.,1.));
#14 = DIRECTION('',(1.,0.,-0.));
#15 = MANIFOLD_SOLID_BREP('',#16);
#16 = CLOSED_SHELL('',(#17,#334,#388,#443,#498,#553,#608,#663,#962,#1017
    ,#1072,#1127,#1131,#1135,#1139,#1143,#1147,#1427,#1503,#1622,#1731,
    #1758,#1834,#1953,#2002,#2089,#2093,#2097,#2151,#2205,#2260,#2315,
    #2370,#2425,#2480,#2535,#2590,#2597,#2624,#2651,#2658,#2685,#2712,
    #2751,#2806,#2810,#2814,#2818,#2822,#2826,#2830,#2834,#2893,#2942));
#17 = ADVANCED_FACE('',(#18,#54,#89,#124,#159,#194,#229,#264,#299),#31,
  .F.);
#18 = FACE_BOUND('',#19,.F.);
#19 = EDGE_LOOP('',(#20));
#20 = ORIENTED_EDGE('',*,*,#21,.T.);
#21 = EDGE_CURVE('',#22,#22,#24,.T.);
#22 = VERTEX_POINT('',#23);
#23 = CARTESIAN_POINT('',(-150.,59.3,0.));
#24 = SURFACE_CURVE('',#25,(#30,#42),.PCURVE_S1.);
#25 = CIRCLE('',#26,59.3);
#26 = AXIS2_PLACEMENT_3D('',#27,#28,#29);
#27 = CARTESIAN_POINT('',(-150.,0.,0.));
#28 = DIRECTION('',(1.,0.,0.));
#29 = DIRECTION('',(-0.,1.,0.));
#30 = PCURVE('',#31,#36);
#31 = PLANE('',#32);
#32 = AXIS2_PLACEMENT_3D('',#33,#34,#35);
#33 = CARTESIAN_POINT('',(-150.,-3.182406126637E-15,4.119626454838E-15)
  );
#34 = DIRECTION('',(1.,0.,0.));
#35 = DIRECTION('',(-0.,0.,1.));
#36 = DEFINITIONAL_REPRESENTATION('',(#37),#41);
#37 = CIRCLE('',#38,59.3);
#38 = AXIS2_PLACEMENT_2D('',#39,#40);
#39 = CARTESIAN_POINT('',(-4.119626454838E-15,-3.182406126637E-15));
#40 = DIRECTION('',(0.,-1.));
#41 = ( GEOMETRIC_REPRESENTATION_CONTEXT(2) 
PARAMETRIC_REPRESENTATION_CONTEXT() REPRESENTATION_CONTEXT('2D SPACE',''
  ) );
#42 = PCURVE('',#43,#48);
#43 = TOROIDAL_SURFACE('',#44,59.3,0.7);
#44 = AXIS2_PLACEMENT_3D('',#45,#46,#47);
#45 = CARTESIAN_POINT('',(-149.3,0.,0.));
#46 = DIRECTION('',(-1.,-0.,-0.));
#47 = DIRECTION('',(-0.,1.,0.));
#48 = DEFINITIONAL_REPRESENTATION('',(#49),#53);
#49 = LINE('',#50,#51);
#50 = CARTESIAN_POINT('',(-0.,1.570796326795));
#51 = VECTOR('',#52,1.);
#52 = DIRECTION('',(-1.,0.));
#53 = ( GEOMETRIC_REPRESENTATION_CONTEXT(2) 
PARAMETRIC_REPRESENTATION_CONTEXT() REPRESENTATION_CONTEXT('2D SPACE',''
  ) );
#54 = FACE_BOUND('',#55,.F.);
#55 = EDGE_LOOP('',(#56));
#56 = ORIENTED_EDGE('',*,*,#57,.T.);
#57 = EDGE_CURVE('',#58,#58,#60,.T.);
#58 = VERTEX_POINT('',#59);
#59 = CARTESIAN_POINT('',(-150.,49.931397208144,-27.5));
#60 = SURFACE_CURVE('',#61,(#66,#77),.PCURVE_S1.);
#61 = CIRCLE('',#62,2.3);
#62 = AXIS2_PLACEMENT_3D('',#63,#64,#65);
#63 = CARTESIAN_POINT('',(-150.,47.631397208144,-27.5));
#64 = DIRECTION('',(-1.,0.,0.));
#65 = DIRECTION('',(0.,1.,0.));
#66 = PCURVE('',#31,#67);
#67 = DEFINITIONAL_REPRESENTATION('',(#68),#76);
#68 = ( BOUNDED_CURVE() B_SPLINE_CURVE(2,(#69,#70,#71,#72,#73,#74,#75),
.UNSPECIFIED.,.T.,.F.) B_SPLINE_CURVE_WITH_KNOTS((1,2,2,2,2,1),(
    -2.094395102393,0.,2.094395102393,4.188790204786,6.28318530718,
8.377580409573),.UNSPECIFIED.) CURVE() GEOMETRIC_REPRESENTATION_ITEM() 
RATIONAL_B_SPLINE_CURVE((1.,0.5,1.,0.5,1.,0.5,1.)) REPRESENTATION_ITEM(
  '') );
#69 = CARTESIAN_POINT('',(-27.5,-49.93139720814));
#70 = CARTESIAN_POINT('',(-31.4837168574,-49.93139720814));
#71 = CARTESIAN_POINT('',(-29.4918584287,-46.48139720814));
#72 = CARTESIAN_POINT('',(-27.5,-43.03139720814));
#73 = CARTESIAN_POINT('',(-25.50814157129,-46.48139720814));
#74 = CARTESIAN_POINT('',(-23.51628314259,-49.93139720814));
#75 = CARTESIAN_POINT('',(-27.5,-49.93139720814));
#76 = ( GEOMETRIC_REPRESENTATION_CONTEXT(2) 
PARAMETRIC_REPRESENTATION_CONTEXT() REPRESENTATION_CONTEXT('2D SPACE',''
  ) );
#77 = PCURVE('',#78,#83);
#78 = CYLINDRICAL_SURFACE('',#79,2.3);
#79 = AXIS2_PLACEMENT_3D('',#80,#81,#82);
#80 = CARTESIAN_POINT('',(-150.2,47.631397208144,-27.5));
#81 = DIRECTION('',(-1.,-0.,-0.));
#82 = DIRECTION('',(0.,1.,0.));
#83 = DEFINITIONAL_REPRESENTATION('',(#84),#88);
#84 = LINE('',#85,#86);
#85 = CARTESIAN_POINT('',(-6.28318530718,-0.2));
#86 = VECTOR('',#87,1.);
#87 = DIRECTION('',(1.,-0.));
#88 = ( GEOMETRIC_REPRESENTATION_CONTEXT(2) 
PARAMETRIC_REPRESENTATION_CONTEXT() REPRESENTATION_CONTEXT('2D SPACE',''
  ) );
#89 = FACE_BOUND('',#90,.F.);
#90 = EDGE_LOOP('',(#91));
#91 = ORIENTED_EDGE('',*,*,#92,.T.);
#92 = EDGE_CURVE('',#93,#93,#95,.T.);
#93 = VERTEX_POINT('',#94);
#94 = CARTESIAN_POINT('',(-150.,57.7,0.));
#95 = SURFACE_CURVE('',#96,(#101,#112),.PCURVE_S1.);
#96 = CIRCLE('',#97,1.7);
#97 = AXIS2_PLACEMENT_3D('',#98,#99,#100);
#98 = CARTESIAN_POINT('',(-150.,56.,0.));
#99 = DIRECTION('',(-1.,0.,0.));
#100 = DIRECTION('',(0.,1.,0.));
#101 = PCURVE('',#31,#102);
#102 = DEFINITIONAL_REPRESENTATION('',(#103),#111);
#103 = ( BOUNDED_CURVE() B_SPLINE_CURVE(2,(#104,#105,#106,#107,#108,#109
,#110),.UNSPECIFIED.,.T.,.F.) B_SPLINE_CURVE_WITH_KNOTS((1,2,2,2,2,1),(
    -2.094395102393,0.,2.094395102393,4.188790204786,6.28318530718,
8.377580409573),.UNSPECIFIED.) CURVE() GEOMETRIC_REPRESENTATION_ITEM() 
RATIONAL_B_SPLINE_CURVE((1.,0.5,1.,0.5,1.,0.5,1.)) REPRESENTATION_ITEM(
  '') );
#104 = CARTESIAN_POINT('',(-4.119626454838E-15,-57.7));
#105 = CARTESIAN_POINT('',(-2.944486372867,-57.7));
#106 = CARTESIAN_POINT('',(-1.472243186434,-55.15));
#107 = CARTESIAN_POINT('',(-4.536006366548E-15,-52.6));
#108 = CARTESIAN_POINT('',(1.472243186434,-55.15));
#109 = CARTESIAN_POINT('',(2.944486372867,-57.7));
#110 = CARTESIAN_POINT('',(-4.119626454838E-15,-57.7));
#111 = ( GEOMETRIC_REPRESENTATION_CONTEXT(2) 
PARAMETRIC_REPRESENTATION_CONTEXT() REPRESENTATION_CONTEXT('2D SPACE',''
  ) );
#112 = PCURVE('',#113,#118);
#113 = CYLINDRICAL_SURFACE('',#114,1.7);
#114 = AXIS2_PLACEMENT_3D('',#115,#116,#117);
#115 = CARTESIAN_POINT('',(-150.1,56.,0.));
#116 = DIRECTION('',(-1.,-0.,-0.));
#117 = DIRECTION('',(0.,1.,0.));
#118 = DEFINITIONAL_REPRESENTATION('',(#119),#123);
#119 = LINE('',#120,#121);
#120 = CARTESIAN_POINT('',(-6.28318530718,-9.999999999999E-02));
#121 = VECTOR('',#122,1.);
#122 = DIRECTION('',(1.,-0.));
#123 = ( GEOMETRIC_REPRESENTATION_CONTEXT(2) 
PARAMETRIC_REPRESENTATION_CONTEXT() REPRESENTATION_CONTEXT('2D SPACE',''
  ) );
#124 = FACE_BOUND('',#125,.F.);
#125 = EDGE_LOOP('',(#126));
#126 = ORIENTED_EDGE('',*,*,#127,.T.);
#127 = EDGE_CURVE('',#128,#128,#130,.T.);
#128 = VERTEX_POINT('',#129);
#129 = CARTESIAN_POINT('',(-150.,49.931397208144,27.5));
#130 = SURFACE_CURVE('',#131,(#136,#147),.PCURVE_S1.);
#131 = CIRCLE('',#132,2.3);
#132 = AXIS2_PLACEMENT_3D('',#133,#134,#135);
#133 = CARTESIAN_POINT('',(-150.,47.631397208144,27.5));
#134 = DIRECTION('',(-1.,0.,0.));
#135 = DIRECTION('',(0.,1.,0.));
#136 = PCURVE('',#31,#137);
#137 = DEFINITIONAL_REPRESENTATION('',(#138),#146);
#138 = ( BOUNDED_CURVE() B_SPLINE_CURVE(2,(#139,#140,#141,#142,#143,#144
,#145),.UNSPECIFIED.,.T.,.F.) B_SPLINE_CURVE_WITH_KNOTS((1,2,2,2,2,1),(
    -2.094395102393,0.,2.094395102393,4.188790204786,6.28318530718,
8.377580409573),.UNSPECIFIED.) CURVE() GEOMETRIC_REPRESENTATION_ITEM() 
RATIONAL_B_SPLINE_CURVE((1.,0.5,1.,0.5,1.,0.5,1.)) REPRESENTATION_ITEM(
  '') );
#139 = CARTESIAN_POINT('',(27.5,-49.93139720814));
#140 = CARTESIAN_POINT('',(23.516283142592,-49.93139720814));
#141 = CARTESIAN_POINT('',(25.508141571296,-46.48139720814));
#142 = CARTESIAN_POINT('',(27.5,-43.03139720814));
#143 = CARTESIAN_POINT('',(29.491858428704,-46.48139720814));
#144 = CARTESIAN_POINT('',(31.483716857408,-49.93139720814));
#145 = CARTESIAN_POINT('',(27.5,-49.93139720814));
#146 = ( GEOMETRIC_REPRESENTATION_CONTEXT(2) 
PARAMETRIC_REPRESENTATION_CONTEXT() REPRESENTATION_CONTEXT('2D SPACE',''
  ) );
#147 = PCURVE('',#148,#153);
#148 = CYLINDRICAL_SURFACE('',#149,2.3);
#149 = AXIS2_PLACEMENT_3D('',#150,#151,#152);
#150 = CARTESIAN_POINT('',(-150.2,47.631397208144,27.5));
#151 = DIRECTION('',(-1.,-0.,-0.));
#152 = DIRECTION('',(0.,1.,0.));
#153 = DEFINITIONAL_REPRESENTATION('',(#154),#158);
#154 = LINE('',#155,#156);
#155 = CARTESIAN_POINT('',(-6.28318530718,-0.2));
#156 = VECTOR('',#157,1.);
#157 = DIRECTION('',(1.,-0.));
#158 = ( GEOMETRIC_REPRESENTATION_CONTEXT(2) 
PARAMETRIC_REPRESENTATION_CONTEXT() REPRESENTATION_CONTEXT('2D SPACE',''
  ) );
#159 = FACE_BOUND('',#160,.F.);
#160 = EDGE_LOOP('',(#161));
#161 = ORIENTED_EDGE('',*,*,#162,.T.);
#162 = EDGE_CURVE('',#163,#163,#165,.T.);
#163 = VERTEX_POINT('',#164);
#164 = CARTESIAN_POINT('',(-150.,2.3,-55.));
#165 = SURFACE_CURVE('',#166,(#171,#182),.PCURVE_S1.);
#166 = CIRCLE('',#167,2.3);
#167 = AXIS2_PLACEMENT_3D('',#168,#169,#170);
#168 = CARTESIAN_POINT('',(-150.,-1.010333609297E-14,-55.));
#169 = DIRECTION('',(-1.,0.,0.));
#170 = DIRECTION('',(0.,1.,0.));
#171 = PCURVE('',#31,#172);
#172 = DEFINITIONAL_REPRESENTATION('',(#173),#181);
#173 = ( BOUNDED_CURVE() B_SPLINE_CURVE(2,(#174,#175,#176,#177,#178,#179
,#180),.UNSPECIFIED.,.T.,.F.) B_SPLINE_CURVE_WITH_KNOTS((1,2,2,2,2,1),(
    -2.094395102393,0.,2.094395102393,4.188790204786,6.28318530718,
8.377580409573),.UNSPECIFIED.) CURVE() GEOMETRIC_REPRESENTATION_ITEM() 
RATIONAL_B_SPLINE_CURVE((1.,0.5,1.,0.5,1.,0.5,1.)) REPRESENTATION_ITEM(
  '') );
#174 = CARTESIAN_POINT('',(-55.,-2.3));
#175 = CARTESIAN_POINT('',(-58.9837168574,-2.3));
#176 = CARTESIAN_POINT('',(-56.9918584287,1.15));
#177 = CARTESIAN_POINT('',(-55.,4.6));
#178 = CARTESIAN_POINT('',(-53.00814157129,1.15));
#179 = CARTESIAN_POINT('',(-51.01628314259,-2.3));
#180 = CARTESIAN_POINT('',(-55.,-2.3));
#181 = ( GEOMETRIC_REPRESENTATION_CONTEXT(2) 
PARAMETRIC_REPRESENTATION_CONTEXT() REPRESENTATION_CONTEXT('2D SPACE',''
  ) );
#182 = PCURVE('',#183,#188);
#183 = CYLINDRICAL_SURFACE('',#184,2.3);
#184 = AXIS2_PLACEMENT_3D('',#185,#186,#187);
#185 = CARTESIAN_POINT('',(-150.2,-1.010333609297E-14,-55.));
#186 = DIRECTION('',(-1.,-0.,-0.));
#187 = DIRECTION('',(0.,1.,0.));
#188 = DEFINITIONAL_REPRESENTATION('',(#189),#193);
#189 = LINE('',#190,#191);
#190 = CARTESIAN_POINT('',(-6.28318530718,-0.2));
#191 = VECTOR('',#192,1.);
#192 = DIRECTION('',(1.,-0.));
#193 = ( GEOMETRIC_REPRESENTATION_CONTEXT(2) 
PARAMETRIC_REPRESENTATION_CONTEXT() REPRESENTATION_CONTEXT('2D SPACE',''
  ) );
#194 = FACE_BOUND('',#195,.F.);
#195 = EDGE_LOOP('',(#196));
#196 = ORIENTED_EDGE('',*,*,#197,.T.);
#197 = EDGE_CURVE('',#198,#198,#200,.T.);
#198 = VERTEX_POINT('',#199);
#199 = CARTESIAN_POINT('',(-150.,-45.33139720814,-27.5));
#200 = SURFACE_CURVE('',#201,(#206,#217),.PCURVE_S1.);
#201 = CIRCLE('',#202,2.3);
#202 = AXIS2_PLACEMENT_3D('',#203,#204,#205);
#203 = CARTESIAN_POINT('',(-150.,-47.63139720814,-27.5));
#204 = DIRECTION('',(-1.,0.,0.));
#205 = DIRECTION('',(0.,1.,0.));
#206 = PCURVE('',#31,#207);
#207 = DEFINITIONAL_REPRESENTATION('',(#208),#216);
#208 = ( BOUNDED_CURVE() B_SPLINE_CURVE(2,(#209,#210,#211,#212,#213,#214
,#215),.UNSPECIFIED.,.T.,.F.) B_SPLINE_CURVE_WITH_KNOTS((1,2,2,2,2,1),(
    -2.094395102393,0.,2.094395102393,4.188790204786,6.28318530718,
8.377580409573),.UNSPECIFIED.) CURVE() GEOMETRIC_REPRESENTATION_ITEM() 
RATIONAL_B_SPLINE_CURVE((1.,0.5,1.,0.5,1.,0.5,1.)) REPRESENTATION_ITEM(
  '') );
#209 = CARTESIAN_POINT('',(-27.5,45.331397208144));
#210 = CARTESIAN_POINT('',(-31.4837168574,45.331397208144));
#211 = CARTESIAN_POINT('',(-29.4918584287,48.781397208144));
#212 = CARTESIAN_POINT('',(-27.5,52.231397208144));
#213 = CARTESIAN_POINT('',(-25.50814157129,48.781397208144));
#214 = CARTESIAN_POINT('',(-23.51628314259,45.331397208144));
#215 = CARTESIAN_POINT('',(-27.5,45.331397208144));
#216 = ( GEOMETRIC_REPRESENTATION_CONTEXT(2) 
PARAMETRIC_REPRESENTATION_CONTEXT() REPRESENTATION_CONTEXT('2D SPACE',''
  ) );
#217 = PCURVE('',#218,#223);
#218 = CYLINDRICAL_SURFACE('',#219,2.3);
#219 = AXIS2_PLACEMENT_3D('',#220,#221,#222);
#220 = CARTESIAN_POINT('',(-150.2,-47.63139720814,-27.5));
#221 = DIRECTION('',(-1.,-0.,-0.));
#222 = DIRECTION('',(0.,1.,0.));
#223 = DEFINITIONAL_REPRESENTATION('',(#224),#228);
#224 = LINE('',#225,#226);
#225 = CARTESIAN_POINT('',(-6.28318530718,-0.2));
#226 = VECTOR('',#227,1.);
#227 = DIRECTION('',(1.,-0.));
#228 = ( GEOMETRIC_REPRESENTATION_CONTEXT(2) 
PARAMETRIC_REPRESENTATION_CONTEXT() REPRESENTATION_CONTEXT('2D SPACE',''
  ) );
#229 = FACE_BOUND('',#230,.F.);
#230 = EDGE_LOOP('',(#231));
#231 = ORIENTED_EDGE('',*,*,#232,.T.);
#232 = EDGE_CURVE('',#233,#233,#235,.T.);
#233 = VERTEX_POINT('',#234);
#234 = CARTESIAN_POINT('',(-150.,51.,0.));
#235 = SURFACE_CURVE('',#236,(#241,#252),.PCURVE_S1.);
#236 = CIRCLE('',#237,51.);
#237 = AXIS2_PLACEMENT_3D('',#238,#239,#240);
#238 = CARTESIAN_POINT('',(-150.,0.,0.));
#239 = DIRECTION('',(-1.,0.,0.));
#240 = DIRECTION('',(0.,1.,0.));
#241 = PCURVE('',#31,#242);
#242 = DEFINITIONAL_REPRESENTATION('',(#243),#251);
#243 = ( BOUNDED_CURVE() B_SPLINE_CURVE(2,(#244,#245,#246,#247,#248,#249
,#250),.UNSPECIFIED.,.T.,.F.) B_SPLINE_CURVE_WITH_KNOTS((1,2,2,2,2,1),(
    -2.094395102393,0.,2.094395102393,4.188790204786,6.28318530718,
8.377580409573),.UNSPECIFIED.) CURVE() GEOMETRIC_REPRESENTATION_ITEM() 
RATIONAL_B_SPLINE_CURVE((1.,0.5,1.,0.5,1.,0.5,1.)) REPRESENTATION_ITEM(
  '') );
#244 = CARTESIAN_POINT('',(-4.119626454838E-15,-51.));
#245 = CARTESIAN_POINT('',(-88.33459118601,-51.));
#246 = CARTESIAN_POINT('',(-44.167295593,25.5));
#247 = CARTESIAN_POINT('',(-1.661102380614E-14,102.));
#248 = CARTESIAN_POINT('',(44.167295593006,25.5));
#249 = CARTESIAN_POINT('',(88.334591186013,-51.));
#250 = CARTESIAN_POINT('',(-4.119626454838E-15,-51.));
#251 = ( GEOMETRIC_REPRESENTATION_CONTEXT(2) 
PARAMETRIC_REPRESENTATION_CONTEXT() REPRESENTATION_CONTEXT('2D SPACE',''
  ) );
#252 = PCURVE('',#253,#258);
#253 = CYLINDRICAL_SURFACE('',#254,51.);
#254 = AXIS2_PLACEMENT_3D('',#255,#256,#257);
#255 = CARTESIAN_POINT('',(-151.,0.,0.));
#256 = DIRECTION('',(-1.,-0.,-0.));
#257 = DIRECTION('',(0.,1.,0.));
#258 = DEFINITIONAL_REPRESENTATION('',(#259),#263);
#259 = LINE('',#260,#261);
#260 = CARTESIAN_POINT('',(-6.28318530718,-1.));
#261 = VECTOR('',#262,1.);
#262 = DIRECTION('',(1.,-0.));
#263 = ( GEOMETRIC_REPRESENTATION_CONTEXT(2) 
PARAMETRIC_REPRESENTATION_CONTEXT() REPRESENTATION_CONTEXT('2D SPACE',''
  ) );
#264 = FACE_BOUND('',#265,.F.);
#265 = EDGE_LOOP('',(#266));
#266 = ORIENTED_EDGE('',*,*,#267,.T.);
#267 = EDGE_CURVE('',#268,#268,#270,.T.);
#268 = VERTEX_POINT('',#269);
#269 = CARTESIAN_POINT('',(-150.,2.3,55.));
#270 = SURFACE_CURVE('',#271,(#276,#287),.PCURVE_S1.);
#271 = CIRCLE('',#272,2.3);
#272 = AXIS2_PLACEMENT_3D('',#273,#274,#275);
#273 = CARTESIAN_POINT('',(-150.,3.367778697655E-15,55.));
#274 = DIRECTION('',(-1.,0.,0.));
#275 = DIRECTION('',(0.,1.,0.));
#276 = PCURVE('',#31,#277);
#277 = DEFINITIONAL_REPRESENTATION('',(#278),#286);
#278 = ( BOUNDED_CURVE() B_SPLINE_CURVE(2,(#279,#280,#281,#282,#283,#284
,#285),.UNSPECIFIED.,.T.,.F.) B_SPLINE_CURVE_WITH_KNOTS((1,2,2,2,2,1),(
    -2.094395102393,0.,2.094395102393,4.188790204786,6.28318530718,
8.377580409573),.UNSPECIFIED.) CURVE() GEOMETRIC_REPRESENTATION_ITEM() 
RATIONAL_B_SPLINE_CURVE((1.,0.5,1.,0.5,1.,0.5,1.)) REPRESENTATION_ITEM(
  '') );
#279 = CARTESIAN_POINT('',(55.,-2.3));
#280 = CARTESIAN_POINT('',(51.016283142592,-2.3));
#281 = CARTESIAN_POINT('',(53.008141571296,1.15));
#282 = CARTESIAN_POINT('',(55.,4.6));
#283 = CARTESIAN_POINT('',(56.991858428704,1.15));
#284 = CARTESIAN_POINT('',(58.983716857408,-2.3));
#285 = CARTESIAN_POINT('',(55.,-2.3));
#286 = ( GEOMETRIC_REPRESENTATION_CONTEXT(2) 
PARAMETRIC_REPRESENTATION_CONTEXT() REPRESENTATION_CONTEXT('2D SPACE',''
  ) );
#287 = PCURVE('',#288,#293);
#288 = CYLINDRICAL_SURFACE('',#289,2.3);
#289 = AXIS2_PLACEMENT_3D('',#290,#291,#292);
#290 = CARTESIAN_POINT('',(-150.2,3.367778697655E-15,55.));
#291 = DIRECTION('',(-1.,-0.,-0.));
#292 = DIRECTION('',(0.,1.,0.));
#293 = DEFINITIONAL_REPRESENTATION('',(#294),#298);
#294 = LINE('',#295,#296);
#295 = CARTESIAN_POINT('',(-6.28318530718,-0.2));
#296 = VECTOR('',#297,1.);
#297 = DIRECTION('',(1.,-0.));
#298 = ( GEOMETRIC_REPRESENTATION_CONTEXT(2) 
PARAMETRIC_REPRESENTATION_CONTEXT() REPRESENTATION_CONTEXT('2D SPACE',''
  ) );
#299 = FACE_BOUND('',#300,.F.);
#300 = EDGE_LOOP('',(#301));
#301 = ORIENTED_EDGE('',*,*,#302,.T.);
#302 = EDGE_CURVE('',#303,#303,#305,.T.);
#303 = VERTEX_POINT('',#304);
#304 = CARTESIAN_POINT('',(-150.,-45.33139720814,27.5));
#305 = SURFACE_CURVE('',#306,(#311,#322),.PCURVE_S1.);
#306 = CIRCLE('',#307,2.3);
#307 = AXIS2_PLACEMENT_3D('',#308,#309,#310);
#308 = CARTESIAN_POINT('',(-150.,-47.63139720814,27.5));
#309 = DIRECTION('',(-1.,0.,0.));
#310 = DIRECTION('',(0.,1.,0.));
#311 = PCURVE('',#31,#312);
#312 = DEFINITIONAL_REPRESENTATION('',(#313),#321);
#313 = ( BOUNDED_CURVE() B_SPLINE_CURVE(2,(#314,#315,#316,#317,#318,#319
,#320),.UNSPECIFIED.,.T.,.F.) B_SPLINE_CURVE_WITH_KNOTS((1,2,2,2,2,1),(
    -2.094395102393,0.,2.094395102393,4.188790204786,6.28318530718,
8.377580409573),.UNSPECIFIED.) CURVE() GEOMETRIC_REPRESENTATION_ITEM() 
RATIONAL_B_SPLINE_CURVE((1.,0.5,1.,0.5,1.,0.5,1.)) REPRESENTATION_ITEM(
  '') );
#314 = CARTESIAN_POINT('',(27.5,45.331397208144));
#315 = CARTESIAN_POINT('',(23.516283142592,45.331397208144));
#316 = CARTESIAN_POINT('',(25.508141571296,48.781397208144));
#317 = CARTESIAN_POINT('',(27.5,52.231397208144));
#318 = CARTESIAN_POINT('',(29.491858428704,48.781397208144));
#319 = CARTESIAN_POINT('',(31.483716857408,45.331397208144));
#320 = CARTESIAN_POINT('',(27.5,45.331397208144));
#321 = ( GEOMETRIC_REPRESENTATION_CONTEXT(2) 
PARAMETRIC_REPRESENTATION_CONTEXT() REPRESENTATION_CONTEXT('2D SPACE',''
  ) );
#322 = PCURVE('',#323,#328);
#323 = CYLINDRICAL_SURFACE('',#324,2.3);
#324 = AXIS2_PLACEMENT_3D('',#325,#326,#327);
#325 = CARTESIAN_POINT('',(-150.2,-47.63139720814,27.5));
#326 = DIRECTION('',(-1.,-0.,-0.));
#327 = DIRECTION('',(0.,1.,0.));
#328 = DEFINITIONAL_REPRESENTATION('',(#329),#333);
#329 = LINE('',#330,#331);
#330 = CARTESIAN_POINT('',(-6.28318530718,-0.2));
#331 = VECTOR('',#332,1.);
#332 = DIRECTION('',(1.,-0.));
#333 = ( GEOMETRIC_REPRESENTATION_CONTEXT(2) 
PARAMETRIC_REPRESENTATION_CONTEXT() REPRESENTATION_CONTEXT('2D SPACE',''
  ) );
#334 = ADVANCED_FACE('',(#335),#43,.T.);
#335 = FACE_BOUND('',#336,.F.);
#336 = EDGE_LOOP('',(#337,#359,#386,#387));
#337 = ORIENTED_EDGE('',*,*,#338,.F.);
#338 = EDGE_CURVE('',#339,#22,#341,.T.);
#339 = VERTEX_POINT('',#340);
#340 = CARTESIAN_POINT('',(-149.3,60.,0.));
#341 = SEAM_CURVE('',#342,(#347,#353),.PCURVE_S1.);
#342 = CIRCLE('',#343,0.7);
#343 = AXIS2_PLACEMENT_3D('',#344,#345,#346);
#344 = CARTESIAN_POINT('',(-149.3,59.3,0.));
#345 = DIRECTION('',(0.,0.,1.));
#346 = DIRECTION('',(-0.,1.,0.));
#347 = PCURVE('',#43,#348);
#348 = DEFINITIONAL_REPRESENTATION('',(#349),#352);
#349 = B_SPLINE_CURVE_WITH_KNOTS('',1,(#350,#351),.UNSPECIFIED.,.F.,.F.,
  (2,2),(0.,1.570796326795),.PIECEWISE_BEZIER_KNOTS.);
#350 = CARTESIAN_POINT('',(0.,0.));
#351 = CARTESIAN_POINT('',(0.,1.570796326795));
#352 = ( GEOMETRIC_REPRESENTATION_CONTEXT(2) 
PARAMETRIC_REPRESENTATION_CONTEXT() REPRESENTATION_CONTEXT('2D SPACE',''
  ) );
#353 = PCURVE('',#43,#354);
#354 = DEFINITIONAL_REPRESENTATION('',(#355),#358);
#355 = B_SPLINE_CURVE_WITH_KNOTS('',1,(#356,#357),.UNSPECIFIED.,.F.,.F.,
  (2,2),(0.,1.570796326795),.PIECEWISE_BEZIER_KNOTS.);
#356 = CARTESIAN_POINT('',(-6.28318530718,0.));
#357 = CARTESIAN_POINT('',(-6.28318530718,1.570796326795));
#358 = ( GEOMETRIC_REPRESENTATION_CONTEXT(2) 
PARAMETRIC_REPRESENTATION_CONTEXT() REPRESENTATION_CONTEXT('2D SPACE',''
  ) );
#359 = ORIENTED_EDGE('',*,*,#360,.F.);
#360 = EDGE_CURVE('',#339,#339,#361,.T.);
#361 = SURFACE_CURVE('',#362,(#367,#374),.PCURVE_S1.);
#362 = CIRCLE('',#363,60.);
#363 = AXIS2_PLACEMENT_3D('',#364,#365,#366);
#364 = CARTESIAN_POINT('',(-149.3,0.,0.));
#365 = DIRECTION('',(1.,0.,0.));
#366 = DIRECTION('',(-0.,1.,0.));
#367 = PCURVE('',#43,#368);
#368 = DEFINITIONAL_REPRESENTATION('',(#369),#373);
#369 = LINE('',#370,#371);
#370 = CARTESIAN_POINT('',(-0.,0.));
#371 = VECTOR('',#372,1.);
#372 = DIRECTION('',(-1.,0.));
#373 = ( GEOMETRIC_REPRESENTATION_CONTEXT(2) 
PARAMETRIC_REPRESENTATION_CONTEXT() REPRESENTATION_CONTEXT('2D SPACE',''
  ) );
#374 = PCURVE('',#375,#380);
#375 = CYLINDRICAL_SURFACE('',#376,60.);
#376 = AXIS2_PLACEMENT_3D('',#377,#378,#379);
#377 = CARTESIAN_POINT('',(-150.,0.,0.));
#378 = DIRECTION('',(-1.,-0.,-0.));
#379 = DIRECTION('',(0.,1.,0.));
#380 = DEFINITIONAL_REPRESENTATION('',(#381),#385);
#381 = LINE('',#382,#383);
#382 = CARTESIAN_POINT('',(-0.,-0.7));
#383 = VECTOR('',#384,1.);
#384 = DIRECTION('',(-1.,0.));
#385 = ( GEOMETRIC_REPRESENTATION_CONTEXT(2) 
PARAMETRIC_REPRESENTATION_CONTEXT() REPRESENTATION_CONTEXT('2D SPACE',''
  ) );
#386 = ORIENTED_EDGE('',*,*,#338,.T.);
#387 = ORIENTED_EDGE('',*,*,#21,.T.);
#388 = ADVANCED_FACE('',(#389),#78,.F.);
#389 = FACE_BOUND('',#390,.T.);
#390 = EDGE_LOOP('',(#391,#392,#415,#442));
#391 = ORIENTED_EDGE('',*,*,#57,.T.);
#392 = ORIENTED_EDGE('',*,*,#393,.T.);
#393 = EDGE_CURVE('',#58,#394,#396,.T.);
#394 = VERTEX_POINT('',#395);
#395 = CARTESIAN_POINT('',(-141.,49.931397208144,-27.5));
#396 = SEAM_CURVE('',#397,(#401,#408),.PCURVE_S1.);
#397 = LINE('',#398,#399);
#398 = CARTESIAN_POINT('',(-150.2,49.931397208144,-27.5));
#399 = VECTOR('',#400,1.);
#400 = DIRECTION('',(1.,0.,0.));
#401 = PCURVE('',#78,#402);
#402 = DEFINITIONAL_REPRESENTATION('',(#403),#407);
#403 = LINE('',#404,#405);
#404 = CARTESIAN_POINT('',(-6.28318530718,0.));
#405 = VECTOR('',#406,1.);
#406 = DIRECTION('',(-0.,-1.));
#407 = ( GEOMETRIC_REPRESENTATION_CONTEXT(2) 
PARAMETRIC_REPRESENTATION_CONTEXT() REPRESENTATION_CONTEXT('2D SPACE',''
  ) );
#408 = PCURVE('',#78,#409);
#409 = DEFINITIONAL_REPRESENTATION('',(#410),#414);
#410 = LINE('',#411,#412);
#411 = CARTESIAN_POINT('',(-0.,0.));
#412 = VECTOR('',#413,1.);
#413 = DIRECTION('',(-0.,-1.));
#414 = ( GEOMETRIC_REPRESENTATION_CONTEXT(2) 
PARAMETRIC_REPRESENTATION_CONTEXT() REPRESENTATION_CONTEXT('2D SPACE',''
  ) );
#415 = ORIENTED_EDGE('',*,*,#416,.T.);
#416 = EDGE_CURVE('',#394,#394,#417,.T.);
#417 = SURFACE_CURVE('',#418,(#423,#430),.PCURVE_S1.);
#418 = CIRCLE('',#419,2.3);
#419 = AXIS2_PLACEMENT_3D('',#420,#421,#422);
#420 = CARTESIAN_POINT('',(-141.,47.631397208144,-27.5));
#421 = DIRECTION('',(1.,0.,0.));
#422 = DIRECTION('',(0.,1.,0.));
#423 = PCURVE('',#78,#424);
#424 = DEFINITIONAL_REPRESENTATION('',(#425),#429);
#425 = LINE('',#426,#427);
#426 = CARTESIAN_POINT('',(-0.,-9.2));
#427 = VECTOR('',#428,1.);
#428 = DIRECTION('',(-1.,0.));
#429 = ( GEOMETRIC_REPRESENTATION_CONTEXT(2) 
PARAMETRIC_REPRESENTATION_CONTEXT() REPRESENTATION_CONTEXT('2D SPACE',''
  ) );
#430 = PCURVE('',#431,#436);
#431 = PLANE('',#432);
#432 = AXIS2_PLACEMENT_3D('',#433,#434,#435);
#433 = CARTESIAN_POINT('',(-141.,47.631397208144,-27.5));
#434 = DIRECTION('',(1.,0.,0.));
#435 = DIRECTION('',(-0.,0.,1.));
#436 = DEFINITIONAL_REPRESENTATION('',(#437),#441);
#437 = CIRCLE('',#438,2.3);
#438 = AXIS2_PLACEMENT_2D('',#439,#440);
#439 = CARTESIAN_POINT('',(3.552713678801E-15,0.));
#440 = DIRECTION('',(0.,-1.));
#441 = ( GEOMETRIC_REPRESENTATION_CONTEXT(2) 
PARAMETRIC_REPRESENTATION_CONTEXT() REPRESENTATION_CONTEXT('2D SPACE',''
  ) );
#442 = ORIENTED_EDGE('',*,*,#393,.F.);
#443 = ADVANCED_FACE('',(#444),#113,.F.);
#444 = FACE_BOUND('',#445,.T.);
#445 = EDGE_LOOP('',(#446,#447,#470,#497));
#446 = ORIENTED_EDGE('',*,*,#92,.T.);
#447 = ORIENTED_EDGE('',*,*,#448,.T.);
#448 = EDGE_CURVE('',#93,#449,#451,.T.);
#449 = VERTEX_POINT('',#450);
#450 = CARTESIAN_POINT('',(-144.9,57.7,0.));
#451 = SEAM_CURVE('',#452,(#456,#463),.PCURVE_S1.);
#452 = LINE('',#453,#454);
#453 = CARTESIAN_POINT('',(-150.1,57.7,0.));
#454 = VECTOR('',#455,1.);
#455 = DIRECTION('',(1.,0.,0.));
#456 = PCURVE('',#113,#457);
#457 = DEFINITIONAL_REPRESENTATION('',(#458),#462);
#458 = LINE('',#459,#460);
#459 = CARTESIAN_POINT('',(-6.28318530718,0.));
#460 = VECTOR('',#461,1.);
#461 = DIRECTION('',(-0.,-1.));
#462 = ( GEOMETRIC_REPRESENTATION_CONTEXT(2) 
PARAMETRIC_REPRESENTATION_CONTEXT() REPRESENTATION_CONTEXT('2D SPACE',''
  ) );
#463 = PCURVE('',#113,#464);
#464 = DEFINITIONAL_REPRESENTATION('',(#465),#469);
#465 = LINE('',#466,#467);
#466 = CARTESIAN_POINT('',(-0.,0.));
#467 = VECTOR('',#468,1.);
#468 = DIRECTION('',(-0.,-1.));
#469 = ( GEOMETRIC_REPRESENTATION_CONTEXT(2) 
PARAMETRIC_REPRESENTATION_CONTEXT() REPRESENTATION_CONTEXT('2D SPACE',''
  ) );
#470 = ORIENTED_EDGE('',*,*,#471,.T.);
#471 = EDGE_CURVE('',#449,#449,#472,.T.);
#472 = SURFACE_CURVE('',#473,(#478,#485),.PCURVE_S1.);
#473 = CIRCLE('',#474,1.7);
#474 = AXIS2_PLACEMENT_3D('',#475,#476,#477);
#475 = CARTESIAN_POINT('',(-144.9,56.,0.));
#476 = DIRECTION('',(1.,0.,0.));
#477 = DIRECTION('',(0.,1.,0.));
#478 = PCURVE('',#113,#479);
#479 = DEFINITIONAL_REPRESENTATION('',(#480),#484);
#480 = LINE('',#481,#482);
#481 = CARTESIAN_POINT('',(-0.,-5.2));
#482 = VECTOR('',#483,1.);
#483 = DIRECTION('',(-1.,0.));
#484 = ( GEOMETRIC_REPRESENTATION_CONTEXT(2) 
PARAMETRIC_REPRESENTATION_CONTEXT() REPRESENTATION_CONTEXT('2D SPACE',''
  ) );
#485 = PCURVE('',#486,#491);
#486 = PLANE('',#487);
#487 = AXIS2_PLACEMENT_3D('',#488,#489,#490);
#488 = CARTESIAN_POINT('',(-144.9,56.,1.316974851865E-16));
#489 = DIRECTION('',(1.,0.,0.));
#490 = DIRECTION('',(-0.,0.,1.));
#491 = DEFINITIONAL_REPRESENTATION('',(#492),#496);
#492 = CIRCLE('',#493,1.7);
#493 = AXIS2_PLACEMENT_2D('',#494,#495);
#494 = CARTESIAN_POINT('',(-1.316974851865E-16,0.));
#495 = DIRECTION('',(0.,-1.));
#496 = ( GEOMETRIC_REPRESENTATION_CONTEXT(2) 
PARAMETRIC_REPRESENTATION_CONTEXT() REPRESENTATION_CONTEXT('2D SPACE',''
  ) );
#497 = ORIENTED_EDGE('',*,*,#448,.F.);
#498 = ADVANCED_FACE('',(#499),#148,.F.);
#499 = FACE_BOUND('',#500,.T.);
#500 = EDGE_LOOP('',(#501,#502,#525,#552));
#501 = ORIENTED_EDGE('',*,*,#127,.T.);
#502 = ORIENTED_EDGE('',*,*,#503,.T.);
#503 = EDGE_CURVE('',#128,#504,#506,.T.);
#504 = VERTEX_POINT('',#505);
#505 = CARTESIAN_POINT('',(-141.,49.931397208144,27.5));
#506 = SEAM_CURVE('',#507,(#511,#518),.PCURVE_S1.);
#507 = LINE('',#508,#509);
#508 = CARTESIAN_POINT('',(-150.2,49.931397208144,27.5));
#509 = VECTOR('',#510,1.);
#510 = DIRECTION('',(1.,0.,0.));
#511 = PCURVE('',#148,#512);
#512 = DEFINITIONAL_REPRESENTATION('',(#513),#517);
#513 = LINE('',#514,#515);
#514 = CARTESIAN_POINT('',(-6.28318530718,0.));
#515 = VECTOR('',#516,1.);
#516 = DIRECTION('',(-0.,-1.));
#517 = ( GEOMETRIC_REPRESENTATION_CONTEXT(2) 
PARAMETRIC_REPRESENTATION_CONTEXT() REPRESENTATION_CONTEXT('2D SPACE',''
  ) );
#518 = PCURVE('',#148,#519);
#519 = DEFINITIONAL_REPRESENTATION('',(#520),#524);
#520 = LINE('',#521,#522);
#521 = CARTESIAN_POINT('',(-0.,0.));
#522 = VECTOR('',#523,1.);
#523 = DIRECTION('',(-0.,-1.));
#524 = ( GEOMETRIC_REPRESENTATION_CONTEXT(2) 
PARAMETRIC_REPRESENTATION_CONTEXT() REPRESENTATION_CONTEXT('2D SPACE',''
  ) );
#525 = ORIENTED_EDGE('',*,*,#526,.T.);
#526 = EDGE_CURVE('',#504,#504,#527,.T.);
#527 = SURFACE_CURVE('',#528,(#533,#540),.PCURVE_S1.);
#528 = CIRCLE('',#529,2.3);
#529 = AXIS2_PLACEMENT_3D('',#530,#531,#532);
#530 = CARTESIAN_POINT('',(-141.,47.631397208144,27.5));
#531 = DIRECTION('',(1.,0.,0.));
#532 = DIRECTION('',(0.,1.,0.));
#533 = PCURVE('',#148,#534);
#534 = DEFINITIONAL_REPRESENTATION('',(#535),#539);
#535 = LINE('',#536,#537);
#536 = CARTESIAN_POINT('',(-0.,-9.2));
#537 = VECTOR('',#538,1.);
#538 = DIRECTION('',(-1.,0.));
#539 = ( GEOMETRIC_REPRESENTATION_CONTEXT(2) 
PARAMETRIC_REPRESENTATION_CONTEXT() REPRESENTATION_CONTEXT('2D SPACE',''
  ) );
#540 = PCURVE('',#541,#546);
#541 = PLANE('',#542);
#542 = AXIS2_PLACEMENT_3D('',#543,#544,#545);
#543 = CARTESIAN_POINT('',(-141.,47.631397208144,27.5));
#544 = DIRECTION('',(1.,0.,0.));
#545 = DIRECTION('',(-0.,0.,1.));
#546 = DEFINITIONAL_REPRESENTATION('',(#547),#551);
#547 = CIRCLE('',#548,2.3);
#548 = AXIS2_PLACEMENT_2D('',#549,#550);
#549 = CARTESIAN_POINT('',(-7.105427357601E-15,0.));
#550 = DIRECTION('',(0.,-1.));
#551 = ( GEOMETRIC_REPRESENTATION_CONTEXT(2) 
PARAMETRIC_REPRESENTATION_CONTEXT() REPRESENTATION_CONTEXT('2D SPACE',''
  ) );
#552 = ORIENTED_EDGE('',*,*,#503,.F.);
#553 = ADVANCED_FACE('',(#554),#183,.F.);
#554 = FACE_BOUND('',#555,.T.);
#555 = EDGE_LOOP('',(#556,#557,#580,#607));
#556 = ORIENTED_EDGE('',*,*,#162,.T.);
#557 = ORIENTED_EDGE('',*,*,#558,.T.);
#558 = EDGE_CURVE('',#163,#559,#561,.T.);
#559 = VERTEX_POINT('',#560);
#560 = CARTESIAN_POINT('',(-141.,2.3,-55.));
#561 = SEAM_CURVE('',#562,(#566,#573),.PCURVE_S1.);
#562 = LINE('',#563,#564);
#563 = CARTESIAN_POINT('',(-150.2,2.3,-55.));
#564 = VECTOR('',#565,1.);
#565 = DIRECTION('',(1.,0.,0.));
#566 = PCURVE('',#183,#567);
#567 = DEFINITIONAL_REPRESENTATION('',(#568),#572);
#568 = LINE('',#569,#570);
#569 = CARTESIAN_POINT('',(-6.28318530718,0.));
#570 = VECTOR('',#571,1.);
#571 = DIRECTION('',(-0.,-1.));
#572 = ( GEOMETRIC_REPRESENTATION_CONTEXT(2) 
PARAMETRIC_REPRESENTATION_CONTEXT() REPRESENTATION_CONTEXT('2D SPACE',''
  ) );
#573 = PCURVE('',#183,#574);
#574 = DEFINITIONAL_REPRESENTATION('',(#575),#579);
#575 = LINE('',#576,#577);
#576 = CARTESIAN_POINT('',(-0.,0.));
#577 = VECTOR('',#578,1.);
#578 = DIRECTION('',(-0.,-1.));
#579 = ( GEOMETRIC_REPRESENTATION_CONTEXT(2) 
PARAMETRIC_REPRESENTATION_CONTEXT() REPRESENTATION_CONTEXT('2D SPACE',''
  ) );
#580 = ORIENTED_EDGE('',*,*,#581,.T.);
#581 = EDGE_CURVE('',#559,#559,#582,.T.);
#582 = SURFACE_CURVE('',#583,(#588,#595),.PCURVE_S1.);
#583 = CIRCLE('',#584,2.3);
#584 = AXIS2_PLACEMENT_3D('',#585,#586,#587);
#585 = CARTESIAN_POINT('',(-141.,-1.010333609297E-14,-55.));
#586 = DIRECTION('',(1.,0.,0.));
#587 = DIRECTION('',(0.,1.,0.));
#588 = PCURVE('',#183,#589);
#589 = DEFINITIONAL_REPRESENTATION('',(#590),#594);
#590 = LINE('',#591,#592);
#591 = CARTESIAN_POINT('',(-0.,-9.2));
#592 = VECTOR('',#593,1.);
#593 = DIRECTION('',(-1.,0.));
#594 = ( GEOMETRIC_REPRESENTATION_CONTEXT(2) 
PARAMETRIC_REPRESENTATION_CONTEXT() REPRESENTATION_CONTEXT('2D SPACE',''
  ) );
#595 = PCURVE('',#596,#601);
#596 = PLANE('',#597);
#597 = AXIS2_PLACEMENT_3D('',#598,#599,#600);
#598 = CARTESIAN_POINT('',(-141.,-1.047875318957E-14,-55.));
#599 = DIRECTION('',(1.,0.,0.));
#600 = DIRECTION('',(-0.,0.,1.));
#601 = DEFINITIONAL_REPRESENTATION('',(#602),#606);
#602 = CIRCLE('',#603,2.3);
#603 = AXIS2_PLACEMENT_2D('',#604,#605);
#604 = CARTESIAN_POINT('',(-7.105427357601E-15,-3.754170966027E-16));
#605 = DIRECTION('',(0.,-1.));
#606 = ( GEOMETRIC_REPRESENTATION_CONTEXT(2) 
PARAMETRIC_REPRESENTATION_CONTEXT() REPRESENTATION_CONTEXT('2D SPACE',''
  ) );
#607 = ORIENTED_EDGE('',*,*,#558,.F.);
#608 = ADVANCED_FACE('',(#609),#218,.F.);
#609 = FACE_BOUND('',#610,.T.);
#610 = EDGE_LOOP('',(#611,#612,#635,#662));
#611 = ORIENTED_EDGE('',*,*,#197,.T.);
#612 = ORIENTED_EDGE('',*,*,#613,.T.);
#613 = EDGE_CURVE('',#198,#614,#616,.T.);
#614 = VERTEX_POINT('',#615);
#615 = CARTESIAN_POINT('',(-141.,-45.33139720814,-27.5));
#616 = SEAM_CURVE('',#617,(#621,#628),.PCURVE_S1.);
#617 = LINE('',#618,#619);
#618 = CARTESIAN_POINT('',(-150.2,-45.33139720814,-27.5));
#619 = VECTOR('',#620,1.);
#620 = DIRECTION('',(1.,0.,0.));
#621 = PCURVE('',#218,#622);
#622 = DEFINITIONAL_REPRESENTATION('',(#623),#627);
#623 = LINE('',#624,#625);
#624 = CARTESIAN_POINT('',(-6.28318530718,0.));
#625 = VECTOR('',#626,1.);
#626 = DIRECTION('',(-0.,-1.));
#627 = ( GEOMETRIC_REPRESENTATION_CONTEXT(2) 
PARAMETRIC_REPRESENTATION_CONTEXT() REPRESENTATION_CONTEXT('2D SPACE',''
  ) );
#628 = PCURVE('',#218,#629);
#629 = DEFINITIONAL_REPRESENTATION('',(#630),#634);
#630 = LINE('',#631,#632);
#631 = CARTESIAN_POINT('',(-0.,0.));
#632 = VECTOR('',#633,1.);
#633 = DIRECTION('',(-0.,-1.));
#634 = ( GEOMETRIC_REPRESENTATION_CONTEXT(2) 
PARAMETRIC_REPRESENTATION_CONTEXT() REPRESENTATION_CONTEXT('2D SPACE',''
  ) );
#635 = ORIENTED_EDGE('',*,*,#636,.T.);
#636 = EDGE_CURVE('',#614,#614,#637,.T.);
#637 = SURFACE_CURVE('',#638,(#643,#650),.PCURVE_S1.);
#638 = CIRCLE('',#639,2.3);
#639 = AXIS2_PLACEMENT_3D('',#640,#641,#642);
#640 = CARTESIAN_POINT('',(-141.,-47.63139720814,-27.5));
#641 = DIRECTION('',(1.,0.,0.));
#642 = DIRECTION('',(0.,1.,0.));
#643 = PCURVE('',#218,#644);
#644 = DEFINITIONAL_REPRESENTATION('',(#645),#649);
#645 = LINE('',#646,#647);
#646 = CARTESIAN_POINT('',(-0.,-9.2));
#647 = VECTOR('',#648,1.);
#648 = DIRECTION('',(-1.,0.));
#649 = ( GEOMETRIC_REPRESENTATION_CONTEXT(2) 
PARAMETRIC_REPRESENTATION_CONTEXT() REPRESENTATION_CONTEXT('2D SPACE',''
  ) );
#650 = PCURVE('',#651,#656);
#651 = PLANE('',#652);
#652 = AXIS2_PLACEMENT_3D('',#653,#654,#655);
#653 = CARTESIAN_POINT('',(-141.,-47.63139720814,-27.5));
#654 = DIRECTION('',(1.,0.,0.));
#655 = DIRECTION('',(-0.,0.,1.));
#656 = DEFINITIONAL_REPRESENTATION('',(#657),#661);
#657 = CIRCLE('',#658,2.3);
#658 = AXIS2_PLACEMENT_2D('',#659,#660);
#659 = CARTESIAN_POINT('',(7.105427357601E-15,0.));
#660 = DIRECTION('',(0.,-1.));
#661 = ( GEOMETRIC_REPRESENTATION_CONTEXT(2) 
PARAMETRIC_REPRESENTATION_CONTEXT() REPRESENTATION_CONTEXT('2D SPACE',''
  ) );
#662 = ORIENTED_EDGE('',*,*,#613,.F.);
#663 = ADVANCED_FACE('',(#664,#722,#842),#253,.F.);
#664 = FACE_BOUND('',#665,.T.);
#665 = EDGE_LOOP('',(#666,#667,#690,#721));
#666 = ORIENTED_EDGE('',*,*,#232,.T.);
#667 = ORIENTED_EDGE('',*,*,#668,.T.);
#668 = EDGE_CURVE('',#233,#669,#671,.T.);
#669 = VERTEX_POINT('',#670);
#670 = CARTESIAN_POINT('',(150.,51.,0.));
#671 = SEAM_CURVE('',#672,(#676,#683),.PCURVE_S1.);
#672 = LINE('',#673,#674);
#673 = CARTESIAN_POINT('',(-150.,51.,0.));
#674 = VECTOR('',#675,1.);
#675 = DIRECTION('',(1.,0.,0.));
#676 = PCURVE('',#253,#677);
#677 = DEFINITIONAL_REPRESENTATION('',(#678),#682);
#678 = LINE('',#679,#680);
#679 = CARTESIAN_POINT('',(-6.28318530718,-1.));
#680 = VECTOR('',#681,1.);
#681 = DIRECTION('',(-0.,-1.));
#682 = ( GEOMETRIC_REPRESENTATION_CONTEXT(2) 
PARAMETRIC_REPRESENTATION_CONTEXT() REPRESENTATION_CONTEXT('2D SPACE',''
  ) );
#683 = PCURVE('',#253,#684);
#684 = DEFINITIONAL_REPRESENTATION('',(#685),#689);
#685 = LINE('',#686,#687);
#686 = CARTESIAN_POINT('',(-0.,-1.));
#687 = VECTOR('',#688,1.);
#688 = DIRECTION('',(-0.,-1.));
#689 = ( GEOMETRIC_REPRESENTATION_CONTEXT(2) 
PARAMETRIC_REPRESENTATION_CONTEXT() REPRESENTATION_CONTEXT('2D SPACE',''
  ) );
#690 = ORIENTED_EDGE('',*,*,#691,.F.);
#691 = EDGE_CURVE('',#669,#669,#692,.T.);
#692 = SURFACE_CURVE('',#693,(#698,#705),.PCURVE_S1.);
#693 = CIRCLE('',#694,51.);
#694 = AXIS2_PLACEMENT_3D('',#695,#696,#697);
#695 = CARTESIAN_POINT('',(150.,0.,0.));
#696 = DIRECTION('',(-1.,0.,0.));
#697 = DIRECTION('',(0.,1.,0.));
#698 = PCURVE('',#253,#699);
#699 = DEFINITIONAL_REPRESENTATION('',(#700),#704);
#700 = LINE('',#701,#702);
#701 = CARTESIAN_POINT('',(-6.28318530718,-301.));
#702 = VECTOR('',#703,1.);
#703 = DIRECTION('',(1.,-0.));
#704 = ( GEOMETRIC_REPRESENTATION_CONTEXT(2) 
PARAMETRIC_REPRESENTATION_CONTEXT() REPRESENTATION_CONTEXT('2D SPACE',''
  ) );
#705 = PCURVE('',#706,#711);
#706 = PLANE('',#707);
#707 = AXIS2_PLACEMENT_3D('',#708,#709,#710);
#708 = CARTESIAN_POINT('',(150.,-3.182406126637E-15,4.119626454838E-15)
  );
#709 = DIRECTION('',(1.,0.,0.));
#710 = DIRECTION('',(-0.,0.,1.));
#711 = DEFINITIONAL_REPRESENTATION('',(#712),#720);
#712 = ( BOUNDED_CURVE() B_SPLINE_CURVE(2,(#713,#714,#715,#716,#717,#718
,#719),.UNSPECIFIED.,.T.,.F.) B_SPLINE_CURVE_WITH_KNOTS((1,2,2,2,2,1),(
    -2.094395102393,0.,2.094395102393,4.188790204786,6.28318530718,
8.377580409573),.UNSPECIFIED.) CURVE() GEOMETRIC_REPRESENTATION_ITEM() 
RATIONAL_B_SPLINE_CURVE((1.,0.5,1.,0.5,1.,0.5,1.)) REPRESENTATION_ITEM(
  '') );
#713 = CARTESIAN_POINT('',(-4.119626454838E-15,-51.));
#714 = CARTESIAN_POINT('',(-88.33459118601,-51.));
#715 = CARTESIAN_POINT('',(-44.167295593,25.5));
#716 = CARTESIAN_POINT('',(-1.661102380614E-14,102.));
#717 = CARTESIAN_POINT('',(44.167295593006,25.5));
#718 = CARTESIAN_POINT('',(88.334591186013,-51.));
#719 = CARTESIAN_POINT('',(-4.119626454838E-15,-51.));
#720 = ( GEOMETRIC_REPRESENTATION_CONTEXT(2) 
PARAMETRIC_REPRESENTATION_CONTEXT() REPRESENTATION_CONTEXT('2D SPACE',''
  ) );
#721 = ORIENTED_EDGE('',*,*,#668,.F.);
#722 = FACE_BOUND('',#723,.T.);
#723 = EDGE_LOOP('',(#724,#759,#785,#818));
#724 = ORIENTED_EDGE('',*,*,#725,.F.);
#725 = EDGE_CURVE('',#726,#728,#730,.T.);
#726 = VERTEX_POINT('',#727);
#727 = CARTESIAN_POINT('',(-134.,-45.,-24.));
#728 = VERTEX_POINT('',#729);
#729 = CARTESIAN_POINT('',(-134.,-46.91481642296,-20.));
#730 = SURFACE_CURVE('',#731,(#736,#743),.PCURVE_S1.);
#731 = CIRCLE('',#732,51.);
#732 = AXIS2_PLACEMENT_3D('',#733,#734,#735);
#733 = CARTESIAN_POINT('',(-134.,0.,0.));
#734 = DIRECTION('',(-1.,0.,0.));
#735 = DIRECTION('',(0.,1.,0.));
#736 = PCURVE('',#253,#737);
#737 = DEFINITIONAL_REPRESENTATION('',(#738),#742);
#738 = LINE('',#739,#740);
#739 = CARTESIAN_POINT('',(-6.28318530718,-17.));
#740 = VECTOR('',#741,1.);
#741 = DIRECTION('',(1.,-0.));
#742 = ( GEOMETRIC_REPRESENTATION_CONTEXT(2) 
PARAMETRIC_REPRESENTATION_CONTEXT() REPRESENTATION_CONTEXT('2D SPACE',''
  ) );
#743 = PCURVE('',#744,#749);
#744 = PLANE('',#745);
#745 = AXIS2_PLACEMENT_3D('',#746,#747,#748);
#746 = CARTESIAN_POINT('',(-134.,-47.5,-24.));
#747 = DIRECTION('',(1.,0.,0.));
#748 = DIRECTION('',(0.,0.,1.));
#749 = DEFINITIONAL_REPRESENTATION('',(#750),#758);
#750 = ( BOUNDED_CURVE() B_SPLINE_CURVE(2,(#751,#752,#753,#754,#755,#756
,#757),.UNSPECIFIED.,.T.,.F.) B_SPLINE_CURVE_WITH_KNOTS((1,2,2,2,2,1),(
    -2.094395102393,0.,2.094395102393,4.188790204786,6.28318530718,
8.377580409573),.UNSPECIFIED.) CURVE() GEOMETRIC_REPRESENTATION_ITEM() 
RATIONAL_B_SPLINE_CURVE((1.,0.5,1.,0.5,1.,0.5,1.)) REPRESENTATION_ITEM(
  '') );
#751 = CARTESIAN_POINT('',(24.,-98.5));
#752 = CARTESIAN_POINT('',(-64.33459118601,-98.5));
#753 = CARTESIAN_POINT('',(-20.167295593,-22.));
#754 = CARTESIAN_POINT('',(24.,54.5));
#755 = CARTESIAN_POINT('',(68.167295593006,-22.));
#756 = CARTESIAN_POINT('',(112.33459118601,-98.5));
#757 = CARTESIAN_POINT('',(24.,-98.5));
#758 = ( GEOMETRIC_REPRESENTATION_CONTEXT(2) 
PARAMETRIC_REPRESENTATION_CONTEXT() REPRESENTATION_CONTEXT('2D SPACE',''
  ) );
#759 = ORIENTED_EDGE('',*,*,#760,.F.);
#760 = EDGE_CURVE('',#761,#726,#763,.T.);
#761 = VERTEX_POINT('',#762);
#762 = CARTESIAN_POINT('',(134.,-45.,-24.));
#763 = SURFACE_CURVE('',#764,(#768,#774),.PCURVE_S1.);
#764 = LINE('',#765,#766);
#765 = CARTESIAN_POINT('',(-151.,-45.,-24.));
#766 = VECTOR('',#767,1.);
#767 = DIRECTION('',(-1.,-0.,-0.));
#768 = PCURVE('',#253,#769);
#769 = DEFINITIONAL_REPRESENTATION('',(#770),#773);
#770 = B_SPLINE_CURVE_WITH_KNOTS('',1,(#771,#772),.UNSPECIFIED.,.F.,.F.,
  (2,2),(-301.0000006,-0.9999994),.PIECEWISE_BEZIER_KNOTS.);
#771 = CARTESIAN_POINT('',(-3.631549979844,-301.0000006));
#772 = CARTESIAN_POINT('',(-3.631549979844,-0.9999994));
#773 = ( GEOMETRIC_REPRESENTATION_CONTEXT(2) 
PARAMETRIC_REPRESENTATION_CONTEXT() REPRESENTATION_CONTEXT('2D SPACE',''
  ) );
#774 = PCURVE('',#775,#780);
#775 = PLANE('',#776);
#776 = AXIS2_PLACEMENT_3D('',#777,#778,#779);
#777 = CARTESIAN_POINT('',(-134.,-47.5,-24.));
#778 = DIRECTION('',(0.,0.,1.));
#779 = DIRECTION('',(1.,0.,0.));
#780 = DEFINITIONAL_REPRESENTATION('',(#781),#784);
#781 = B_SPLINE_CURVE_WITH_KNOTS('',1,(#782,#783),.UNSPECIFIED.,.F.,.F.,
  (2,2),(-301.0000006,-0.9999994),.PIECEWISE_BEZIER_KNOTS.);
#782 = CARTESIAN_POINT('',(284.0000006,2.5));
#783 = CARTESIAN_POINT('',(-16.0000006,2.5));
#784 = ( GEOMETRIC_REPRESENTATION_CONTEXT(2) 
PARAMETRIC_REPRESENTATION_CONTEXT() REPRESENTATION_CONTEXT('2D SPACE',''
  ) );
#785 = ORIENTED_EDGE('',*,*,#786,.T.);
#786 = EDGE_CURVE('',#761,#787,#789,.T.);
#787 = VERTEX_POINT('',#788);
#788 = CARTESIAN_POINT('',(134.,-46.91481642296,-20.));
#789 = SURFACE_CURVE('',#790,(#795,#802),.PCURVE_S1.);
#790 = CIRCLE('',#791,51.);
#791 = AXIS2_PLACEMENT_3D('',#792,#793,#794);
#792 = CARTESIAN_POINT('',(134.,0.,0.));
#793 = DIRECTION('',(-1.,0.,0.));
#794 = DIRECTION('',(0.,1.,0.));
#795 = PCURVE('',#253,#796);
#796 = DEFINITIONAL_REPRESENTATION('',(#797),#801);
#797 = LINE('',#798,#799);
#798 = CARTESIAN_POINT('',(-6.28318530718,-285.));
#799 = VECTOR('',#800,1.);
#800 = DIRECTION('',(1.,-0.));
#801 = ( GEOMETRIC_REPRESENTATION_CONTEXT(2) 
PARAMETRIC_REPRESENTATION_CONTEXT() REPRESENTATION_CONTEXT('2D SPACE',''
  ) );
#802 = PCURVE('',#803,#808);
#803 = PLANE('',#804);
#804 = AXIS2_PLACEMENT_3D('',#805,#806,#807);
#805 = CARTESIAN_POINT('',(134.,-47.5,-24.));
#806 = DIRECTION('',(1.,0.,0.));
#807 = DIRECTION('',(0.,0.,1.));
#808 = DEFINITIONAL_REPRESENTATION('',(#809),#817);
#809 = ( BOUNDED_CURVE() B_SPLINE_CURVE(2,(#810,#811,#812,#813,#814,#815
,#816),.UNSPECIFIED.,.T.,.F.) B_SPLINE_CURVE_WITH_KNOTS((1,2,2,2,2,1),(
    -2.094395102393,0.,2.094395102393,4.188790204786,6.28318530718,
8.377580409573),.UNSPECIFIED.) CURVE() GEOMETRIC_REPRESENTATION_ITEM() 
RATIONAL_B_SPLINE_CURVE((1.,0.5,1.,0.5,1.,0.5,1.)) REPRESENTATION_ITEM(
  '') );
#810 = CARTESIAN_POINT('',(24.,-98.5));
#811 = CARTESIAN_POINT('',(-64.33459118601,-98.5));
#812 = CARTESIAN_POINT('',(-20.167295593,-22.));
#813 = CARTESIAN_POINT('',(24.,54.5));
#814 = CARTESIAN_POINT('',(68.167295593006,-22.));
#815 = CARTESIAN_POINT('',(112.33459118601,-98.5));
#816 = CARTESIAN_POINT('',(24.,-98.5));
#817 = ( GEOMETRIC_REPRESENTATION_CONTEXT(2) 
PARAMETRIC_REPRESENTATION_CONTEXT() REPRESENTATION_CONTEXT('2D SPACE',''
  ) );
#818 = ORIENTED_EDGE('',*,*,#819,.T.);
#819 = EDGE_CURVE('',#787,#728,#820,.T.);
#820 = SURFACE_CURVE('',#821,(#825,#831),.PCURVE_S1.);
#821 = LINE('',#822,#823);
#822 = CARTESIAN_POINT('',(-151.,-46.91481642296,-20.));
#823 = VECTOR('',#824,1.);
#824 = DIRECTION('',(-1.,-0.,-0.));
#825 = PCURVE('',#253,#826);
#826 = DEFINITIONAL_REPRESENTATION('',(#827),#830);
#827 = B_SPLINE_CURVE_WITH_KNOTS('',1,(#828,#829),.UNSPECIFIED.,.F.,.F.,
  (2,2),(-301.0000006,-0.9999994),.PIECEWISE_BEZIER_KNOTS.);
#828 = CARTESIAN_POINT('',(-3.544567752859,-301.0000006));
#829 = CARTESIAN_POINT('',(-3.544567752859,-0.9999994));
#830 = ( GEOMETRIC_REPRESENTATION_CONTEXT(2) 
PARAMETRIC_REPRESENTATION_CONTEXT() REPRESENTATION_CONTEXT('2D SPACE',''
  ) );
#831 = PCURVE('',#832,#837);
#832 = PLANE('',#833);
#833 = AXIS2_PLACEMENT_3D('',#834,#835,#836);
#834 = CARTESIAN_POINT('',(-134.,-47.5,-20.));
#835 = DIRECTION('',(0.,0.,1.));
#836 = DIRECTION('',(1.,0.,0.));
#837 = DEFINITIONAL_REPRESENTATION('',(#838),#841);
#838 = B_SPLINE_CURVE_WITH_KNOTS('',1,(#839,#840),.UNSPECIFIED.,.F.,.F.,
  (2,2),(-301.0000006,-0.9999994),.PIECEWISE_BEZIER_KNOTS.);
#839 = CARTESIAN_POINT('',(284.0000006,0.58518357704));
#840 = CARTESIAN_POINT('',(-16.0000006,0.58518357704));
#841 = ( GEOMETRIC_REPRESENTATION_CONTEXT(2) 
PARAMETRIC_REPRESENTATION_CONTEXT() REPRESENTATION_CONTEXT('2D SPACE',''
  ) );
#842 = FACE_BOUND('',#843,.T.);
#843 = EDGE_LOOP('',(#844,#879,#905,#938));
#844 = ORIENTED_EDGE('',*,*,#845,.F.);
#845 = EDGE_CURVE('',#846,#848,#850,.T.);
#846 = VERTEX_POINT('',#847);
#847 = CARTESIAN_POINT('',(-134.,46.91481642296,-20.));
#848 = VERTEX_POINT('',#849);
#849 = CARTESIAN_POINT('',(-134.,45.,-24.));
#850 = SURFACE_CURVE('',#851,(#856,#863),.PCURVE_S1.);
#851 = CIRCLE('',#852,51.);
#852 = AXIS2_PLACEMENT_3D('',#853,#854,#855);
#853 = CARTESIAN_POINT('',(-134.,0.,0.));
#854 = DIRECTION('',(-1.,0.,0.));
#855 = DIRECTION('',(0.,1.,0.));
#856 = PCURVE('',#253,#857);
#857 = DEFINITIONAL_REPRESENTATION('',(#858),#862);
#858 = LINE('',#859,#860);
#859 = CARTESIAN_POINT('',(-6.28318530718,-17.));
#860 = VECTOR('',#861,1.);
#861 = DIRECTION('',(1.,-0.));
#862 = ( GEOMETRIC_REPRESENTATION_CONTEXT(2) 
PARAMETRIC_REPRESENTATION_CONTEXT() REPRESENTATION_CONTEXT('2D SPACE',''
  ) );
#863 = PCURVE('',#864,#869);
#864 = PLANE('',#865);
#865 = AXIS2_PLACEMENT_3D('',#866,#867,#868);
#866 = CARTESIAN_POINT('',(-134.,37.5,-24.));
#867 = DIRECTION('',(1.,0.,0.));
#868 = DIRECTION('',(0.,0.,1.));
#869 = DEFINITIONAL_REPRESENTATION('',(#870),#878);
#870 = ( BOUNDED_CURVE() B_SPLINE_CURVE(2,(#871,#872,#873,#874,#875,#876
,#877),.UNSPECIFIED.,.T.,.F.) B_SPLINE_CURVE_WITH_KNOTS((1,2,2,2,2,1),(
    -2.094395102393,0.,2.094395102393,4.188790204786,6.28318530718,
8.377580409573),.UNSPECIFIED.) CURVE() GEOMETRIC_REPRESENTATION_ITEM() 
RATIONAL_B_SPLINE_CURVE((1.,0.5,1.,0.5,1.,0.5,1.)) REPRESENTATION_ITEM(
  '') );
#871 = CARTESIAN_POINT('',(24.,-13.5));
#872 = CARTESIAN_POINT('',(-64.33459118601,-13.5));
#873 = CARTESIAN_POINT('',(-20.167295593,63.));
#874 = CARTESIAN_POINT('',(24.,139.5));
#875 = CARTESIAN_POINT('',(68.167295593006,63.));
#876 = CARTESIAN_POINT('',(112.33459118601,-13.5));
#877 = CARTESIAN_POINT('',(24.,-13.5));
#878 = ( GEOMETRIC_REPRESENTATION_CONTEXT(2) 
PARAMETRIC_REPRESENTATION_CONTEXT() REPRESENTATION_CONTEXT('2D SPACE',''
  ) );
#879 = ORIENTED_EDGE('',*,*,#880,.F.);
#880 = EDGE_CURVE('',#881,#846,#883,.T.);
#881 = VERTEX_POINT('',#882);
#882 = CARTESIAN_POINT('',(134.,46.91481642296,-20.));
#883 = SURFACE_CURVE('',#884,(#888,#894),.PCURVE_S1.);
#884 = LINE('',#885,#886);
#885 = CARTESIAN_POINT('',(-151.,46.91481642296,-20.));
#886 = VECTOR('',#887,1.);
#887 = DIRECTION('',(-1.,-0.,-0.));
#888 = PCURVE('',#253,#889);
#889 = DEFINITIONAL_REPRESENTATION('',(#890),#893);
#890 = B_SPLINE_CURVE_WITH_KNOTS('',1,(#891,#892),.UNSPECIFIED.,.F.,.F.,
  (2,2),(-301.0000006,-0.9999994),.PIECEWISE_BEZIER_KNOTS.);
#891 = CARTESIAN_POINT('',(-5.88021020791,-301.0000006));
#892 = CARTESIAN_POINT('',(-5.88021020791,-0.9999994));
#893 = ( GEOMETRIC_REPRESENTATION_CONTEXT(2) 
PARAMETRIC_REPRESENTATION_CONTEXT() REPRESENTATION_CONTEXT('2D SPACE',''
  ) );
#894 = PCURVE('',#895,#900);
#895 = PLANE('',#896);
#896 = AXIS2_PLACEMENT_3D('',#897,#898,#899);
#897 = CARTESIAN_POINT('',(-134.,37.5,-20.));
#898 = DIRECTION('',(0.,0.,1.));
#899 = DIRECTION('',(1.,0.,0.));
#900 = DEFINITIONAL_REPRESENTATION('',(#901),#904);
#901 = B_SPLINE_CURVE_WITH_KNOTS('',1,(#902,#903),.UNSPECIFIED.,.F.,.F.,
  (2,2),(-301.0000006,-0.9999994),.PIECEWISE_BEZIER_KNOTS.);
#902 = CARTESIAN_POINT('',(284.0000006,9.41481642296));
#903 = CARTESIAN_POINT('',(-16.0000006,9.41481642296));
#904 = ( GEOMETRIC_REPRESENTATION_CONTEXT(2) 
PARAMETRIC_REPRESENTATION_CONTEXT() REPRESENTATION_CONTEXT('2D SPACE',''
  ) );
#905 = ORIENTED_EDGE('',*,*,#906,.T.);
#906 = EDGE_CURVE('',#881,#907,#909,.T.);
#907 = VERTEX_POINT('',#908);
#908 = CARTESIAN_POINT('',(134.,45.,-24.));
#909 = SURFACE_CURVE('',#910,(#915,#922),.PCURVE_S1.);
#910 = CIRCLE('',#911,51.);
#911 = AXIS2_PLACEMENT_3D('',#912,#913,#914);
#912 = CARTESIAN_POINT('',(134.,0.,0.));
#913 = DIRECTION('',(-1.,0.,0.));
#914 = DIRECTION('',(0.,1.,0.));
#915 = PCURVE('',#253,#916);
#916 = DEFINITIONAL_REPRESENTATION('',(#917),#921);
#917 = LINE('',#918,#919);
#918 = CARTESIAN_POINT('',(-6.28318530718,-285.));
#919 = VECTOR('',#920,1.);
#920 = DIRECTION('',(1.,-0.));
#921 = ( GEOMETRIC_REPRESENTATION_CONTEXT(2) 
PARAMETRIC_REPRESENTATION_CONTEXT() REPRESENTATION_CONTEXT('2D SPACE',''
  ) );
#922 = PCURVE('',#923,#928);
#923 = PLANE('',#924);
#924 = AXIS2_PLACEMENT_3D('',#925,#926,#927);
#925 = CARTESIAN_POINT('',(134.,37.5,-24.));
#926 = DIRECTION('',(1.,0.,0.));
#927 = DIRECTION('',(0.,0.,1.));
#928 = DEFINITIONAL_REPRESENTATION('',(#929),#937);
#929 = ( BOUNDED_CURVE() B_SPLINE_CURVE(2,(#930,#931,#932,#933,#934,#935
,#936),.UNSPECIFIED.,.T.,.F.) B_SPLINE_CURVE_WITH_KNOTS((1,2,2,2,2,1),(
    -2.094395102393,0.,2.094395102393,4.188790204786,6.28318530718,
8.377580409573),.UNSPECIFIED.) CURVE() GEOMETRIC_REPRESENTATION_ITEM() 
RATIONAL_B_SPLINE_CURVE((1.,0.5,1.,0.5,1.,0.5,1.)) REPRESENTATION_ITEM(
  '') );
#930 = CARTESIAN_POINT('',(24.,-13.5));
#931 = CARTESIAN_POINT('',(-64.33459118601,-13.5));
#932 = CARTESIAN_POINT('',(-20.167295593,63.));
#933 = CARTESIAN_POINT('',(24.,139.5));
#934 = CARTESIAN_POINT('',(68.167295593006,63.));
#935 = CARTESIAN_POINT('',(112.33459118601,-13.5));
#936 = CARTESIAN_POINT('',(24.,-13.5));
#937 = ( GEOMETRIC_REPRESENTATION_CONTEXT(2) 
PARAMETRIC_REPRESENTATION_CONTEXT() REPRESENTATION_CONTEXT('2D SPACE',''
  ) );
#938 = ORIENTED_EDGE('',*,*,#939,.T.);
#939 = EDGE_CURVE('',#907,#848,#940,.T.);
#940 = SURFACE_CURVE('',#941,(#945,#951),.PCURVE_S1.);
#941 = LINE('',#942,#943);
#942 = CARTESIAN_POINT('',(-151.,45.,-24.));
#943 = VECTOR('',#944,1.);
#944 = DIRECTION('',(-1.,-0.,-0.));
#945 = PCURVE('',#253,#946);
#946 = DEFINITIONAL_REPRESENTATION('',(#947),#950);
#947 = B_SPLINE_CURVE_WITH_KNOTS('',1,(#948,#949),.UNSPECIFIED.,.F.,.F.,
  (2,2),(-301.0000006,-0.9999994),.PIECEWISE_BEZIER_KNOTS.);
#948 = CARTESIAN_POINT('',(-5.793227980926,-301.0000006));
#949 = CARTESIAN_POINT('',(-5.793227980926,-0.9999994));
#950 = ( GEOMETRIC_REPRESENTATION_CONTEXT(2) 
PARAMETRIC_REPRESENTATION_CONTEXT() REPRESENTATION_CONTEXT('2D SPACE',''
  ) );
#951 = PCURVE('',#952,#957);
#952 = PLANE('',#953);
#953 = AXIS2_PLACEMENT_3D('',#954,#955,#956);
#954 = CARTESIAN_POINT('',(-134.,37.5,-24.));
#955 = DIRECTION('',(0.,0.,1.));
#956 = DIRECTION('',(1.,0.,0.));
#957 = DEFINITIONAL_REPRESENTATION('',(#958),#961);
#958 = B_SPLINE_CURVE_WITH_KNOTS('',1,(#959,#960),.UNSPECIFIED.,.F.,.F.,
  (2,2),(-301.0000006,-0.9999994),.PIECEWISE_BEZIER_KNOTS.);
#959 = CARTESIAN_POINT('',(284.0000006,7.5));
#960 = CARTESIAN_POINT('',(-16.0000006,7.5));
#961 = ( GEOMETRIC_REPRESENTATION_CONTEXT(2) 
PARAMETRIC_REPRESENTATION_CONTEXT() REPRESENTATION_CONTEXT('2D SPACE',''
  ) );
#962 = ADVANCED_FACE('',(#963),#288,.F.);
#963 = FACE_BOUND('',#964,.T.);
#964 = EDGE_LOOP('',(#965,#966,#989,#1016));
#965 = ORIENTED_EDGE('',*,*,#267,.T.);
#966 = ORIENTED_EDGE('',*,*,#967,.T.);
#967 = EDGE_CURVE('',#268,#968,#970,.T.);
#968 = VERTEX_POINT('',#969);
#969 = CARTESIAN_POINT('',(-141.,2.3,55.));
#970 = SEAM_CURVE('',#971,(#975,#982),.PCURVE_S1.);
#971 = LINE('',#972,#973);
#972 = CARTESIAN_POINT('',(-150.2,2.3,55.));
#973 = VECTOR('',#974,1.);
#974 = DIRECTION('',(1.,0.,0.));
#975 = PCURVE('',#288,#976);
#976 = DEFINITIONAL_REPRESENTATION('',(#977),#981);
#977 = LINE('',#978,#979);
#978 = CARTESIAN_POINT('',(-6.28318530718,0.));
#979 = VECTOR('',#980,1.);
#980 = DIRECTION('',(-0.,-1.));
#981 = ( GEOMETRIC_REPRESENTATION_CONTEXT(2) 
PARAMETRIC_REPRESENTATION_CONTEXT() REPRESENTATION_CONTEXT('2D SPACE',''
  ) );
#982 = PCURVE('',#288,#983);
#983 = DEFINITIONAL_REPRESENTATION('',(#984),#988);
#984 = LINE('',#985,#986);
#985 = CARTESIAN_POINT('',(-0.,0.));
#986 = VECTOR('',#987,1.);
#987 = DIRECTION('',(-0.,-1.));
#988 = ( GEOMETRIC_REPRESENTATION_CONTEXT(2) 
PARAMETRIC_REPRESENTATION_CONTEXT() REPRESENTATION_CONTEXT('2D SPACE',''
  ) );
#989 = ORIENTED_EDGE('',*,*,#990,.T.);
#990 = EDGE_CURVE('',#968,#968,#991,.T.);
#991 = SURFACE_CURVE('',#992,(#997,#1004),.PCURVE_S1.);
#992 = CIRCLE('',#993,2.3);
#993 = AXIS2_PLACEMENT_3D('',#994,#995,#996);
#994 = CARTESIAN_POINT('',(-141.,3.367778697655E-15,55.));
#995 = DIRECTION('',(1.,0.,0.));
#996 = DIRECTION('',(0.,1.,0.));
#997 = PCURVE('',#288,#998);
#998 = DEFINITIONAL_REPRESENTATION('',(#999),#1003);
#999 = LINE('',#1000,#1001);
#1000 = CARTESIAN_POINT('',(-0.,-9.2));
#1001 = VECTOR('',#1002,1.);
#1002 = DIRECTION('',(-1.,0.));
#1003 = ( GEOMETRIC_REPRESENTATION_CONTEXT(2) 
PARAMETRIC_REPRESENTATION_CONTEXT() REPRESENTATION_CONTEXT('2D SPACE',''
  ) );
#1004 = PCURVE('',#1005,#1010);
#1005 = PLANE('',#1006);
#1006 = AXIS2_PLACEMENT_3D('',#1007,#1008,#1009);
#1007 = CARTESIAN_POINT('',(-141.,3.121330737318E-15,55.));
#1008 = DIRECTION('',(1.,0.,0.));
#1009 = DIRECTION('',(-0.,0.,1.));
#1010 = DEFINITIONAL_REPRESENTATION('',(#1011),#1015);
#1011 = CIRCLE('',#1012,2.3);
#1012 = AXIS2_PLACEMENT_2D('',#1013,#1014);
#1013 = CARTESIAN_POINT('',(0.,-2.46447960337E-16));
#1014 = DIRECTION('',(0.,-1.));
#1015 = ( GEOMETRIC_REPRESENTATION_CONTEXT(2) 
PARAMETRIC_REPRESENTATION_CONTEXT() REPRESENTATION_CONTEXT('2D SPACE',''
  ) );
#1016 = ORIENTED_EDGE('',*,*,#967,.F.);
#1017 = ADVANCED_FACE('',(#1018),#323,.F.);
#1018 = FACE_BOUND('',#1019,.T.);
#1019 = EDGE_LOOP('',(#1020,#1021,#1044,#1071));
#1020 = ORIENTED_EDGE('',*,*,#302,.T.);
#1021 = ORIENTED_EDGE('',*,*,#1022,.T.);
#1022 = EDGE_CURVE('',#303,#1023,#1025,.T.);
#1023 = VERTEX_POINT('',#1024);
#1024 = CARTESIAN_POINT('',(-141.,-45.33139720814,27.5));
#1025 = SEAM_CURVE('',#1026,(#1030,#1037),.PCURVE_S1.);
#1026 = LINE('',#1027,#1028);
#1027 = CARTESIAN_POINT('',(-150.2,-45.33139720814,27.5));
#1028 = VECTOR('',#1029,1.);
#1029 = DIRECTION('',(1.,0.,0.));
#1030 = PCURVE('',#323,#1031);
#1031 = DEFINITIONAL_REPRESENTATION('',(#1032),#1036);
#1032 = LINE('',#1033,#1034);
#1033 = CARTESIAN_POINT('',(-6.28318530718,0.));
#1034 = VECTOR('',#1035,1.);
#1035 = DIRECTION('',(-0.,-1.));
#1036 = ( GEOMETRIC_REPRESENTATION_CONTEXT(2) 
PARAMETRIC_REPRESENTATION_CONTEXT() REPRESENTATION_CONTEXT('2D SPACE',''
  ) );
#1037 = PCURVE('',#323,#1038);
#1038 = DEFINITIONAL_REPRESENTATION('',(#1039),#1043);
#1039 = LINE('',#1040,#1041);
#1040 = CARTESIAN_POINT('',(-0.,0.));
#1041 = VECTOR('',#1042,1.);
#1042 = DIRECTION('',(-0.,-1.));
#1043 = ( GEOMETRIC_REPRESENTATION_CONTEXT(2) 
PARAMETRIC_REPRESENTATION_CONTEXT() REPRESENTATION_CONTEXT('2D SPACE',''
  ) );
#1044 = ORIENTED_EDGE('',*,*,#1045,.T.);
#1045 = EDGE_CURVE('',#1023,#1023,#1046,.T.);
#1046 = SURFACE_CURVE('',#1047,(#1052,#1059),.PCURVE_S1.);
#1047 = CIRCLE('',#1048,2.3);
#1048 = AXIS2_PLACEMENT_3D('',#1049,#1050,#1051);
#1049 = CARTESIAN_POINT('',(-141.,-47.63139720814,27.5));
#1050 = DIRECTION('',(1.,0.,0.));
#1051 = DIRECTION('',(0.,1.,0.));
#1052 = PCURVE('',#323,#1053);
#1053 = DEFINITIONAL_REPRESENTATION('',(#1054),#1058);
#1054 = LINE('',#1055,#1056);
#1055 = CARTESIAN_POINT('',(-0.,-9.2));
#1056 = VECTOR('',#1057,1.);
#1057 = DIRECTION('',(-1.,0.));
#1058 = ( GEOMETRIC_REPRESENTATION_CONTEXT(2) 
PARAMETRIC_REPRESENTATION_CONTEXT() REPRESENTATION_CONTEXT('2D SPACE',''
  ) );
#1059 = PCURVE('',#1060,#1065);
#1060 = PLANE('',#1061);
#1061 = AXIS2_PLACEMENT_3D('',#1062,#1063,#1064);
#1062 = CARTESIAN_POINT('',(-141.,-47.63139720814,27.5));
#1063 = DIRECTION('',(1.,0.,0.));
#1064 = DIRECTION('',(-0.,0.,1.));
#1065 = DEFINITIONAL_REPRESENTATION('',(#1066),#1070);
#1066 = CIRCLE('',#1067,2.3);
#1067 = AXIS2_PLACEMENT_2D('',#1068,#1069);
#1068 = CARTESIAN_POINT('',(-7.105427357601E-15,0.));
#1069 = DIRECTION('',(0.,-1.));
#1070 = ( GEOMETRIC_REPRESENTATION_CONTEXT(2) 
PARAMETRIC_REPRESENTATION_CONTEXT() REPRESENTATION_CONTEXT('2D SPACE',''
  ) );
#1071 = ORIENTED_EDGE('',*,*,#1022,.F.);
#1072 = ADVANCED_FACE('',(#1073),#375,.T.);
#1073 = FACE_BOUND('',#1074,.F.);
#1074 = EDGE_LOOP('',(#1075,#1098,#1125,#1126));
#1075 = ORIENTED_EDGE('',*,*,#1076,.T.);
#1076 = EDGE_CURVE('',#339,#1077,#1079,.T.);
#1077 = VERTEX_POINT('',#1078);
#1078 = CARTESIAN_POINT('',(-132.7,60.,0.));
#1079 = SEAM_CURVE('',#1080,(#1084,#1091),.PCURVE_S1.);
#1080 = LINE('',#1081,#1082);
#1081 = CARTESIAN_POINT('',(-150.,60.,0.));
#1082 = VECTOR('',#1083,1.);
#1083 = DIRECTION('',(1.,0.,0.));
#1084 = PCURVE('',#375,#1085);
#1085 = DEFINITIONAL_REPRESENTATION('',(#1086),#1090);
#1086 = LINE('',#1087,#1088);
#1087 = CARTESIAN_POINT('',(-0.,0.));
#1088 = VECTOR('',#1089,1.);
#1089 = DIRECTION('',(-0.,-1.));
#1090 = ( GEOMETRIC_REPRESENTATION_CONTEXT(2) 
PARAMETRIC_REPRESENTATION_CONTEXT() REPRESENTATION_CONTEXT('2D SPACE',''
  ) );
#1091 = PCURVE('',#375,#1092);
#1092 = DEFINITIONAL_REPRESENTATION('',(#1093),#1097);
#1093 = LINE('',#1094,#1095);
#1094 = CARTESIAN_POINT('',(-6.28318530718,0.));
#1095 = VECTOR('',#1096,1.);
#1096 = DIRECTION('',(-0.,-1.));
#1097 = ( GEOMETRIC_REPRESENTATION_CONTEXT(2) 
PARAMETRIC_REPRESENTATION_CONTEXT() REPRESENTATION_CONTEXT('2D SPACE',''
  ) );
#1098 = ORIENTED_EDGE('',*,*,#1099,.T.);
#1099 = EDGE_CURVE('',#1077,#1077,#1100,.T.);
#1100 = SURFACE_CURVE('',#1101,(#1106,#1113),.PCURVE_S1.);
#1101 = CIRCLE('',#1102,60.);
#1102 = AXIS2_PLACEMENT_3D('',#1103,#1104,#1105);
#1103 = CARTESIAN_POINT('',(-132.7,0.,0.));
#1104 = DIRECTION('',(1.,0.,0.));
#1105 = DIRECTION('',(-0.,1.,0.));
#1106 = PCURVE('',#375,#1107);
#1107 = DEFINITIONAL_REPRESENTATION('',(#1108),#1112);
#1108 = LINE('',#1109,#1110);
#1109 = CARTESIAN_POINT('',(-0.,-17.3));
#1110 = VECTOR('',#1111,1.);
#1111 = DIRECTION('',(-1.,0.));
#1112 = ( GEOMETRIC_REPRESENTATION_CONTEXT(2) 
PARAMETRIC_REPRESENTATION_CONTEXT() REPRESENTATION_CONTEXT('2D SPACE',''
  ) );
#1113 = PCURVE('',#1114,#1119);
#1114 = TOROIDAL_SURFACE('',#1115,59.3,0.7);
#1115 = AXIS2_PLACEMENT_3D('',#1116,#1117,#1118);
#1116 = CARTESIAN_POINT('',(-132.7,0.,0.));
#1117 = DIRECTION('',(1.,0.,0.));
#1118 = DIRECTION('',(-0.,1.,0.));
#1119 = DEFINITIONAL_REPRESENTATION('',(#1120),#1124);
#1120 = LINE('',#1121,#1122);
#1121 = CARTESIAN_POINT('',(0.,0.));
#1122 = VECTOR('',#1123,1.);
#1123 = DIRECTION('',(1.,0.));
#1124 = ( GEOMETRIC_REPRESENTATION_CONTEXT(2) 
PARAMETRIC_REPRESENTATION_CONTEXT() REPRESENTATION_CONTEXT('2D SPACE',''
  ) );
#1125 = ORIENTED_EDGE('',*,*,#1076,.F.);
#1126 = ORIENTED_EDGE('',*,*,#360,.F.);
#1127 = ADVANCED_FACE('',(#1128),#431,.F.);
#1128 = FACE_BOUND('',#1129,.F.);
#1129 = EDGE_LOOP('',(#1130));
#1130 = ORIENTED_EDGE('',*,*,#416,.T.);
#1131 = ADVANCED_FACE('',(#1132),#486,.F.);
#1132 = FACE_BOUND('',#1133,.F.);
#1133 = EDGE_LOOP('',(#1134));
#1134 = ORIENTED_EDGE('',*,*,#471,.T.);
#1135 = ADVANCED_FACE('',(#1136),#541,.F.);
#1136 = FACE_BOUND('',#1137,.F.);
#1137 = EDGE_LOOP('',(#1138));
#1138 = ORIENTED_EDGE('',*,*,#526,.T.);
#1139 = ADVANCED_FACE('',(#1140),#596,.F.);
#1140 = FACE_BOUND('',#1141,.F.);
#1141 = EDGE_LOOP('',(#1142));
#1142 = ORIENTED_EDGE('',*,*,#581,.T.);
#1143 = ADVANCED_FACE('',(#1144),#651,.F.);
#1144 = FACE_BOUND('',#1145,.F.);
#1145 = EDGE_LOOP('',(#1146));
#1146 = ORIENTED_EDGE('',*,*,#636,.T.);
#1147 = ADVANCED_FACE('',(#1148,#1179,#1214,#1249,#1284,#1319,#1354,
    #1357,#1392),#706,.T.);
#1148 = FACE_BOUND('',#1149,.T.);
#1149 = EDGE_LOOP('',(#1150));
#1150 = ORIENTED_EDGE('',*,*,#1151,.T.);
#1151 = EDGE_CURVE('',#1152,#1152,#1154,.T.);
#1152 = VERTEX_POINT('',#1153);
#1153 = CARTESIAN_POINT('',(150.,59.3,0.));
#1154 = SURFACE_CURVE('',#1155,(#1160,#1167),.PCURVE_S1.);
#1155 = CIRCLE('',#1156,59.3);
#1156 = AXIS2_PLACEMENT_3D('',#1157,#1158,#1159);
#1157 = CARTESIAN_POINT('',(150.,0.,0.));
#1158 = DIRECTION('',(1.,0.,0.));
#1159 = DIRECTION('',(-0.,1.,0.));
#1160 = PCURVE('',#706,#1161);
#1161 = DEFINITIONAL_REPRESENTATION('',(#1162),#1166);
#1162 = CIRCLE('',#1163,59.3);
#1163 = AXIS2_PLACEMENT_2D('',#1164,#1165);
#1164 = CARTESIAN_POINT('',(-4.119626454838E-15,-3.182406126637E-15));
#1165 = DIRECTION('',(0.,-1.));
#1166 = ( GEOMETRIC_REPRESENTATION_CONTEXT(2) 
PARAMETRIC_REPRESENTATION_CONTEXT() REPRESENTATION_CONTEXT('2D SPACE',''
  ) );
#1167 = PCURVE('',#1168,#1173);
#1168 = TOROIDAL_SURFACE('',#1169,59.3,0.7);
#1169 = AXIS2_PLACEMENT_3D('',#1170,#1171,#1172);
#1170 = CARTESIAN_POINT('',(149.3,0.,0.));
#1171 = DIRECTION('',(1.,0.,0.));
#1172 = DIRECTION('',(-0.,1.,0.));
#1173 = DEFINITIONAL_REPRESENTATION('',(#1174),#1178);
#1174 = LINE('',#1175,#1176);
#1175 = CARTESIAN_POINT('',(0.,1.570796326795));
#1176 = VECTOR('',#1177,1.);
#1177 = DIRECTION('',(1.,0.));
#1178 = ( GEOMETRIC_REPRESENTATION_CONTEXT(2) 
PARAMETRIC_REPRESENTATION_CONTEXT() REPRESENTATION_CONTEXT('2D SPACE',''
  ) );
#1179 = FACE_BOUND('',#1180,.T.);
#1180 = EDGE_LOOP('',(#1181));
#1181 = ORIENTED_EDGE('',*,*,#1182,.T.);
#1182 = EDGE_CURVE('',#1183,#1183,#1185,.T.);
#1183 = VERTEX_POINT('',#1184);
#1184 = CARTESIAN_POINT('',(150.,49.931397208144,-27.5));
#1185 = SURFACE_CURVE('',#1186,(#1191,#1202),.PCURVE_S1.);
#1186 = CIRCLE('',#1187,2.3);
#1187 = AXIS2_PLACEMENT_3D('',#1188,#1189,#1190);
#1188 = CARTESIAN_POINT('',(150.,47.631397208144,-27.5));
#1189 = DIRECTION('',(-1.,0.,0.));
#1190 = DIRECTION('',(0.,1.,0.));
#1191 = PCURVE('',#706,#1192);
#1192 = DEFINITIONAL_REPRESENTATION('',(#1193),#1201);
#1193 = ( BOUNDED_CURVE() B_SPLINE_CURVE(2,(#1194,#1195,#1196,#1197,
#1198,#1199,#1200),.UNSPECIFIED.,.T.,.F.) B_SPLINE_CURVE_WITH_KNOTS((1,2
    ,2,2,2,1),(-2.094395102393,0.,2.094395102393,4.188790204786,
6.28318530718,8.377580409573),.UNSPECIFIED.) CURVE() 
GEOMETRIC_REPRESENTATION_ITEM() RATIONAL_B_SPLINE_CURVE((1.,0.5,1.,0.5,
1.,0.5,1.)) REPRESENTATION_ITEM('') );
#1194 = CARTESIAN_POINT('',(-27.5,-49.93139720814));
#1195 = CARTESIAN_POINT('',(-31.4837168574,-49.93139720814));
#1196 = CARTESIAN_POINT('',(-29.4918584287,-46.48139720814));
#1197 = CARTESIAN_POINT('',(-27.5,-43.03139720814));
#1198 = CARTESIAN_POINT('',(-25.50814157129,-46.48139720814));
#1199 = CARTESIAN_POINT('',(-23.51628314259,-49.93139720814));
#1200 = CARTESIAN_POINT('',(-27.5,-49.93139720814));
#1201 = ( GEOMETRIC_REPRESENTATION_CONTEXT(2) 
PARAMETRIC_REPRESENTATION_CONTEXT() REPRESENTATION_CONTEXT('2D SPACE',''
  ) );
#1202 = PCURVE('',#1203,#1208);
#1203 = CYLINDRICAL_SURFACE('',#1204,2.3);
#1204 = AXIS2_PLACEMENT_3D('',#1205,#1206,#1207);
#1205 = CARTESIAN_POINT('',(141.,47.631397208144,-27.5));
#1206 = DIRECTION('',(-1.,-0.,-0.));
#1207 = DIRECTION('',(0.,1.,0.));
#1208 = DEFINITIONAL_REPRESENTATION('',(#1209),#1213);
#1209 = LINE('',#1210,#1211);
#1210 = CARTESIAN_POINT('',(-6.28318530718,-9.));
#1211 = VECTOR('',#1212,1.);
#1212 = DIRECTION('',(1.,-0.));
#1213 = ( GEOMETRIC_REPRESENTATION_CONTEXT(2) 
PARAMETRIC_REPRESENTATION_CONTEXT() REPRESENTATION_CONTEXT('2D SPACE',''
  ) );
#1214 = FACE_BOUND('',#1215,.T.);
#1215 = EDGE_LOOP('',(#1216));
#1216 = ORIENTED_EDGE('',*,*,#1217,.T.);
#1217 = EDGE_CURVE('',#1218,#1218,#1220,.T.);
#1218 = VERTEX_POINT('',#1219);
#1219 = CARTESIAN_POINT('',(150.,57.7,0.));
#1220 = SURFACE_CURVE('',#1221,(#1226,#1237),.PCURVE_S1.);
#1221 = CIRCLE('',#1222,1.7);
#1222 = AXIS2_PLACEMENT_3D('',#1223,#1224,#1225);
#1223 = CARTESIAN_POINT('',(150.,56.,0.));
#1224 = DIRECTION('',(-1.,0.,0.));
#1225 = DIRECTION('',(0.,1.,0.));
#1226 = PCURVE('',#706,#1227);
#1227 = DEFINITIONAL_REPRESENTATION('',(#1228),#1236);
#1228 = ( BOUNDED_CURVE() B_SPLINE_CURVE(2,(#1229,#1230,#1231,#1232,
#1233,#1234,#1235),.UNSPECIFIED.,.T.,.F.) B_SPLINE_CURVE_WITH_KNOTS((1,2
    ,2,2,2,1),(-2.094395102393,0.,2.094395102393,4.188790204786,
6.28318530718,8.377580409573),.UNSPECIFIED.) CURVE() 
GEOMETRIC_REPRESENTATION_ITEM() RATIONAL_B_SPLINE_CURVE((1.,0.5,1.,0.5,
1.,0.5,1.)) REPRESENTATION_ITEM('') );
#1229 = CARTESIAN_POINT('',(-4.119626454838E-15,-57.7));
#1230 = CARTESIAN_POINT('',(-2.944486372867,-57.7));
#1231 = CARTESIAN_POINT('',(-1.472243186434,-55.15));
#1232 = CARTESIAN_POINT('',(-4.536006366548E-15,-52.6));
#1233 = CARTESIAN_POINT('',(1.472243186434,-55.15));
#1234 = CARTESIAN_POINT('',(2.944486372867,-57.7));
#1235 = CARTESIAN_POINT('',(-4.119626454838E-15,-57.7));
#1236 = ( GEOMETRIC_REPRESENTATION_CONTEXT(2) 
PARAMETRIC_REPRESENTATION_CONTEXT() REPRESENTATION_CONTEXT('2D SPACE',''
  ) );
#1237 = PCURVE('',#1238,#1243);
#1238 = CYLINDRICAL_SURFACE('',#1239,1.7);
#1239 = AXIS2_PLACEMENT_3D('',#1240,#1241,#1242);
#1240 = CARTESIAN_POINT('',(144.9,56.,0.));
#1241 = DIRECTION('',(-1.,-0.,-0.));
#1242 = DIRECTION('',(0.,1.,0.));
#1243 = DEFINITIONAL_REPRESENTATION('',(#1244),#1248);
#1244 = LINE('',#1245,#1246);
#1245 = CARTESIAN_POINT('',(-6.28318530718,-5.1));
#1246 = VECTOR('',#1247,1.);
#1247 = DIRECTION('',(1.,-0.));
#1248 = ( GEOMETRIC_REPRESENTATION_CONTEXT(2) 
PARAMETRIC_REPRESENTATION_CONTEXT() REPRESENTATION_CONTEXT('2D SPACE',''
  ) );
#1249 = FACE_BOUND('',#1250,.T.);
#1250 = EDGE_LOOP('',(#1251));
#1251 = ORIENTED_EDGE('',*,*,#1252,.T.);
#1252 = EDGE_CURVE('',#1253,#1253,#1255,.T.);
#1253 = VERTEX_POINT('',#1254);
#1254 = CARTESIAN_POINT('',(150.,49.931397208144,27.5));
#1255 = SURFACE_CURVE('',#1256,(#1261,#1272),.PCURVE_S1.);
#1256 = CIRCLE('',#1257,2.3);
#1257 = AXIS2_PLACEMENT_3D('',#1258,#1259,#1260);
#1258 = CARTESIAN_POINT('',(150.,47.631397208144,27.5));
#1259 = DIRECTION('',(-1.,0.,0.));
#1260 = DIRECTION('',(0.,1.,0.));
#1261 = PCURVE('',#706,#1262);
#1262 = DEFINITIONAL_REPRESENTATION('',(#1263),#1271);
#1263 = ( BOUNDED_CURVE() B_SPLINE_CURVE(2,(#1264,#1265,#1266,#1267,
#1268,#1269,#1270),.UNSPECIFIED.,.T.,.F.) B_SPLINE_CURVE_WITH_KNOTS((1,2
    ,2,2,2,1),(-2.094395102393,0.,2.094395102393,4.188790204786,
6.28318530718,8.377580409573),.UNSPECIFIED.) CURVE() 
GEOMETRIC_REPRESENTATION_ITEM() RATIONAL_B_SPLINE_CURVE((1.,0.5,1.,0.5,
1.,0.5,1.)) REPRESENTATION_ITEM('') );
#1264 = CARTESIAN_POINT('',(27.5,-49.93139720814));
#1265 = CARTESIAN_POINT('',(23.516283142592,-49.93139720814));
#1266 = CARTESIAN_POINT('',(25.508141571296,-46.48139720814));
#1267 = CARTESIAN_POINT('',(27.5,-43.03139720814));
#1268 = CARTESIAN_POINT('',(29.491858428704,-46.48139720814));
#1269 = CARTESIAN_POINT('',(31.483716857408,-49.93139720814));
#1270 = CARTESIAN_POINT('',(27.5,-49.93139720814));
#1271 = ( GEOMETRIC_REPRESENTATION_CONTEXT(2) 
PARAMETRIC_REPRESENTATION_CONTEXT() REPRESENTATION_CONTEXT('2D SPACE',''
  ) );
#1272 = PCURVE('',#1273,#1278);
#1273 = CYLINDRICAL_SURFACE('',#1274,2.3);
#1274 = AXIS2_PLACEMENT_3D('',#1275,#1276,#1277);
#1275 = CARTESIAN_POINT('',(141.,47.631397208144,27.5));
#1276 = DIRECTION('',(-1.,-0.,-0.));
#1277 = DIRECTION('',(0.,1.,0.));
#1278 = DEFINITIONAL_REPRESENTATION('',(#1279),#1283);
#1279 = LINE('',#1280,#1281);
#1280 = CARTESIAN_POINT('',(-6.28318530718,-9.));
#1281 = VECTOR('',#1282,1.);
#1282 = DIRECTION('',(1.,-0.));
#1283 = ( GEOMETRIC_REPRESENTATION_CONTEXT(2) 
PARAMETRIC_REPRESENTATION_CONTEXT() REPRESENTATION_CONTEXT('2D SPACE',''
  ) );
#1284 = FACE_BOUND('',#1285,.T.);
#1285 = EDGE_LOOP('',(#1286));
#1286 = ORIENTED_EDGE('',*,*,#1287,.T.);
#1287 = EDGE_CURVE('',#1288,#1288,#1290,.T.);
#1288 = VERTEX_POINT('',#1289);
#1289 = CARTESIAN_POINT('',(150.,2.3,-55.));
#1290 = SURFACE_CURVE('',#1291,(#1296,#1307),.PCURVE_S1.);
#1291 = CIRCLE('',#1292,2.3);
#1292 = AXIS2_PLACEMENT_3D('',#1293,#1294,#1295);
#1293 = CARTESIAN_POINT('',(150.,-1.010333609297E-14,-55.));
#1294 = DIRECTION('',(-1.,0.,0.));
#1295 = DIRECTION('',(0.,1.,0.));
#1296 = PCURVE('',#706,#1297);
#1297 = DEFINITIONAL_REPRESENTATION('',(#1298),#1306);
#1298 = ( BOUNDED_CURVE() B_SPLINE_CURVE(2,(#1299,#1300,#1301,#1302,
#1303,#1304,#1305),.UNSPECIFIED.,.T.,.F.) B_SPLINE_CURVE_WITH_KNOTS((1,2
    ,2,2,2,1),(-2.094395102393,0.,2.094395102393,4.188790204786,
6.28318530718,8.377580409573),.UNSPECIFIED.) CURVE() 
GEOMETRIC_REPRESENTATION_ITEM() RATIONAL_B_SPLINE_CURVE((1.,0.5,1.,0.5,
1.,0.5,1.)) REPRESENTATION_ITEM('') );
#1299 = CARTESIAN_POINT('',(-55.,-2.3));
#1300 = CARTESIAN_POINT('',(-58.9837168574,-2.3));
#1301 = CARTESIAN_POINT('',(-56.9918584287,1.15));
#1302 = CARTESIAN_POINT('',(-55.,4.6));
#1303 = CARTESIAN_POINT('',(-53.00814157129,1.15));
#1304 = CARTESIAN_POINT('',(-51.01628314259,-2.3));
#1305 = CARTESIAN_POINT('',(-55.,-2.3));
#1306 = ( GEOMETRIC_REPRESENTATION_CONTEXT(2) 
PARAMETRIC_REPRESENTATION_CONTEXT() REPRESENTATION_CONTEXT('2D SPACE',''
  ) );
#1307 = PCURVE('',#1308,#1313);
#1308 = CYLINDRICAL_SURFACE('',#1309,2.3);
#1309 = AXIS2_PLACEMENT_3D('',#1310,#1311,#1312);
#1310 = CARTESIAN_POINT('',(141.,-1.010333609297E-14,-55.));
#1311 = DIRECTION('',(-1.,-0.,-0.));
#1312 = DIRECTION('',(0.,1.,0.));
#1313 = DEFINITIONAL_REPRESENTATION('',(#1314),#1318);
#1314 = LINE('',#1315,#1316);
#1315 = CARTESIAN_POINT('',(-6.28318530718,-9.));
#1316 = VECTOR('',#1317,1.);
#1317 = DIRECTION('',(1.,-0.));
#1318 = ( GEOMETRIC_REPRESENTATION_CONTEXT(2) 
PARAMETRIC_REPRESENTATION_CONTEXT() REPRESENTATION_CONTEXT('2D SPACE',''
  ) );
#1319 = FACE_BOUND('',#1320,.T.);
#1320 = EDGE_LOOP('',(#1321));
#1321 = ORIENTED_EDGE('',*,*,#1322,.T.);
#1322 = EDGE_CURVE('',#1323,#1323,#1325,.T.);
#1323 = VERTEX_POINT('',#1324);
#1324 = CARTESIAN_POINT('',(150.,-45.33139720814,-27.5));
#1325 = SURFACE_CURVE('',#1326,(#1331,#1342),.PCURVE_S1.);
#1326 = CIRCLE('',#1327,2.3);
#1327 = AXIS2_PLACEMENT_3D('',#1328,#1329,#1330);
#1328 = CARTESIAN_POINT('',(150.,-47.63139720814,-27.5));
#1329 = DIRECTION('',(-1.,0.,0.));
#1330 = DIRECTION('',(0.,1.,0.));
#1331 = PCURVE('',#706,#1332);
#1332 = DEFINITIONAL_REPRESENTATION('',(#1333),#1341);
#1333 = ( BOUNDED_CURVE() B_SPLINE_CURVE(2,(#1334,#1335,#1336,#1337,
#1338,#1339,#1340),.UNSPECIFIED.,.T.,.F.) B_SPLINE_CURVE_WITH_KNOTS((1,2
    ,2,2,2,1),(-2.094395102393,0.,2.094395102393,4.188790204786,
6.28318530718,8.377580409573),.UNSPECIFIED.) CURVE() 
GEOMETRIC_REPRESENTATION_ITEM() RATIONAL_B_SPLINE_CURVE((1.,0.5,1.,0.5,
1.,0.5,1.)) REPRESENTATION_ITEM('') );
#1334 = CARTESIAN_POINT('',(-27.5,45.331397208144));
#1335 = CARTESIAN_POINT('',(-31.4837168574,45.331397208144));
#1336 = CARTESIAN_POINT('',(-29.4918584287,48.781397208144));
#1337 = CARTESIAN_POINT('',(-27.5,52.231397208144));
#1338 = CARTESIAN_POINT('',(-25.50814157129,48.781397208144));
#1339 = CARTESIAN_POINT('',(-23.51628314259,45.331397208144));
#1340 = CARTESIAN_POINT('',(-27.5,45.331397208144));
#1341 = ( GEOMETRIC_REPRESENTATION_CONTEXT(2) 
PARAMETRIC_REPRESENTATION_CONTEXT() REPRESENTATION_CONTEXT('2D SPACE',''
  ) );
#1342 = PCURVE('',#1343,#1348);
#1343 = CYLINDRICAL_SURFACE('',#1344,2.3);
#1344 = AXIS2_PLACEMENT_3D('',#1345,#1346,#1347);
#1345 = CARTESIAN_POINT('',(141.,-47.63139720814,-27.5));
#1346 = DIRECTION('',(-1.,-0.,-0.));
#1347 = DIRECTION('',(0.,1.,0.));
#1348 = DEFINITIONAL_REPRESENTATION('',(#1349),#1353);
#1349 = LINE('',#1350,#1351);
#1350 = CARTESIAN_POINT('',(-6.28318530718,-9.));
#1351 = VECTOR('',#1352,1.);
#1352 = DIRECTION('',(1.,-0.));
#1353 = ( GEOMETRIC_REPRESENTATION_CONTEXT(2) 
PARAMETRIC_REPRESENTATION_CONTEXT() REPRESENTATION_CONTEXT('2D SPACE',''
  ) );
#1354 = FACE_BOUND('',#1355,.T.);
#1355 = EDGE_LOOP('',(#1356));
#1356 = ORIENTED_EDGE('',*,*,#691,.T.);
#1357 = FACE_BOUND('',#1358,.T.);
#1358 = EDGE_LOOP('',(#1359));
#1359 = ORIENTED_EDGE('',*,*,#1360,.T.);
#1360 = EDGE_CURVE('',#1361,#1361,#1363,.T.);
#1361 = VERTEX_POINT('',#1362);
#1362 = CARTESIAN_POINT('',(150.,2.3,55.));
#1363 = SURFACE_CURVE('',#1364,(#1369,#1380),.PCURVE_S1.);
#1364 = CIRCLE('',#1365,2.3);
#1365 = AXIS2_PLACEMENT_3D('',#1366,#1367,#1368);
#1366 = CARTESIAN_POINT('',(150.,3.367778697655E-15,55.));
#1367 = DIRECTION('',(-1.,0.,0.));
#1368 = DIRECTION('',(0.,1.,0.));
#1369 = PCURVE('',#706,#1370);
#1370 = DEFINITIONAL_REPRESENTATION('',(#1371),#1379);
#1371 = ( BOUNDED_CURVE() B_SPLINE_CURVE(2,(#1372,#1373,#1374,#1375,
#1376,#1377,#1378),.UNSPECIFIED.,.T.,.F.) B_SPLINE_CURVE_WITH_KNOTS((1,2
    ,2,2,2,1),(-2.094395102393,0.,2.094395102393,4.188790204786,
6.28318530718,8.377580409573),.UNSPECIFIED.) CURVE() 
GEOMETRIC_REPRESENTATION_ITEM() RATIONAL_B_SPLINE_CURVE((1.,0.5,1.,0.5,
1.,0.5,1.)) REPRESENTATION_ITEM('') );
#1372 = CARTESIAN_POINT('',(55.,-2.3));
#1373 = CARTESIAN_POINT('',(51.016283142592,-2.3));
#1374 = CARTESIAN_POINT('',(53.008141571296,1.15));
#1375 = CARTESIAN_POINT('',(55.,4.6));
#1376 = CARTESIAN_POINT('',(56.991858428704,1.15));
#1377 = CARTESIAN_POINT('',(58.983716857408,-2.3));
#1378 = CARTESIAN_POINT('',(55.,-2.3));
#1379 = ( GEOMETRIC_REPRESENTATION_CONTEXT(2) 
PARAMETRIC_REPRESENTATION_CONTEXT() REPRESENTATION_CONTEXT('2D SPACE',''
  ) );
#1380 = PCURVE('',#1381,#1386);
#1381 = CYLINDRICAL_SURFACE('',#1382,2.3);
#1382 = AXIS2_PLACEMENT_3D('',#1383,#1384,#1385);
#1383 = CARTESIAN_POINT('',(141.,3.367778697655E-15,55.));
#1384 = DIRECTION('',(-1.,-0.,-0.));
#1385 = DIRECTION('',(0.,1.,0.));
#1386 = DEFINITIONAL_REPRESENTATION('',(#1387),#1391);
#1387 = LINE('',#1388,#1389);
#1388 = CARTESIAN_POINT('',(-6.28318530718,-9.));
#1389 = VECTOR('',#1390,1.);
#1390 = DIRECTION('',(1.,-0.));
#1391 = ( GEOMETRIC_REPRESENTATION_CONTEXT(2) 
PARAMETRIC_REPRESENTATION_CONTEXT() REPRESENTATION_CONTEXT('2D SPACE',''
  ) );
#1392 = FACE_BOUND('',#1393,.T.);
#1393 = EDGE_LOOP('',(#1394));
#1394 = ORIENTED_EDGE('',*,*,#1395,.T.);
#1395 = EDGE_CURVE('',#1396,#1396,#1398,.T.);
#1396 = VERTEX_POINT('',#1397);
#1397 = CARTESIAN_POINT('',(150.,-45.33139720814,27.5));
#1398 = SURFACE_CURVE('',#1399,(#1404,#1415),.PCURVE_S1.);
#1399 = CIRCLE('',#1400,2.3);
#1400 = AXIS2_PLACEMENT_3D('',#1401,#1402,#1403);
#1401 = CARTESIAN_POINT('',(150.,-47.63139720814,27.5));
#1402 = DIRECTION('',(-1.,0.,0.));
#1403 = DIRECTION('',(0.,1.,0.));
#1404 = PCURVE('',#706,#1405);
#1405 = DEFINITIONAL_REPRESENTATION('',(#1406),#1414);
#1406 = ( BOUNDED_CURVE() B_SPLINE_CURVE(2,(#1407,#1408,#1409,#1410,
#1411,#1412,#1413),.UNSPECIFIED.,.T.,.F.) B_SPLINE_CURVE_WITH_KNOTS((1,2
    ,2,2,2,1),(-2.094395102393,0.,2.094395102393,4.188790204786,
6.28318530718,8.377580409573),.UNSPECIFIED.) CURVE() 
GEOMETRIC_REPRESENTATION_ITEM() RATIONAL_B_SPLINE_CURVE((1.,0.5,1.,0.5,
1.,0.5,1.)) REPRESENTATION_ITEM('') );
#1407 = CARTESIAN_POINT('',(27.5,45.331397208144));
#1408 = CARTESIAN_POINT('',(23.516283142592,45.331397208144));
#1409 = CARTESIAN_POINT('',(25.508141571296,48.781397208144));
#1410 = CARTESIAN_POINT('',(27.5,52.231397208144));
#1411 = CARTESIAN_POINT('',(29.491858428704,48.781397208144));
#1412 = CARTESIAN_POINT('',(31.483716857408,45.331397208144));
#1413 = CARTESIAN_POINT('',(27.5,45.331397208144));
#1414 = ( GEOMETRIC_REPRESENTATION_CONTEXT(2) 
PARAMETRIC_REPRESENTATION_CONTEXT() REPRESENTATION_CONTEXT('2D SPACE',''
  ) );
#1415 = PCURVE('',#1416,#1421);
#1416 = CYLINDRICAL_SURFACE('',#1417,2.3);
#1417 = AXIS2_PLACEMENT_3D('',#1418,#1419,#1420);
#1418 = CARTESIAN_POINT('',(141.,-47.63139720814,27.5));
#1419 = DIRECTION('',(-1.,-0.,-0.));
#1420 = DIRECTION('',(0.,1.,0.));
#1421 = DEFINITIONAL_REPRESENTATION('',(#1422),#1426);
#1422 = LINE('',#1423,#1424);
#1423 = CARTESIAN_POINT('',(-6.28318530718,-9.));
#1424 = VECTOR('',#1425,1.);
#1425 = DIRECTION('',(1.,-0.));
#1426 = ( GEOMETRIC_REPRESENTATION_CONTEXT(2) 
PARAMETRIC_REPRESENTATION_CONTEXT() REPRESENTATION_CONTEXT('2D SPACE',''
  ) );
#1427 = ADVANCED_FACE('',(#1428),#744,.F.);
#1428 = FACE_BOUND('',#1429,.F.);
#1429 = EDGE_LOOP('',(#1430,#1453,#1454,#1477));
#1430 = ORIENTED_EDGE('',*,*,#1431,.F.);
#1431 = EDGE_CURVE('',#728,#1432,#1434,.T.);
#1432 = VERTEX_POINT('',#1433);
#1433 = CARTESIAN_POINT('',(-134.,-37.5,-20.));
#1434 = SURFACE_CURVE('',#1435,(#1439,#1446),.PCURVE_S1.);
#1435 = LINE('',#1436,#1437);
#1436 = CARTESIAN_POINT('',(-134.,-47.5,-20.));
#1437 = VECTOR('',#1438,1.);
#1438 = DIRECTION('',(0.,1.,0.));
#1439 = PCURVE('',#744,#1440);
#1440 = DEFINITIONAL_REPRESENTATION('',(#1441),#1445);
#1441 = LINE('',#1442,#1443);
#1442 = CARTESIAN_POINT('',(4.,0.));
#1443 = VECTOR('',#1444,1.);
#1444 = DIRECTION('',(0.,-1.));
#1445 = ( GEOMETRIC_REPRESENTATION_CONTEXT(2) 
PARAMETRIC_REPRESENTATION_CONTEXT() REPRESENTATION_CONTEXT('2D SPACE',''
  ) );
#1446 = PCURVE('',#832,#1447);
#1447 = DEFINITIONAL_REPRESENTATION('',(#1448),#1452);
#1448 = LINE('',#1449,#1450);
#1449 = CARTESIAN_POINT('',(0.,0.));
#1450 = VECTOR('',#1451,1.);
#1451 = DIRECTION('',(0.,1.));
#1452 = ( GEOMETRIC_REPRESENTATION_CONTEXT(2) 
PARAMETRIC_REPRESENTATION_CONTEXT() REPRESENTATION_CONTEXT('2D SPACE',''
  ) );
#1453 = ORIENTED_EDGE('',*,*,#725,.F.);
#1454 = ORIENTED_EDGE('',*,*,#1455,.T.);
#1455 = EDGE_CURVE('',#726,#1456,#1458,.T.);
#1456 = VERTEX_POINT('',#1457);
#1457 = CARTESIAN_POINT('',(-134.,-37.5,-24.));
#1458 = SURFACE_CURVE('',#1459,(#1463,#1470),.PCURVE_S1.);
#1459 = LINE('',#1460,#1461);
#1460 = CARTESIAN_POINT('',(-134.,-47.5,-24.));
#1461 = VECTOR('',#1462,1.);
#1462 = DIRECTION('',(0.,1.,0.));
#1463 = PCURVE('',#744,#1464);
#1464 = DEFINITIONAL_REPRESENTATION('',(#1465),#1469);
#1465 = LINE('',#1466,#1467);
#1466 = CARTESIAN_POINT('',(0.,0.));
#1467 = VECTOR('',#1468,1.);
#1468 = DIRECTION('',(0.,-1.));
#1469 = ( GEOMETRIC_REPRESENTATION_CONTEXT(2) 
PARAMETRIC_REPRESENTATION_CONTEXT() REPRESENTATION_CONTEXT('2D SPACE',''
  ) );
#1470 = PCURVE('',#775,#1471);
#1471 = DEFINITIONAL_REPRESENTATION('',(#1472),#1476);
#1472 = LINE('',#1473,#1474);
#1473 = CARTESIAN_POINT('',(0.,0.));
#1474 = VECTOR('',#1475,1.);
#1475 = DIRECTION('',(0.,1.));
#1476 = ( GEOMETRIC_REPRESENTATION_CONTEXT(2) 
PARAMETRIC_REPRESENTATION_CONTEXT() REPRESENTATION_CONTEXT('2D SPACE',''
  ) );
#1477 = ORIENTED_EDGE('',*,*,#1478,.T.);
#1478 = EDGE_CURVE('',#1456,#1432,#1479,.T.);
#1479 = SURFACE_CURVE('',#1480,(#1484,#1491),.PCURVE_S1.);
#1480 = LINE('',#1481,#1482);
#1481 = CARTESIAN_POINT('',(-134.,-37.5,-24.));
#1482 = VECTOR('',#1483,1.);
#1483 = DIRECTION('',(0.,0.,1.));
#1484 = PCURVE('',#744,#1485);
#1485 = DEFINITIONAL_REPRESENTATION('',(#1486),#1490);
#1486 = LINE('',#1487,#1488);
#1487 = CARTESIAN_POINT('',(0.,-10.));
#1488 = VECTOR('',#1489,1.);
#1489 = DIRECTION('',(1.,0.));
#1490 = ( GEOMETRIC_REPRESENTATION_CONTEXT(2) 
PARAMETRIC_REPRESENTATION_CONTEXT() REPRESENTATION_CONTEXT('2D SPACE',''
  ) );
#1491 = PCURVE('',#1492,#1497);
#1492 = PLANE('',#1493);
#1493 = AXIS2_PLACEMENT_3D('',#1494,#1495,#1496);
#1494 = CARTESIAN_POINT('',(-134.,-37.5,-24.));
#1495 = DIRECTION('',(0.,1.,0.));
#1496 = DIRECTION('',(0.,0.,1.));
#1497 = DEFINITIONAL_REPRESENTATION('',(#1498),#1502);
#1498 = LINE('',#1499,#1500);
#1499 = CARTESIAN_POINT('',(0.,0.));
#1500 = VECTOR('',#1501,1.);
#1501 = DIRECTION('',(1.,0.));
#1502 = ( GEOMETRIC_REPRESENTATION_CONTEXT(2) 
PARAMETRIC_REPRESENTATION_CONTEXT() REPRESENTATION_CONTEXT('2D SPACE',''
  ) );
#1503 = ADVANCED_FACE('',(#1504,#1552,#1587),#775,.F.);
#1504 = FACE_BOUND('',#1505,.F.);
#1505 = EDGE_LOOP('',(#1506,#1507,#1508,#1531));
#1506 = ORIENTED_EDGE('',*,*,#1455,.F.);
#1507 = ORIENTED_EDGE('',*,*,#760,.F.);
#1508 = ORIENTED_EDGE('',*,*,#1509,.T.);
#1509 = EDGE_CURVE('',#761,#1510,#1512,.T.);
#1510 = VERTEX_POINT('',#1511);
#1511 = CARTESIAN_POINT('',(134.,-37.5,-24.));
#1512 = SURFACE_CURVE('',#1513,(#1517,#1524),.PCURVE_S1.);
#1513 = LINE('',#1514,#1515);
#1514 = CARTESIAN_POINT('',(134.,-47.5,-24.));
#1515 = VECTOR('',#1516,1.);
#1516 = DIRECTION('',(0.,1.,0.));
#1517 = PCURVE('',#775,#1518);
#1518 = DEFINITIONAL_REPRESENTATION('',(#1519),#1523);
#1519 = LINE('',#1520,#1521);
#1520 = CARTESIAN_POINT('',(268.,0.));
#1521 = VECTOR('',#1522,1.);
#1522 = DIRECTION('',(0.,1.));
#1523 = ( GEOMETRIC_REPRESENTATION_CONTEXT(2) 
PARAMETRIC_REPRESENTATION_CONTEXT() REPRESENTATION_CONTEXT('2D SPACE',''
  ) );
#1524 = PCURVE('',#803,#1525);
#1525 = DEFINITIONAL_REPRESENTATION('',(#1526),#1530);
#1526 = LINE('',#1527,#1528);
#1527 = CARTESIAN_POINT('',(0.,0.));
#1528 = VECTOR('',#1529,1.);
#1529 = DIRECTION('',(0.,-1.));
#1530 = ( GEOMETRIC_REPRESENTATION_CONTEXT(2) 
PARAMETRIC_REPRESENTATION_CONTEXT() REPRESENTATION_CONTEXT('2D SPACE',''
  ) );
#1531 = ORIENTED_EDGE('',*,*,#1532,.F.);
#1532 = EDGE_CURVE('',#1456,#1510,#1533,.T.);
#1533 = SURFACE_CURVE('',#1534,(#1538,#1545),.PCURVE_S1.);
#1534 = LINE('',#1535,#1536);
#1535 = CARTESIAN_POINT('',(-134.,-37.5,-24.));
#1536 = VECTOR('',#1537,1.);
#1537 = DIRECTION('',(1.,0.,0.));
#1538 = PCURVE('',#775,#1539);
#1539 = DEFINITIONAL_REPRESENTATION('',(#1540),#1544);
#1540 = LINE('',#1541,#1542);
#1541 = CARTESIAN_POINT('',(0.,10.));
#1542 = VECTOR('',#1543,1.);
#1543 = DIRECTION('',(1.,0.));
#1544 = ( GEOMETRIC_REPRESENTATION_CONTEXT(2) 
PARAMETRIC_REPRESENTATION_CONTEXT() REPRESENTATION_CONTEXT('2D SPACE',''
  ) );
#1545 = PCURVE('',#1492,#1546);
#1546 = DEFINITIONAL_REPRESENTATION('',(#1547),#1551);
#1547 = LINE('',#1548,#1549);
#1548 = CARTESIAN_POINT('',(0.,0.));
#1549 = VECTOR('',#1550,1.);
#1550 = DIRECTION('',(0.,1.));
#1551 = ( GEOMETRIC_REPRESENTATION_CONTEXT(2) 
PARAMETRIC_REPRESENTATION_CONTEXT() REPRESENTATION_CONTEXT('2D SPACE',''
  ) );
#1552 = FACE_BOUND('',#1553,.F.);
#1553 = EDGE_LOOP('',(#1554));
#1554 = ORIENTED_EDGE('',*,*,#1555,.T.);
#1555 = EDGE_CURVE('',#1556,#1556,#1558,.T.);
#1556 = VERTEX_POINT('',#1557);
#1557 = CARTESIAN_POINT('',(-122.3,-40.,-24.));
#1558 = SURFACE_CURVE('',#1559,(#1564,#1575),.PCURVE_S1.);
#1559 = CIRCLE('',#1560,1.7);
#1560 = AXIS2_PLACEMENT_3D('',#1561,#1562,#1563);
#1561 = CARTESIAN_POINT('',(-124.,-40.,-24.));
#1562 = DIRECTION('',(0.,0.,-1.));
#1563 = DIRECTION('',(1.,0.,0.));
#1564 = PCURVE('',#775,#1565);
#1565 = DEFINITIONAL_REPRESENTATION('',(#1566),#1574);
#1566 = ( BOUNDED_CURVE() B_SPLINE_CURVE(2,(#1567,#1568,#1569,#1570,
#1571,#1572,#1573),.UNSPECIFIED.,.T.,.F.) B_SPLINE_CURVE_WITH_KNOTS((1,2
    ,2,2,2,1),(-2.094395102393,0.,2.094395102393,4.188790204786,
6.28318530718,8.377580409573),.UNSPECIFIED.) CURVE() 
GEOMETRIC_REPRESENTATION_ITEM() RATIONAL_B_SPLINE_CURVE((1.,0.5,1.,0.5,
1.,0.5,1.)) REPRESENTATION_ITEM('') );
#1567 = CARTESIAN_POINT('',(11.7,7.5));
#1568 = CARTESIAN_POINT('',(11.7,4.555513627133));
#1569 = CARTESIAN_POINT('',(9.15,6.027756813566));
#1570 = CARTESIAN_POINT('',(6.6,7.5));
#1571 = CARTESIAN_POINT('',(9.15,8.972243186434));
#1572 = CARTESIAN_POINT('',(11.7,10.444486372867));
#1573 = CARTESIAN_POINT('',(11.7,7.5));
#1574 = ( GEOMETRIC_REPRESENTATION_CONTEXT(2) 
PARAMETRIC_REPRESENTATION_CONTEXT() REPRESENTATION_CONTEXT('2D SPACE',''
  ) );
#1575 = PCURVE('',#1576,#1581);
#1576 = CYLINDRICAL_SURFACE('',#1577,1.7);
#1577 = AXIS2_PLACEMENT_3D('',#1578,#1579,#1580);
#1578 = CARTESIAN_POINT('',(-124.,-40.,-27.));
#1579 = DIRECTION('',(-0.,-0.,-1.));
#1580 = DIRECTION('',(1.,0.,0.));
#1581 = DEFINITIONAL_REPRESENTATION('',(#1582),#1586);
#1582 = LINE('',#1583,#1584);
#1583 = CARTESIAN_POINT('',(-6.28318530718,-3.));
#1584 = VECTOR('',#1585,1.);
#1585 = DIRECTION('',(1.,-0.));
#1586 = ( GEOMETRIC_REPRESENTATION_CONTEXT(2) 
PARAMETRIC_REPRESENTATION_CONTEXT() REPRESENTATION_CONTEXT('2D SPACE',''
  ) );
#1587 = FACE_BOUND('',#1588,.F.);
#1588 = EDGE_LOOP('',(#1589));
#1589 = ORIENTED_EDGE('',*,*,#1590,.T.);
#1590 = EDGE_CURVE('',#1591,#1591,#1593,.T.);
#1591 = VERTEX_POINT('',#1592);
#1592 = CARTESIAN_POINT('',(125.7,-40.,-24.));
#1593 = SURFACE_CURVE('',#1594,(#1599,#1610),.PCURVE_S1.);
#1594 = CIRCLE('',#1595,1.7);
#1595 = AXIS2_PLACEMENT_3D('',#1596,#1597,#1598);
#1596 = CARTESIAN_POINT('',(124.,-40.,-24.));
#1597 = DIRECTION('',(0.,0.,-1.));
#1598 = DIRECTION('',(1.,0.,0.));
#1599 = PCURVE('',#775,#1600);
#1600 = DEFINITIONAL_REPRESENTATION('',(#1601),#1609);
#1601 = ( BOUNDED_CURVE() B_SPLINE_CURVE(2,(#1602,#1603,#1604,#1605,
#1606,#1607,#1608),.UNSPECIFIED.,.T.,.F.) B_SPLINE_CURVE_WITH_KNOTS((1,2
    ,2,2,2,1),(-2.094395102393,0.,2.094395102393,4.188790204786,
6.28318530718,8.377580409573),.UNSPECIFIED.) CURVE() 
GEOMETRIC_REPRESENTATION_ITEM() RATIONAL_B_SPLINE_CURVE((1.,0.5,1.,0.5,
1.,0.5,1.)) REPRESENTATION_ITEM('') );
#1602 = CARTESIAN_POINT('',(259.7,7.5));
#1603 = CARTESIAN_POINT('',(259.7,4.555513627133));
#1604 = CARTESIAN_POINT('',(257.15,6.027756813566));
#1605 = CARTESIAN_POINT('',(254.6,7.5));
#1606 = CARTESIAN_POINT('',(257.15,8.972243186434));
#1607 = CARTESIAN_POINT('',(259.7,10.444486372867));
#1608 = CARTESIAN_POINT('',(259.7,7.5));
#1609 = ( GEOMETRIC_REPRESENTATION_CONTEXT(2) 
PARAMETRIC_REPRESENTATION_CONTEXT() REPRESENTATION_CONTEXT('2D SPACE',''
  ) );
#1610 = PCURVE('',#1611,#1616);
#1611 = CYLINDRICAL_SURFACE('',#1612,1.7);
#1612 = AXIS2_PLACEMENT_3D('',#1613,#1614,#1615);
#1613 = CARTESIAN_POINT('',(124.,-40.,-27.));
#1614 = DIRECTION('',(-0.,-0.,-1.));
#1615 = DIRECTION('',(1.,0.,0.));
#1616 = DEFINITIONAL_REPRESENTATION('',(#1617),#1621);
#1617 = LINE('',#1618,#1619);
#1618 = CARTESIAN_POINT('',(-6.28318530718,-3.));
#1619 = VECTOR('',#1620,1.);
#1620 = DIRECTION('',(1.,-0.));
#1621 = ( GEOMETRIC_REPRESENTATION_CONTEXT(2) 
PARAMETRIC_REPRESENTATION_CONTEXT() REPRESENTATION_CONTEXT('2D SPACE',''
  ) );
#1622 = ADVANCED_FACE('',(#1623,#1671,#1701),#832,.T.);
#1623 = FACE_BOUND('',#1624,.T.);
#1624 = EDGE_LOOP('',(#1625,#1626,#1627,#1650));
#1625 = ORIENTED_EDGE('',*,*,#1431,.F.);
#1626 = ORIENTED_EDGE('',*,*,#819,.F.);
#1627 = ORIENTED_EDGE('',*,*,#1628,.T.);
#1628 = EDGE_CURVE('',#787,#1629,#1631,.T.);
#1629 = VERTEX_POINT('',#1630);
#1630 = CARTESIAN_POINT('',(134.,-37.5,-20.));
#1631 = SURFACE_CURVE('',#1632,(#1636,#1643),.PCURVE_S1.);
#1632 = LINE('',#1633,#1634);
#1633 = CARTESIAN_POINT('',(134.,-47.5,-20.));
#1634 = VECTOR('',#1635,1.);
#1635 = DIRECTION('',(0.,1.,0.));
#1636 = PCURVE('',#832,#1637);
#1637 = DEFINITIONAL_REPRESENTATION('',(#1638),#1642);
#1638 = LINE('',#1639,#1640);
#1639 = CARTESIAN_POINT('',(268.,0.));
#1640 = VECTOR('',#1641,1.);
#1641 = DIRECTION('',(0.,1.));
#1642 = ( GEOMETRIC_REPRESENTATION_CONTEXT(2) 
PARAMETRIC_REPRESENTATION_CONTEXT() REPRESENTATION_CONTEXT('2D SPACE',''
  ) );
#1643 = PCURVE('',#803,#1644);
#1644 = DEFINITIONAL_REPRESENTATION('',(#1645),#1649);
#1645 = LINE('',#1646,#1647);
#1646 = CARTESIAN_POINT('',(4.,0.));
#1647 = VECTOR('',#1648,1.);
#1648 = DIRECTION('',(0.,-1.));
#1649 = ( GEOMETRIC_REPRESENTATION_CONTEXT(2) 
PARAMETRIC_REPRESENTATION_CONTEXT() REPRESENTATION_CONTEXT('2D SPACE',''
  ) );
#1650 = ORIENTED_EDGE('',*,*,#1651,.F.);
#1651 = EDGE_CURVE('',#1432,#1629,#1652,.T.);
#1652 = SURFACE_CURVE('',#1653,(#1657,#1664),.PCURVE_S1.);
#1653 = LINE('',#1654,#1655);
#1654 = CARTESIAN_POINT('',(-134.,-37.5,-20.));
#1655 = VECTOR('',#1656,1.);
#1656 = DIRECTION('',(1.,0.,0.));
#1657 = PCURVE('',#832,#1658);
#1658 = DEFINITIONAL_REPRESENTATION('',(#1659),#1663);
#1659 = LINE('',#1660,#1661);
#1660 = CARTESIAN_POINT('',(0.,10.));
#1661 = VECTOR('',#1662,1.);
#1662 = DIRECTION('',(1.,0.));
#1663 = ( GEOMETRIC_REPRESENTATION_CONTEXT(2) 
PARAMETRIC_REPRESENTATION_CONTEXT() REPRESENTATION_CONTEXT('2D SPACE',''
  ) );
#1664 = PCURVE('',#1492,#1665);
#1665 = DEFINITIONAL_REPRESENTATION('',(#1666),#1670);
#1666 = LINE('',#1667,#1668);
#1667 = CARTESIAN_POINT('',(4.,0.));
#1668 = VECTOR('',#1669,1.);
#1669 = DIRECTION('',(0.,1.));
#1670 = ( GEOMETRIC_REPRESENTATION_CONTEXT(2) 
PARAMETRIC_REPRESENTATION_CONTEXT() REPRESENTATION_CONTEXT('2D SPACE',''
  ) );
#1671 = FACE_BOUND('',#1672,.T.);
#1672 = EDGE_LOOP('',(#1673));
#1673 = ORIENTED_EDGE('',*,*,#1674,.T.);
#1674 = EDGE_CURVE('',#1675,#1675,#1677,.T.);
#1675 = VERTEX_POINT('',#1676);
#1676 = CARTESIAN_POINT('',(-122.3,-40.,-20.));
#1677 = SURFACE_CURVE('',#1678,(#1683,#1694),.PCURVE_S1.);
#1678 = CIRCLE('',#1679,1.7);
#1679 = AXIS2_PLACEMENT_3D('',#1680,#1681,#1682);
#1680 = CARTESIAN_POINT('',(-124.,-40.,-20.));
#1681 = DIRECTION('',(0.,0.,-1.));
#1682 = DIRECTION('',(1.,0.,0.));
#1683 = PCURVE('',#832,#1684);
#1684 = DEFINITIONAL_REPRESENTATION('',(#1685),#1693);
#1685 = ( BOUNDED_CURVE() B_SPLINE_CURVE(2,(#1686,#1687,#1688,#1689,
#1690,#1691,#1692),.UNSPECIFIED.,.T.,.F.) B_SPLINE_CURVE_WITH_KNOTS((1,2
    ,2,2,2,1),(-2.094395102393,0.,2.094395102393,4.188790204786,
6.28318530718,8.377580409573),.UNSPECIFIED.) CURVE() 
GEOMETRIC_REPRESENTATION_ITEM() RATIONAL_B_SPLINE_CURVE((1.,0.5,1.,0.5,
1.,0.5,1.)) REPRESENTATION_ITEM('') );
#1686 = CARTESIAN_POINT('',(11.7,7.5));
#1687 = CARTESIAN_POINT('',(11.7,4.555513627133));
#1688 = CARTESIAN_POINT('',(9.15,6.027756813566));
#1689 = CARTESIAN_POINT('',(6.6,7.5));
#1690 = CARTESIAN_POINT('',(9.15,8.972243186434));
#1691 = CARTESIAN_POINT('',(11.7,10.444486372867));
#1692 = CARTESIAN_POINT('',(11.7,7.5));
#1693 = ( GEOMETRIC_REPRESENTATION_CONTEXT(2) 
PARAMETRIC_REPRESENTATION_CONTEXT() REPRESENTATION_CONTEXT('2D SPACE',''
  ) );
#1694 = PCURVE('',#1576,#1695);
#1695 = DEFINITIONAL_REPRESENTATION('',(#1696),#1700);
#1696 = LINE('',#1697,#1698);
#1697 = CARTESIAN_POINT('',(-6.28318530718,-7.));
#1698 = VECTOR('',#1699,1.);
#1699 = DIRECTION('',(1.,-0.));
#1700 = ( GEOMETRIC_REPRESENTATION_CONTEXT(2) 
PARAMETRIC_REPRESENTATION_CONTEXT() REPRESENTATION_CONTEXT('2D SPACE',''
  ) );
#1701 = FACE_BOUND('',#1702,.T.);
#1702 = EDGE_LOOP('',(#1703));
#1703 = ORIENTED_EDGE('',*,*,#1704,.T.);
#1704 = EDGE_CURVE('',#1705,#1705,#1707,.T.);
#1705 = VERTEX_POINT('',#1706);
#1706 = CARTESIAN_POINT('',(125.7,-40.,-20.));
#1707 = SURFACE_CURVE('',#1708,(#1713,#1724),.PCURVE_S1.);
#1708 = CIRCLE('',#1709,1.7);
#1709 = AXIS2_PLACEMENT_3D('',#1710,#1711,#1712);
#1710 = CARTESIAN_POINT('',(124.,-40.,-20.));
#1711 = DIRECTION('',(0.,0.,-1.));
#1712 = DIRECTION('',(1.,0.,0.));
#1713 = PCURVE('',#832,#1714);
#1714 = DEFINITIONAL_REPRESENTATION('',(#1715),#1723);
#1715 = ( BOUNDED_CURVE() B_SPLINE_CURVE(2,(#1716,#1717,#1718,#1719,
#1720,#1721,#1722),.UNSPECIFIED.,.T.,.F.) B_SPLINE_CURVE_WITH_KNOTS((1,2
    ,2,2,2,1),(-2.094395102393,0.,2.094395102393,4.188790204786,
6.28318530718,8.377580409573),.UNSPECIFIED.) CURVE() 
GEOMETRIC_REPRESENTATION_ITEM() RATIONAL_B_SPLINE_CURVE((1.,0.5,1.,0.5,
1.,0.5,1.)) REPRESENTATION_ITEM('') );
#1716 = CARTESIAN_POINT('',(259.7,7.5));
#1717 = CARTESIAN_POINT('',(259.7,4.555513627133));
#1718 = CARTESIAN_POINT('',(257.15,6.027756813566));
#1719 = CARTESIAN_POINT('',(254.6,7.5));
#1720 = CARTESIAN_POINT('',(257.15,8.972243186434));
#1721 = CARTESIAN_POINT('',(259.7,10.444486372867));
#1722 = CARTESIAN_POINT('',(259.7,7.5));
#1723 = ( GEOMETRIC_REPRESENTATION_CONTEXT(2) 
PARAMETRIC_REPRESENTATION_CONTEXT() REPRESENTATION_CONTEXT('2D SPACE',''
  ) );
#1724 = PCURVE('',#1611,#1725);
#1725 = DEFINITIONAL_REPRESENTATION('',(#1726),#1730);
#1726 = LINE('',#1727,#1728);
#1727 = CARTESIAN_POINT('',(-6.28318530718,-7.));
#1728 = VECTOR('',#1729,1.);
#1729 = DIRECTION('',(1.,-0.));
#1730 = ( GEOMETRIC_REPRESENTATION_CONTEXT(2) 
PARAMETRIC_REPRESENTATION_CONTEXT() REPRESENTATION_CONTEXT('2D SPACE',''
  ) );
#1731 = ADVANCED_FACE('',(#1732),#803,.T.);
#1732 = FACE_BOUND('',#1733,.T.);
#1733 = EDGE_LOOP('',(#1734,#1735,#1736,#1737));
#1734 = ORIENTED_EDGE('',*,*,#1628,.F.);
#1735 = ORIENTED_EDGE('',*,*,#786,.F.);
#1736 = ORIENTED_EDGE('',*,*,#1509,.T.);
#1737 = ORIENTED_EDGE('',*,*,#1738,.T.);
#1738 = EDGE_CURVE('',#1510,#1629,#1739,.T.);
#1739 = SURFACE_CURVE('',#1740,(#1744,#1751),.PCURVE_S1.);
#1740 = LINE('',#1741,#1742);
#1741 = CARTESIAN_POINT('',(134.,-37.5,-24.));
#1742 = VECTOR('',#1743,1.);
#1743 = DIRECTION('',(0.,0.,1.));
#1744 = PCURVE('',#803,#1745);
#1745 = DEFINITIONAL_REPRESENTATION('',(#1746),#1750);
#1746 = LINE('',#1747,#1748);
#1747 = CARTESIAN_POINT('',(0.,-10.));
#1748 = VECTOR('',#1749,1.);
#1749 = DIRECTION('',(1.,0.));
#1750 = ( GEOMETRIC_REPRESENTATION_CONTEXT(2) 
PARAMETRIC_REPRESENTATION_CONTEXT() REPRESENTATION_CONTEXT('2D SPACE',''
  ) );
#1751 = PCURVE('',#1492,#1752);
#1752 = DEFINITIONAL_REPRESENTATION('',(#1753),#1757);
#1753 = LINE('',#1754,#1755);
#1754 = CARTESIAN_POINT('',(0.,268.));
#1755 = VECTOR('',#1756,1.);
#1756 = DIRECTION('',(1.,0.));
#1757 = ( GEOMETRIC_REPRESENTATION_CONTEXT(2) 
PARAMETRIC_REPRESENTATION_CONTEXT() REPRESENTATION_CONTEXT('2D SPACE',''
  ) );
#1758 = ADVANCED_FACE('',(#1759),#864,.F.);
#1759 = FACE_BOUND('',#1760,.F.);
#1760 = EDGE_LOOP('',(#1761,#1784,#1812,#1833));
#1761 = ORIENTED_EDGE('',*,*,#1762,.F.);
#1762 = EDGE_CURVE('',#1763,#846,#1765,.T.);
#1763 = VERTEX_POINT('',#1764);
#1764 = CARTESIAN_POINT('',(-134.,37.5,-20.));
#1765 = SURFACE_CURVE('',#1766,(#1770,#1777),.PCURVE_S1.);
#1766 = LINE('',#1767,#1768);
#1767 = CARTESIAN_POINT('',(-134.,37.5,-20.));
#1768 = VECTOR('',#1769,1.);
#1769 = DIRECTION('',(0.,1.,0.));
#1770 = PCURVE('',#864,#1771);
#1771 = DEFINITIONAL_REPRESENTATION('',(#1772),#1776);
#1772 = LINE('',#1773,#1774);
#1773 = CARTESIAN_POINT('',(4.,0.));
#1774 = VECTOR('',#1775,1.);
#1775 = DIRECTION('',(0.,-1.));
#1776 = ( GEOMETRIC_REPRESENTATION_CONTEXT(2) 
PARAMETRIC_REPRESENTATION_CONTEXT() REPRESENTATION_CONTEXT('2D SPACE',''
  ) );
#1777 = PCURVE('',#895,#1778);
#1778 = DEFINITIONAL_REPRESENTATION('',(#1779),#1783);
#1779 = LINE('',#1780,#1781);
#1780 = CARTESIAN_POINT('',(0.,0.));
#1781 = VECTOR('',#1782,1.);
#1782 = DIRECTION('',(0.,1.));
#1783 = ( GEOMETRIC_REPRESENTATION_CONTEXT(2) 
PARAMETRIC_REPRESENTATION_CONTEXT() REPRESENTATION_CONTEXT('2D SPACE',''
  ) );
#1784 = ORIENTED_EDGE('',*,*,#1785,.F.);
#1785 = EDGE_CURVE('',#1786,#1763,#1788,.T.);
#1786 = VERTEX_POINT('',#1787);
#1787 = CARTESIAN_POINT('',(-134.,37.5,-24.));
#1788 = SURFACE_CURVE('',#1789,(#1793,#1800),.PCURVE_S1.);
#1789 = LINE('',#1790,#1791);
#1790 = CARTESIAN_POINT('',(-134.,37.5,-24.));
#1791 = VECTOR('',#1792,1.);
#1792 = DIRECTION('',(0.,0.,1.));
#1793 = PCURVE('',#864,#1794);
#1794 = DEFINITIONAL_REPRESENTATION('',(#1795),#1799);
#1795 = LINE('',#1796,#1797);
#1796 = CARTESIAN_POINT('',(0.,0.));
#1797 = VECTOR('',#1798,1.);
#1798 = DIRECTION('',(1.,0.));
#1799 = ( GEOMETRIC_REPRESENTATION_CONTEXT(2) 
PARAMETRIC_REPRESENTATION_CONTEXT() REPRESENTATION_CONTEXT('2D SPACE',''
  ) );
#1800 = PCURVE('',#1801,#1806);
#1801 = PLANE('',#1802);
#1802 = AXIS2_PLACEMENT_3D('',#1803,#1804,#1805);
#1803 = CARTESIAN_POINT('',(-134.,37.5,-24.));
#1804 = DIRECTION('',(0.,1.,0.));
#1805 = DIRECTION('',(0.,0.,1.));
#1806 = DEFINITIONAL_REPRESENTATION('',(#1807),#1811);
#1807 = LINE('',#1808,#1809);
#1808 = CARTESIAN_POINT('',(0.,0.));
#1809 = VECTOR('',#1810,1.);
#1810 = DIRECTION('',(1.,0.));
#1811 = ( GEOMETRIC_REPRESENTATION_CONTEXT(2) 
PARAMETRIC_REPRESENTATION_CONTEXT() REPRESENTATION_CONTEXT('2D SPACE',''
  ) );
#1812 = ORIENTED_EDGE('',*,*,#1813,.T.);
#1813 = EDGE_CURVE('',#1786,#848,#1814,.T.);
#1814 = SURFACE_CURVE('',#1815,(#1819,#1826),.PCURVE_S1.);
#1815 = LINE('',#1816,#1817);
#1816 = CARTESIAN_POINT('',(-134.,37.5,-24.));
#1817 = VECTOR('',#1818,1.);
#1818 = DIRECTION('',(0.,1.,0.));
#1819 = PCURVE('',#864,#1820);
#1820 = DEFINITIONAL_REPRESENTATION('',(#1821),#1825);
#1821 = LINE('',#1822,#1823);
#1822 = CARTESIAN_POINT('',(0.,0.));
#1823 = VECTOR('',#1824,1.);
#1824 = DIRECTION('',(0.,-1.));
#1825 = ( GEOMETRIC_REPRESENTATION_CONTEXT(2) 
PARAMETRIC_REPRESENTATION_CONTEXT() REPRESENTATION_CONTEXT('2D SPACE',''
  ) );
#1826 = PCURVE('',#952,#1827);
#1827 = DEFINITIONAL_REPRESENTATION('',(#1828),#1832);
#1828 = LINE('',#1829,#1830);
#1829 = CARTESIAN_POINT('',(0.,0.));
#1830 = VECTOR('',#1831,1.);
#1831 = DIRECTION('',(0.,1.));
#1832 = ( GEOMETRIC_REPRESENTATION_CONTEXT(2) 
PARAMETRIC_REPRESENTATION_CONTEXT() REPRESENTATION_CONTEXT('2D SPACE',''
  ) );
#1833 = ORIENTED_EDGE('',*,*,#845,.F.);
#1834 = ADVANCED_FACE('',(#1835,#1883,#1918),#952,.F.);
#1835 = FACE_BOUND('',#1836,.F.);
#1836 = EDGE_LOOP('',(#1837,#1838,#1861,#1882));
#1837 = ORIENTED_EDGE('',*,*,#1813,.F.);
#1838 = ORIENTED_EDGE('',*,*,#1839,.T.);
#1839 = EDGE_CURVE('',#1786,#1840,#1842,.T.);
#1840 = VERTEX_POINT('',#1841);
#1841 = CARTESIAN_POINT('',(134.,37.5,-24.));
#1842 = SURFACE_CURVE('',#1843,(#1847,#1854),.PCURVE_S1.);
#1843 = LINE('',#1844,#1845);
#1844 = CARTESIAN_POINT('',(-134.,37.5,-24.));
#1845 = VECTOR('',#1846,1.);
#1846 = DIRECTION('',(1.,0.,0.));
#1847 = PCURVE('',#952,#1848);
#1848 = DEFINITIONAL_REPRESENTATION('',(#1849),#1853);
#1849 = LINE('',#1850,#1851);
#1850 = CARTESIAN_POINT('',(0.,0.));
#1851 = VECTOR('',#1852,1.);
#1852 = DIRECTION('',(1.,0.));
#1853 = ( GEOMETRIC_REPRESENTATION_CONTEXT(2) 
PARAMETRIC_REPRESENTATION_CONTEXT() REPRESENTATION_CONTEXT('2D SPACE',''
  ) );
#1854 = PCURVE('',#1801,#1855);
#1855 = DEFINITIONAL_REPRESENTATION('',(#1856),#1860);
#1856 = LINE('',#1857,#1858);
#1857 = CARTESIAN_POINT('',(0.,0.));
#1858 = VECTOR('',#1859,1.);
#1859 = DIRECTION('',(0.,1.));
#1860 = ( GEOMETRIC_REPRESENTATION_CONTEXT(2) 
PARAMETRIC_REPRESENTATION_CONTEXT() REPRESENTATION_CONTEXT('2D SPACE',''
  ) );
#1861 = ORIENTED_EDGE('',*,*,#1862,.T.);
#1862 = EDGE_CURVE('',#1840,#907,#1863,.T.);
#1863 = SURFACE_CURVE('',#1864,(#1868,#1875),.PCURVE_S1.);
#1864 = LINE('',#1865,#1866);
#1865 = CARTESIAN_POINT('',(134.,37.5,-24.));
#1866 = VECTOR('',#1867,1.);
#1867 = DIRECTION('',(0.,1.,0.));
#1868 = PCURVE('',#952,#1869);
#1869 = DEFINITIONAL_REPRESENTATION('',(#1870),#1874);
#1870 = LINE('',#1871,#1872);
#1871 = CARTESIAN_POINT('',(268.,0.));
#1872 = VECTOR('',#1873,1.);
#1873 = DIRECTION('',(0.,1.));
#1874 = ( GEOMETRIC_REPRESENTATION_CONTEXT(2) 
PARAMETRIC_REPRESENTATION_CONTEXT() REPRESENTATION_CONTEXT('2D SPACE',''
  ) );
#1875 = PCURVE('',#923,#1876);
#1876 = DEFINITIONAL_REPRESENTATION('',(#1877),#1881);
#1877 = LINE('',#1878,#1879);
#1878 = CARTESIAN_POINT('',(0.,0.));
#1879 = VECTOR('',#1880,1.);
#1880 = DIRECTION('',(0.,-1.));
#1881 = ( GEOMETRIC_REPRESENTATION_CONTEXT(2) 
PARAMETRIC_REPRESENTATION_CONTEXT() REPRESENTATION_CONTEXT('2D SPACE',''
  ) );
#1882 = ORIENTED_EDGE('',*,*,#939,.T.);
#1883 = FACE_BOUND('',#1884,.F.);
#1884 = EDGE_LOOP('',(#1885));
#1885 = ORIENTED_EDGE('',*,*,#1886,.T.);
#1886 = EDGE_CURVE('',#1887,#1887,#1889,.T.);
#1887 = VERTEX_POINT('',#1888);
#1888 = CARTESIAN_POINT('',(-122.3,40.,-24.));
#1889 = SURFACE_CURVE('',#1890,(#1895,#1906),.PCURVE_S1.);
#1890 = CIRCLE('',#1891,1.7);
#1891 = AXIS2_PLACEMENT_3D('',#1892,#1893,#1894);
#1892 = CARTESIAN_POINT('',(-124.,40.,-24.));
#1893 = DIRECTION('',(0.,0.,-1.));
#1894 = DIRECTION('',(1.,0.,0.));
#1895 = PCURVE('',#952,#1896);
#1896 = DEFINITIONAL_REPRESENTATION('',(#1897),#1905);
#1897 = ( BOUNDED_CURVE() B_SPLINE_CURVE(2,(#1898,#1899,#1900,#1901,
#1902,#1903,#1904),.UNSPECIFIED.,.T.,.F.) B_SPLINE_CURVE_WITH_KNOTS((1,2
    ,2,2,2,1),(-2.094395102393,0.,2.094395102393,4.188790204786,
6.28318530718,8.377580409573),.UNSPECIFIED.) CURVE() 
GEOMETRIC_REPRESENTATION_ITEM() RATIONAL_B_SPLINE_CURVE((1.,0.5,1.,0.5,
1.,0.5,1.)) REPRESENTATION_ITEM('') );
#1898 = CARTESIAN_POINT('',(11.7,2.5));
#1899 = CARTESIAN_POINT('',(11.7,-0.444486372867));
#1900 = CARTESIAN_POINT('',(9.15,1.027756813566));
#1901 = CARTESIAN_POINT('',(6.6,2.5));
#1902 = CARTESIAN_POINT('',(9.15,3.972243186434));
#1903 = CARTESIAN_POINT('',(11.7,5.444486372867));
#1904 = CARTESIAN_POINT('',(11.7,2.5));
#1905 = ( GEOMETRIC_REPRESENTATION_CONTEXT(2) 
PARAMETRIC_REPRESENTATION_CONTEXT() REPRESENTATION_CONTEXT('2D SPACE',''
  ) );
#1906 = PCURVE('',#1907,#1912);
#1907 = CYLINDRICAL_SURFACE('',#1908,1.7);
#1908 = AXIS2_PLACEMENT_3D('',#1909,#1910,#1911);
#1909 = CARTESIAN_POINT('',(-124.,40.,-27.));
#1910 = DIRECTION('',(-0.,-0.,-1.));
#1911 = DIRECTION('',(1.,0.,0.));
#1912 = DEFINITIONAL_REPRESENTATION('',(#1913),#1917);
#1913 = LINE('',#1914,#1915);
#1914 = CARTESIAN_POINT('',(-6.28318530718,-3.));
#1915 = VECTOR('',#1916,1.);
#1916 = DIRECTION('',(1.,-0.));
#1917 = ( GEOMETRIC_REPRESENTATION_CONTEXT(2) 
PARAMETRIC_REPRESENTATION_CONTEXT() REPRESENTATION_CONTEXT('2D SPACE',''
  ) );
#1918 = FACE_BOUND('',#1919,.F.);
#1919 = EDGE_LOOP('',(#1920));
#1920 = ORIENTED_EDGE('',*,*,#1921,.T.);
#1921 = EDGE_CURVE('',#1922,#1922,#1924,.T.);
#1922 = VERTEX_POINT('',#1923);
#1923 = CARTESIAN_POINT('',(125.7,40.,-24.));
#1924 = SURFACE_CURVE('',#1925,(#1930,#1941),.PCURVE_S1.);
#1925 = CIRCLE('',#1926,1.7);
#1926 = AXIS2_PLACEMENT_3D('',#1927,#1928,#1929);
#1927 = CARTESIAN_POINT('',(124.,40.,-24.));
#1928 = DIRECTION('',(0.,0.,-1.));
#1929 = DIRECTION('',(1.,0.,0.));
#1930 = PCURVE('',#952,#1931);
#1931 = DEFINITIONAL_REPRESENTATION('',(#1932),#1940);
#1932 = ( BOUNDED_CURVE() B_SPLINE_CURVE(2,(#1933,#1934,#1935,#1936,
#1937,#1938,#1939),.UNSPECIFIED.,.T.,.F.) B_SPLINE_CURVE_WITH_KNOTS((1,2
    ,2,2,2,1),(-2.094395102393,0.,2.094395102393,4.188790204786,
6.28318530718,8.377580409573),.UNSPECIFIED.) CURVE() 
GEOMETRIC_REPRESENTATION_ITEM() RATIONAL_B_SPLINE_CURVE((1.,0.5,1.,0.5,
1.,0.5,1.)) REPRESENTATION_ITEM('') );
#1933 = CARTESIAN_POINT('',(259.7,2.5));
#1934 = CARTESIAN_POINT('',(259.7,-0.444486372867));
#1935 = CARTESIAN_POINT('',(257.15,1.027756813566));
#1936 = CARTESIAN_POINT('',(254.6,2.5));
#1937 = CARTESIAN_POINT('',(257.15,3.972243186434));
#1938 = CARTESIAN_POINT('',(259.7,5.444486372867));
#1939 = CARTESIAN_POINT('',(259.7,2.5));
#1940 = ( GEOMETRIC_REPRESENTATION_CONTEXT(2) 
PARAMETRIC_REPRESENTATION_CONTEXT() REPRESENTATION_CONTEXT('2D SPACE',''
  ) );
#1941 = PCURVE('',#1942,#1947);
#1942 = CYLINDRICAL_SURFACE('',#1943,1.7);
#1943 = AXIS2_PLACEMENT_3D('',#1944,#1945,#1946);
#1944 = CARTESIAN_POINT('',(124.,40.,-27.));
#1945 = DIRECTION('',(-0.,-0.,-1.));
#1946 = DIRECTION('',(1.,0.,0.));
#1947 = DEFINITIONAL_REPRESENTATION('',(#1948),#1952);
#1948 = LINE('',#1949,#1950);
#1949 = CARTESIAN_POINT('',(-6.28318530718,-3.));
#1950 = VECTOR('',#1951,1.);
#1951 = DIRECTION('',(1.,-0.));
#1952 = ( GEOMETRIC_REPRESENTATION_CONTEXT(2) 
PARAMETRIC_REPRESENTATION_CONTEXT() REPRESENTATION_CONTEXT('2D SPACE',''
  ) );
#1953 = ADVANCED_FACE('',(#1954),#923,.T.);
#1954 = FACE_BOUND('',#1955,.T.);
#1955 = EDGE_LOOP('',(#1956,#1979,#2000,#2001));
#1956 = ORIENTED_EDGE('',*,*,#1957,.F.);
#1957 = EDGE_CURVE('',#1958,#881,#1960,.T.);
#1958 = VERTEX_POINT('',#1959);
#1959 = CARTESIAN_POINT('',(134.,37.5,-20.));
#1960 = SURFACE_CURVE('',#1961,(#1965,#1972),.PCURVE_S1.);
#1961 = LINE('',#1962,#1963);
#1962 = CARTESIAN_POINT('',(134.,37.5,-20.));
#1963 = VECTOR('',#1964,1.);
#1964 = DIRECTION('',(0.,1.,0.));
#1965 = PCURVE('',#923,#1966);
#1966 = DEFINITIONAL_REPRESENTATION('',(#1967),#1971);
#1967 = LINE('',#1968,#1969);
#1968 = CARTESIAN_POINT('',(4.,0.));
#1969 = VECTOR('',#1970,1.);
#1970 = DIRECTION('',(0.,-1.));
#1971 = ( GEOMETRIC_REPRESENTATION_CONTEXT(2) 
PARAMETRIC_REPRESENTATION_CONTEXT() REPRESENTATION_CONTEXT('2D SPACE',''
  ) );
#1972 = PCURVE('',#895,#1973);
#1973 = DEFINITIONAL_REPRESENTATION('',(#1974),#1978);
#1974 = LINE('',#1975,#1976);
#1975 = CARTESIAN_POINT('',(268.,0.));
#1976 = VECTOR('',#1977,1.);
#1977 = DIRECTION('',(0.,1.));
#1978 = ( GEOMETRIC_REPRESENTATION_CONTEXT(2) 
PARAMETRIC_REPRESENTATION_CONTEXT() REPRESENTATION_CONTEXT('2D SPACE',''
  ) );
#1979 = ORIENTED_EDGE('',*,*,#1980,.F.);
#1980 = EDGE_CURVE('',#1840,#1958,#1981,.T.);
#1981 = SURFACE_CURVE('',#1982,(#1986,#1993),.PCURVE_S1.);
#1982 = LINE('',#1983,#1984);
#1983 = CARTESIAN_POINT('',(134.,37.5,-24.));
#1984 = VECTOR('',#1985,1.);
#1985 = DIRECTION('',(0.,0.,1.));
#1986 = PCURVE('',#923,#1987);
#1987 = DEFINITIONAL_REPRESENTATION('',(#1988),#1992);
#1988 = LINE('',#1989,#1990);
#1989 = CARTESIAN_POINT('',(0.,0.));
#1990 = VECTOR('',#1991,1.);
#1991 = DIRECTION('',(1.,0.));
#1992 = ( GEOMETRIC_REPRESENTATION_CONTEXT(2) 
PARAMETRIC_REPRESENTATION_CONTEXT() REPRESENTATION_CONTEXT('2D SPACE',''
  ) );
#1993 = PCURVE('',#1801,#1994);
#1994 = DEFINITIONAL_REPRESENTATION('',(#1995),#1999);
#1995 = LINE('',#1996,#1997);
#1996 = CARTESIAN_POINT('',(0.,268.));
#1997 = VECTOR('',#1998,1.);
#1998 = DIRECTION('',(1.,0.));
#1999 = ( GEOMETRIC_REPRESENTATION_CONTEXT(2) 
PARAMETRIC_REPRESENTATION_CONTEXT() REPRESENTATION_CONTEXT('2D SPACE',''
  ) );
#2000 = ORIENTED_EDGE('',*,*,#1862,.T.);
#2001 = ORIENTED_EDGE('',*,*,#906,.F.);
#2002 = ADVANCED_FACE('',(#2003,#2029,#2059),#895,.T.);
#2003 = FACE_BOUND('',#2004,.T.);
#2004 = EDGE_LOOP('',(#2005,#2006,#2027,#2028));
#2005 = ORIENTED_EDGE('',*,*,#1762,.F.);
#2006 = ORIENTED_EDGE('',*,*,#2007,.T.);
#2007 = EDGE_CURVE('',#1763,#1958,#2008,.T.);
#2008 = SURFACE_CURVE('',#2009,(#2013,#2020),.PCURVE_S1.);
#2009 = LINE('',#2010,#2011);
#2010 = CARTESIAN_POINT('',(-134.,37.5,-20.));
#2011 = VECTOR('',#2012,1.);
#2012 = DIRECTION('',(1.,0.,0.));
#2013 = PCURVE('',#895,#2014);
#2014 = DEFINITIONAL_REPRESENTATION('',(#2015),#2019);
#2015 = LINE('',#2016,#2017);
#2016 = CARTESIAN_POINT('',(0.,0.));
#2017 = VECTOR('',#2018,1.);
#2018 = DIRECTION('',(1.,0.));
#2019 = ( GEOMETRIC_REPRESENTATION_CONTEXT(2) 
PARAMETRIC_REPRESENTATION_CONTEXT() REPRESENTATION_CONTEXT('2D SPACE',''
  ) );
#2020 = PCURVE('',#1801,#2021);
#2021 = DEFINITIONAL_REPRESENTATION('',(#2022),#2026);
#2022 = LINE('',#2023,#2024);
#2023 = CARTESIAN_POINT('',(4.,0.));
#2024 = VECTOR('',#2025,1.);
#2025 = DIRECTION('',(0.,1.));
#2026 = ( GEOMETRIC_REPRESENTATION_CONTEXT(2) 
PARAMETRIC_REPRESENTATION_CONTEXT() REPRESENTATION_CONTEXT('2D SPACE',''
  ) );
#2027 = ORIENTED_EDGE('',*,*,#1957,.T.);
#2028 = ORIENTED_EDGE('',*,*,#880,.T.);
#2029 = FACE_BOUND('',#2030,.T.);
#2030 = EDGE_LOOP('',(#2031));
#2031 = ORIENTED_EDGE('',*,*,#2032,.T.);
#2032 = EDGE_CURVE('',#2033,#2033,#2035,.T.);
#2033 = VERTEX_POINT('',#2034);
#2034 = CARTESIAN_POINT('',(-122.3,40.,-20.));
#2035 = SURFACE_CURVE('',#2036,(#2041,#2052),.PCURVE_S1.);
#2036 = CIRCLE('',#2037,1.7);
#2037 = AXIS2_PLACEMENT_3D('',#2038,#2039,#2040);
#2038 = CARTESIAN_POINT('',(-124.,40.,-20.));
#2039 = DIRECTION('',(0.,0.,-1.));
#2040 = DIRECTION('',(1.,0.,0.));
#2041 = PCURVE('',#895,#2042);
#2042 = DEFINITIONAL_REPRESENTATION('',(#2043),#2051);
#2043 = ( BOUNDED_CURVE() B_SPLINE_CURVE(2,(#2044,#2045,#2046,#2047,
#2048,#2049,#2050),.UNSPECIFIED.,.T.,.F.) B_SPLINE_CURVE_WITH_KNOTS((1,2
    ,2,2,2,1),(-2.094395102393,0.,2.094395102393,4.188790204786,
6.28318530718,8.377580409573),.UNSPECIFIED.) CURVE() 
GEOMETRIC_REPRESENTATION_ITEM() RATIONAL_B_SPLINE_CURVE((1.,0.5,1.,0.5,
1.,0.5,1.)) REPRESENTATION_ITEM('') );
#2044 = CARTESIAN_POINT('',(11.7,2.5));
#2045 = CARTESIAN_POINT('',(11.7,-0.444486372867));
#2046 = CARTESIAN_POINT('',(9.15,1.027756813566));
#2047 = CARTESIAN_POINT('',(6.6,2.5));
#2048 = CARTESIAN_POINT('',(9.15,3.972243186434));
#2049 = CARTESIAN_POINT('',(11.7,5.444486372867));
#2050 = CARTESIAN_POINT('',(11.7,2.5));
#2051 = ( GEOMETRIC_REPRESENTATION_CONTEXT(2) 
PARAMETRIC_REPRESENTATION_CONTEXT() REPRESENTATION_CONTEXT('2D SPACE',''
  ) );
#2052 = PCURVE('',#1907,#2053);
#2053 = DEFINITIONAL_REPRESENTATION('',(#2054),#2058);
#2054 = LINE('',#2055,#2056);
#2055 = CARTESIAN_POINT('',(-6.28318530718,-7.));
#2056 = VECTOR('',#2057,1.);
#2057 = DIRECTION('',(1.,-0.));
#2058 = ( GEOMETRIC_REPRESENTATION_CONTEXT(2) 
PARAMETRIC_REPRESENTATION_CONTEXT() REPRESENTATION_CONTEXT('2D SPACE',''
  ) );
#2059 = FACE_BOUND('',#2060,.T.);
#2060 = EDGE_LOOP('',(#2061));
#2061 = ORIENTED_EDGE('',*,*,#2062,.T.);
#2062 = EDGE_CURVE('',#2063,#2063,#2065,.T.);
#2063 = VERTEX_POINT('',#2064);
#2064 = CARTESIAN_POINT('',(125.7,40.,-20.));
#2065 = SURFACE_CURVE('',#2066,(#2071,#2082),.PCURVE_S1.);
#2066 = CIRCLE('',#2067,1.7);
#2067 = AXIS2_PLACEMENT_3D('',#2068,#2069,#2070);
#2068 = CARTESIAN_POINT('',(124.,40.,-20.));
#2069 = DIRECTION('',(0.,0.,-1.));
#2070 = DIRECTION('',(1.,0.,0.));
#2071 = PCURVE('',#895,#2072);
#2072 = DEFINITIONAL_REPRESENTATION('',(#2073),#2081);
#2073 = ( BOUNDED_CURVE() B_SPLINE_CURVE(2,(#2074,#2075,#2076,#2077,
#2078,#2079,#2080),.UNSPECIFIED.,.T.,.F.) B_SPLINE_CURVE_WITH_KNOTS((1,2
    ,2,2,2,1),(-2.094395102393,0.,2.094395102393,4.188790204786,
6.28318530718,8.377580409573),.UNSPECIFIED.) CURVE() 
GEOMETRIC_REPRESENTATION_ITEM() RATIONAL_B_SPLINE_CURVE((1.,0.5,1.,0.5,
1.,0.5,1.)) REPRESENTATION_ITEM('') );
#2074 = CARTESIAN_POINT('',(259.7,2.5));
#2075 = CARTESIAN_POINT('',(259.7,-0.444486372867));
#2076 = CARTESIAN_POINT('',(257.15,1.027756813566));
#2077 = CARTESIAN_POINT('',(254.6,2.5));
#2078 = CARTESIAN_POINT('',(257.15,3.972243186434));
#2079 = CARTESIAN_POINT('',(259.7,5.444486372867));
#2080 = CARTESIAN_POINT('',(259.7,2.5));
#2081 = ( GEOMETRIC_REPRESENTATION_CONTEXT(2) 
PARAMETRIC_REPRESENTATION_CONTEXT() REPRESENTATION_CONTEXT('2D SPACE',''
  ) );
#2082 = PCURVE('',#1942,#2083);
#2083 = DEFINITIONAL_REPRESENTATION('',(#2084),#2088);
#2084 = LINE('',#2085,#2086);
#2085 = CARTESIAN_POINT('',(-6.28318530718,-7.));
#2086 = VECTOR('',#2087,1.);
#2087 = DIRECTION('',(1.,-0.));
#2088 = ( GEOMETRIC_REPRESENTATION_CONTEXT(2) 
PARAMETRIC_REPRESENTATION_CONTEXT() REPRESENTATION_CONTEXT('2D SPACE',''
  ) );
#2089 = ADVANCED_FACE('',(#2090),#1005,.F.);
#2090 = FACE_BOUND('',#2091,.F.);
#2091 = EDGE_LOOP('',(#2092));
#2092 = ORIENTED_EDGE('',*,*,#990,.T.);
#2093 = ADVANCED_FACE('',(#2094),#1060,.F.);
#2094 = FACE_BOUND('',#2095,.F.);
#2095 = EDGE_LOOP('',(#2096));
#2096 = ORIENTED_EDGE('',*,*,#1045,.T.);
#2097 = ADVANCED_FACE('',(#2098),#1114,.T.);
#2098 = FACE_BOUND('',#2099,.T.);
#2099 = EDGE_LOOP('',(#2100,#2122,#2123,#2124));
#2100 = ORIENTED_EDGE('',*,*,#2101,.F.);
#2101 = EDGE_CURVE('',#1077,#2102,#2104,.T.);
#2102 = VERTEX_POINT('',#2103);
#2103 = CARTESIAN_POINT('',(-132.,59.3,0.));
#2104 = SEAM_CURVE('',#2105,(#2110,#2116),.PCURVE_S1.);
#2105 = CIRCLE('',#2106,0.7);
#2106 = AXIS2_PLACEMENT_3D('',#2107,#2108,#2109);
#2107 = CARTESIAN_POINT('',(-132.7,59.3,0.));
#2108 = DIRECTION('',(0.,0.,-1.));
#2109 = DIRECTION('',(0.,1.,0.));
#2110 = PCURVE('',#1114,#2111);
#2111 = DEFINITIONAL_REPRESENTATION('',(#2112),#2115);
#2112 = B_SPLINE_CURVE_WITH_KNOTS('',1,(#2113,#2114),.UNSPECIFIED.,.F.,
  .F.,(2,2),(0.,1.570796326795),.PIECEWISE_BEZIER_KNOTS.);
#2113 = CARTESIAN_POINT('',(0.,0.));
#2114 = CARTESIAN_POINT('',(0.,1.570796326795));
#2115 = ( GEOMETRIC_REPRESENTATION_CONTEXT(2) 
PARAMETRIC_REPRESENTATION_CONTEXT() REPRESENTATION_CONTEXT('2D SPACE',''
  ) );
#2116 = PCURVE('',#1114,#2117);
#2117 = DEFINITIONAL_REPRESENTATION('',(#2118),#2121);
#2118 = B_SPLINE_CURVE_WITH_KNOTS('',1,(#2119,#2120),.UNSPECIFIED.,.F.,
  .F.,(2,2),(0.,1.570796326795),.PIECEWISE_BEZIER_KNOTS.);
#2119 = CARTESIAN_POINT('',(6.28318530718,0.));
#2120 = CARTESIAN_POINT('',(6.28318530718,1.570796326795));
#2121 = ( GEOMETRIC_REPRESENTATION_CONTEXT(2) 
PARAMETRIC_REPRESENTATION_CONTEXT() REPRESENTATION_CONTEXT('2D SPACE',''
  ) );
#2122 = ORIENTED_EDGE('',*,*,#1099,.T.);
#2123 = ORIENTED_EDGE('',*,*,#2101,.T.);
#2124 = ORIENTED_EDGE('',*,*,#2125,.F.);
#2125 = EDGE_CURVE('',#2102,#2102,#2126,.T.);
#2126 = SURFACE_CURVE('',#2127,(#2132,#2139),.PCURVE_S1.);
#2127 = CIRCLE('',#2128,59.3);
#2128 = AXIS2_PLACEMENT_3D('',#2129,#2130,#2131);
#2129 = CARTESIAN_POINT('',(-132.,0.,0.));
#2130 = DIRECTION('',(1.,0.,0.));
#2131 = DIRECTION('',(-0.,1.,0.));
#2132 = PCURVE('',#1114,#2133);
#2133 = DEFINITIONAL_REPRESENTATION('',(#2134),#2138);
#2134 = LINE('',#2135,#2136);
#2135 = CARTESIAN_POINT('',(0.,1.570796326795));
#2136 = VECTOR('',#2137,1.);
#2137 = DIRECTION('',(1.,0.));
#2138 = ( GEOMETRIC_REPRESENTATION_CONTEXT(2) 
PARAMETRIC_REPRESENTATION_CONTEXT() REPRESENTATION_CONTEXT('2D SPACE',''
  ) );
#2139 = PCURVE('',#2140,#2145);
#2140 = PLANE('',#2141);
#2141 = AXIS2_PLACEMENT_3D('',#2142,#2143,#2144);
#2142 = CARTESIAN_POINT('',(-132.,-2.917205616084E-15,4.679120177894E-16
    ));
#2143 = DIRECTION('',(1.,0.,0.));
#2144 = DIRECTION('',(-0.,0.,1.));
#2145 = DEFINITIONAL_REPRESENTATION('',(#2146),#2150);
#2146 = CIRCLE('',#2147,59.3);
#2147 = AXIS2_PLACEMENT_2D('',#2148,#2149);
#2148 = CARTESIAN_POINT('',(-4.679120177894E-16,-2.917205616084E-15));
#2149 = DIRECTION('',(0.,-1.));
#2150 = ( GEOMETRIC_REPRESENTATION_CONTEXT(2) 
PARAMETRIC_REPRESENTATION_CONTEXT() REPRESENTATION_CONTEXT('2D SPACE',''
  ) );
#2151 = ADVANCED_FACE('',(#2152),#1168,.T.);
#2152 = FACE_BOUND('',#2153,.T.);
#2153 = EDGE_LOOP('',(#2154,#2176,#2203,#2204));
#2154 = ORIENTED_EDGE('',*,*,#2155,.F.);
#2155 = EDGE_CURVE('',#2156,#1152,#2158,.T.);
#2156 = VERTEX_POINT('',#2157);
#2157 = CARTESIAN_POINT('',(149.3,60.,0.));
#2158 = SEAM_CURVE('',#2159,(#2164,#2170),.PCURVE_S1.);
#2159 = CIRCLE('',#2160,0.7);
#2160 = AXIS2_PLACEMENT_3D('',#2161,#2162,#2163);
#2161 = CARTESIAN_POINT('',(149.3,59.3,0.));
#2162 = DIRECTION('',(0.,0.,-1.));
#2163 = DIRECTION('',(0.,1.,0.));
#2164 = PCURVE('',#1168,#2165);
#2165 = DEFINITIONAL_REPRESENTATION('',(#2166),#2169);
#2166 = B_SPLINE_CURVE_WITH_KNOTS('',1,(#2167,#2168),.UNSPECIFIED.,.F.,
  .F.,(2,2),(0.,1.570796326795),.PIECEWISE_BEZIER_KNOTS.);
#2167 = CARTESIAN_POINT('',(0.,0.));
#2168 = CARTESIAN_POINT('',(0.,1.570796326795));
#2169 = ( GEOMETRIC_REPRESENTATION_CONTEXT(2) 
PARAMETRIC_REPRESENTATION_CONTEXT() REPRESENTATION_CONTEXT('2D SPACE',''
  ) );
#2170 = PCURVE('',#1168,#2171);
#2171 = DEFINITIONAL_REPRESENTATION('',(#2172),#2175);
#2172 = B_SPLINE_CURVE_WITH_KNOTS('',1,(#2173,#2174),.UNSPECIFIED.,.F.,
  .F.,(2,2),(0.,1.570796326795),.PIECEWISE_BEZIER_KNOTS.);
#2173 = CARTESIAN_POINT('',(6.28318530718,0.));
#2174 = CARTESIAN_POINT('',(6.28318530718,1.570796326795));
#2175 = ( GEOMETRIC_REPRESENTATION_CONTEXT(2) 
PARAMETRIC_REPRESENTATION_CONTEXT() REPRESENTATION_CONTEXT('2D SPACE',''
  ) );
#2176 = ORIENTED_EDGE('',*,*,#2177,.T.);
#2177 = EDGE_CURVE('',#2156,#2156,#2178,.T.);
#2178 = SURFACE_CURVE('',#2179,(#2184,#2191),.PCURVE_S1.);
#2179 = CIRCLE('',#2180,60.);
#2180 = AXIS2_PLACEMENT_3D('',#2181,#2182,#2183);
#2181 = CARTESIAN_POINT('',(149.3,0.,0.));
#2182 = DIRECTION('',(1.,0.,0.));
#2183 = DIRECTION('',(-0.,1.,0.));
#2184 = PCURVE('',#1168,#2185);
#2185 = DEFINITIONAL_REPRESENTATION('',(#2186),#2190);
#2186 = LINE('',#2187,#2188);
#2187 = CARTESIAN_POINT('',(0.,0.));
#2188 = VECTOR('',#2189,1.);
#2189 = DIRECTION('',(1.,0.));
#2190 = ( GEOMETRIC_REPRESENTATION_CONTEXT(2) 
PARAMETRIC_REPRESENTATION_CONTEXT() REPRESENTATION_CONTEXT('2D SPACE',''
  ) );
#2191 = PCURVE('',#2192,#2197);
#2192 = CYLINDRICAL_SURFACE('',#2193,60.);
#2193 = AXIS2_PLACEMENT_3D('',#2194,#2195,#2196);
#2194 = CARTESIAN_POINT('',(132.,0.,0.));
#2195 = DIRECTION('',(-1.,-0.,-0.));
#2196 = DIRECTION('',(0.,1.,0.));
#2197 = DEFINITIONAL_REPRESENTATION('',(#2198),#2202);
#2198 = LINE('',#2199,#2200);
#2199 = CARTESIAN_POINT('',(-0.,-17.3));
#2200 = VECTOR('',#2201,1.);
#2201 = DIRECTION('',(-1.,0.));
#2202 = ( GEOMETRIC_REPRESENTATION_CONTEXT(2) 
PARAMETRIC_REPRESENTATION_CONTEXT() REPRESENTATION_CONTEXT('2D SPACE',''
  ) );
#2203 = ORIENTED_EDGE('',*,*,#2155,.T.);
#2204 = ORIENTED_EDGE('',*,*,#1151,.F.);
#2205 = ADVANCED_FACE('',(#2206),#1203,.F.);
#2206 = FACE_BOUND('',#2207,.T.);
#2207 = EDGE_LOOP('',(#2208,#2237,#2258,#2259));
#2208 = ORIENTED_EDGE('',*,*,#2209,.F.);
#2209 = EDGE_CURVE('',#2210,#2210,#2212,.T.);
#2210 = VERTEX_POINT('',#2211);
#2211 = CARTESIAN_POINT('',(141.,49.931397208144,-27.5));
#2212 = SURFACE_CURVE('',#2213,(#2218,#2225),.PCURVE_S1.);
#2213 = CIRCLE('',#2214,2.3);
#2214 = AXIS2_PLACEMENT_3D('',#2215,#2216,#2217);
#2215 = CARTESIAN_POINT('',(141.,47.631397208144,-27.5));
#2216 = DIRECTION('',(1.,0.,0.));
#2217 = DIRECTION('',(0.,1.,0.));
#2218 = PCURVE('',#1203,#2219);
#2219 = DEFINITIONAL_REPRESENTATION('',(#2220),#2224);
#2220 = LINE('',#2221,#2222);
#2221 = CARTESIAN_POINT('',(-0.,0.));
#2222 = VECTOR('',#2223,1.);
#2223 = DIRECTION('',(-1.,0.));
#2224 = ( GEOMETRIC_REPRESENTATION_CONTEXT(2) 
PARAMETRIC_REPRESENTATION_CONTEXT() REPRESENTATION_CONTEXT('2D SPACE',''
  ) );
#2225 = PCURVE('',#2226,#2231);
#2226 = PLANE('',#2227);
#2227 = AXIS2_PLACEMENT_3D('',#2228,#2229,#2230);
#2228 = CARTESIAN_POINT('',(141.,47.631397208144,-27.5));
#2229 = DIRECTION('',(1.,0.,0.));
#2230 = DIRECTION('',(-0.,0.,1.));
#2231 = DEFINITIONAL_REPRESENTATION('',(#2232),#2236);
#2232 = CIRCLE('',#2233,2.3);
#2233 = AXIS2_PLACEMENT_2D('',#2234,#2235);
#2234 = CARTESIAN_POINT('',(3.552713678801E-15,0.));
#2235 = DIRECTION('',(0.,-1.));
#2236 = ( GEOMETRIC_REPRESENTATION_CONTEXT(2) 
PARAMETRIC_REPRESENTATION_CONTEXT() REPRESENTATION_CONTEXT('2D SPACE',''
  ) );
#2237 = ORIENTED_EDGE('',*,*,#2238,.T.);
#2238 = EDGE_CURVE('',#2210,#1183,#2239,.T.);
#2239 = SEAM_CURVE('',#2240,(#2244,#2251),.PCURVE_S1.);
#2240 = LINE('',#2241,#2242);
#2241 = CARTESIAN_POINT('',(141.,49.931397208144,-27.5));
#2242 = VECTOR('',#2243,1.);
#2243 = DIRECTION('',(1.,0.,0.));
#2244 = PCURVE('',#1203,#2245);
#2245 = DEFINITIONAL_REPRESENTATION('',(#2246),#2250);
#2246 = LINE('',#2247,#2248);
#2247 = CARTESIAN_POINT('',(-6.28318530718,0.));
#2248 = VECTOR('',#2249,1.);
#2249 = DIRECTION('',(-0.,-1.));
#2250 = ( GEOMETRIC_REPRESENTATION_CONTEXT(2) 
PARAMETRIC_REPRESENTATION_CONTEXT() REPRESENTATION_CONTEXT('2D SPACE',''
  ) );
#2251 = PCURVE('',#1203,#2252);
#2252 = DEFINITIONAL_REPRESENTATION('',(#2253),#2257);
#2253 = LINE('',#2254,#2255);
#2254 = CARTESIAN_POINT('',(-0.,0.));
#2255 = VECTOR('',#2256,1.);
#2256 = DIRECTION('',(-0.,-1.));
#2257 = ( GEOMETRIC_REPRESENTATION_CONTEXT(2) 
PARAMETRIC_REPRESENTATION_CONTEXT() REPRESENTATION_CONTEXT('2D SPACE',''
  ) );
#2258 = ORIENTED_EDGE('',*,*,#1182,.F.);
#2259 = ORIENTED_EDGE('',*,*,#2238,.F.);
#2260 = ADVANCED_FACE('',(#2261),#1238,.F.);
#2261 = FACE_BOUND('',#2262,.T.);
#2262 = EDGE_LOOP('',(#2263,#2292,#2313,#2314));
#2263 = ORIENTED_EDGE('',*,*,#2264,.F.);
#2264 = EDGE_CURVE('',#2265,#2265,#2267,.T.);
#2265 = VERTEX_POINT('',#2266);
#2266 = CARTESIAN_POINT('',(144.9,57.7,0.));
#2267 = SURFACE_CURVE('',#2268,(#2273,#2280),.PCURVE_S1.);
#2268 = CIRCLE('',#2269,1.7);
#2269 = AXIS2_PLACEMENT_3D('',#2270,#2271,#2272);
#2270 = CARTESIAN_POINT('',(144.9,56.,0.));
#2271 = DIRECTION('',(1.,0.,0.));
#2272 = DIRECTION('',(0.,1.,0.));
#2273 = PCURVE('',#1238,#2274);
#2274 = DEFINITIONAL_REPRESENTATION('',(#2275),#2279);
#2275 = LINE('',#2276,#2277);
#2276 = CARTESIAN_POINT('',(-0.,0.));
#2277 = VECTOR('',#2278,1.);
#2278 = DIRECTION('',(-1.,0.));
#2279 = ( GEOMETRIC_REPRESENTATION_CONTEXT(2) 
PARAMETRIC_REPRESENTATION_CONTEXT() REPRESENTATION_CONTEXT('2D SPACE',''
  ) );
#2280 = PCURVE('',#2281,#2286);
#2281 = PLANE('',#2282);
#2282 = AXIS2_PLACEMENT_3D('',#2283,#2284,#2285);
#2283 = CARTESIAN_POINT('',(144.9,56.,1.316974851865E-16));
#2284 = DIRECTION('',(1.,0.,0.));
#2285 = DIRECTION('',(-0.,0.,1.));
#2286 = DEFINITIONAL_REPRESENTATION('',(#2287),#2291);
#2287 = CIRCLE('',#2288,1.7);
#2288 = AXIS2_PLACEMENT_2D('',#2289,#2290);
#2289 = CARTESIAN_POINT('',(-1.316974851865E-16,0.));
#2290 = DIRECTION('',(0.,-1.));
#2291 = ( GEOMETRIC_REPRESENTATION_CONTEXT(2) 
PARAMETRIC_REPRESENTATION_CONTEXT() REPRESENTATION_CONTEXT('2D SPACE',''
  ) );
#2292 = ORIENTED_EDGE('',*,*,#2293,.T.);
#2293 = EDGE_CURVE('',#2265,#1218,#2294,.T.);
#2294 = SEAM_CURVE('',#2295,(#2299,#2306),.PCURVE_S1.);
#2295 = LINE('',#2296,#2297);
#2296 = CARTESIAN_POINT('',(144.9,57.7,0.));
#2297 = VECTOR('',#2298,1.);
#2298 = DIRECTION('',(1.,0.,0.));
#2299 = PCURVE('',#1238,#2300);
#2300 = DEFINITIONAL_REPRESENTATION('',(#2301),#2305);
#2301 = LINE('',#2302,#2303);
#2302 = CARTESIAN_POINT('',(-6.28318530718,0.));
#2303 = VECTOR('',#2304,1.);
#2304 = DIRECTION('',(-0.,-1.));
#2305 = ( GEOMETRIC_REPRESENTATION_CONTEXT(2) 
PARAMETRIC_REPRESENTATION_CONTEXT() REPRESENTATION_CONTEXT('2D SPACE',''
  ) );
#2306 = PCURVE('',#1238,#2307);
#2307 = DEFINITIONAL_REPRESENTATION('',(#2308),#2312);
#2308 = LINE('',#2309,#2310);
#2309 = CARTESIAN_POINT('',(-0.,0.));
#2310 = VECTOR('',#2311,1.);
#2311 = DIRECTION('',(-0.,-1.));
#2312 = ( GEOMETRIC_REPRESENTATION_CONTEXT(2) 
PARAMETRIC_REPRESENTATION_CONTEXT() REPRESENTATION_CONTEXT('2D SPACE',''
  ) );
#2313 = ORIENTED_EDGE('',*,*,#1217,.F.);
#2314 = ORIENTED_EDGE('',*,*,#2293,.F.);
#2315 = ADVANCED_FACE('',(#2316),#1273,.F.);
#2316 = FACE_BOUND('',#2317,.T.);
#2317 = EDGE_LOOP('',(#2318,#2347,#2368,#2369));
#2318 = ORIENTED_EDGE('',*,*,#2319,.F.);
#2319 = EDGE_CURVE('',#2320,#2320,#2322,.T.);
#2320 = VERTEX_POINT('',#2321);
#2321 = CARTESIAN_POINT('',(141.,49.931397208144,27.5));
#2322 = SURFACE_CURVE('',#2323,(#2328,#2335),.PCURVE_S1.);
#2323 = CIRCLE('',#2324,2.3);
#2324 = AXIS2_PLACEMENT_3D('',#2325,#2326,#2327);
#2325 = CARTESIAN_POINT('',(141.,47.631397208144,27.5));
#2326 = DIRECTION('',(1.,0.,0.));
#2327 = DIRECTION('',(0.,1.,0.));
#2328 = PCURVE('',#1273,#2329);
#2329 = DEFINITIONAL_REPRESENTATION('',(#2330),#2334);
#2330 = LINE('',#2331,#2332);
#2331 = CARTESIAN_POINT('',(-0.,0.));
#2332 = VECTOR('',#2333,1.);
#2333 = DIRECTION('',(-1.,0.));
#2334 = ( GEOMETRIC_REPRESENTATION_CONTEXT(2) 
PARAMETRIC_REPRESENTATION_CONTEXT() REPRESENTATION_CONTEXT('2D SPACE',''
  ) );
#2335 = PCURVE('',#2336,#2341);
#2336 = PLANE('',#2337);
#2337 = AXIS2_PLACEMENT_3D('',#2338,#2339,#2340);
#2338 = CARTESIAN_POINT('',(141.,47.631397208144,27.5));
#2339 = DIRECTION('',(1.,0.,0.));
#2340 = DIRECTION('',(-0.,0.,1.));
#2341 = DEFINITIONAL_REPRESENTATION('',(#2342),#2346);
#2342 = CIRCLE('',#2343,2.3);
#2343 = AXIS2_PLACEMENT_2D('',#2344,#2345);
#2344 = CARTESIAN_POINT('',(-7.105427357601E-15,0.));
#2345 = DIRECTION('',(0.,-1.));
#2346 = ( GEOMETRIC_REPRESENTATION_CONTEXT(2) 
PARAMETRIC_REPRESENTATION_CONTEXT() REPRESENTATION_CONTEXT('2D SPACE',''
  ) );
#2347 = ORIENTED_EDGE('',*,*,#2348,.T.);
#2348 = EDGE_CURVE('',#2320,#1253,#2349,.T.);
#2349 = SEAM_CURVE('',#2350,(#2354,#2361),.PCURVE_S1.);
#2350 = LINE('',#2351,#2352);
#2351 = CARTESIAN_POINT('',(141.,49.931397208144,27.5));
#2352 = VECTOR('',#2353,1.);
#2353 = DIRECTION('',(1.,0.,0.));
#2354 = PCURVE('',#1273,#2355);
#2355 = DEFINITIONAL_REPRESENTATION('',(#2356),#2360);
#2356 = LINE('',#2357,#2358);
#2357 = CARTESIAN_POINT('',(-6.28318530718,0.));
#2358 = VECTOR('',#2359,1.);
#2359 = DIRECTION('',(-0.,-1.));
#2360 = ( GEOMETRIC_REPRESENTATION_CONTEXT(2) 
PARAMETRIC_REPRESENTATION_CONTEXT() REPRESENTATION_CONTEXT('2D SPACE',''
  ) );
#2361 = PCURVE('',#1273,#2362);
#2362 = DEFINITIONAL_REPRESENTATION('',(#2363),#2367);
#2363 = LINE('',#2364,#2365);
#2364 = CARTESIAN_POINT('',(-0.,0.));
#2365 = VECTOR('',#2366,1.);
#2366 = DIRECTION('',(-0.,-1.));
#2367 = ( GEOMETRIC_REPRESENTATION_CONTEXT(2) 
PARAMETRIC_REPRESENTATION_CONTEXT() REPRESENTATION_CONTEXT('2D SPACE',''
  ) );
#2368 = ORIENTED_EDGE('',*,*,#1252,.F.);
#2369 = ORIENTED_EDGE('',*,*,#2348,.F.);
#2370 = ADVANCED_FACE('',(#2371),#1308,.F.);
#2371 = FACE_BOUND('',#2372,.T.);
#2372 = EDGE_LOOP('',(#2373,#2402,#2423,#2424));
#2373 = ORIENTED_EDGE('',*,*,#2374,.F.);
#2374 = EDGE_CURVE('',#2375,#2375,#2377,.T.);
#2375 = VERTEX_POINT('',#2376);
#2376 = CARTESIAN_POINT('',(141.,2.3,-55.));
#2377 = SURFACE_CURVE('',#2378,(#2383,#2390),.PCURVE_S1.);
#2378 = CIRCLE('',#2379,2.3);
#2379 = AXIS2_PLACEMENT_3D('',#2380,#2381,#2382);
#2380 = CARTESIAN_POINT('',(141.,-1.010333609297E-14,-55.));
#2381 = DIRECTION('',(1.,0.,0.));
#2382 = DIRECTION('',(0.,1.,0.));
#2383 = PCURVE('',#1308,#2384);
#2384 = DEFINITIONAL_REPRESENTATION('',(#2385),#2389);
#2385 = LINE('',#2386,#2387);
#2386 = CARTESIAN_POINT('',(-0.,0.));
#2387 = VECTOR('',#2388,1.);
#2388 = DIRECTION('',(-1.,0.));
#2389 = ( GEOMETRIC_REPRESENTATION_CONTEXT(2) 
PARAMETRIC_REPRESENTATION_CONTEXT() REPRESENTATION_CONTEXT('2D SPACE',''
  ) );
#2390 = PCURVE('',#2391,#2396);
#2391 = PLANE('',#2392);
#2392 = AXIS2_PLACEMENT_3D('',#2393,#2394,#2395);
#2393 = CARTESIAN_POINT('',(141.,-1.047875318957E-14,-55.));
#2394 = DIRECTION('',(1.,0.,0.));
#2395 = DIRECTION('',(-0.,0.,1.));
#2396 = DEFINITIONAL_REPRESENTATION('',(#2397),#2401);
#2397 = CIRCLE('',#2398,2.3);
#2398 = AXIS2_PLACEMENT_2D('',#2399,#2400);
#2399 = CARTESIAN_POINT('',(-7.105427357601E-15,-3.754170966027E-16));
#2400 = DIRECTION('',(0.,-1.));
#2401 = ( GEOMETRIC_REPRESENTATION_CONTEXT(2) 
PARAMETRIC_REPRESENTATION_CONTEXT() REPRESENTATION_CONTEXT('2D SPACE',''
  ) );
#2402 = ORIENTED_EDGE('',*,*,#2403,.T.);
#2403 = EDGE_CURVE('',#2375,#1288,#2404,.T.);
#2404 = SEAM_CURVE('',#2405,(#2409,#2416),.PCURVE_S1.);
#2405 = LINE('',#2406,#2407);
#2406 = CARTESIAN_POINT('',(141.,2.3,-55.));
#2407 = VECTOR('',#2408,1.);
#2408 = DIRECTION('',(1.,0.,0.));
#2409 = PCURVE('',#1308,#2410);
#2410 = DEFINITIONAL_REPRESENTATION('',(#2411),#2415);
#2411 = LINE('',#2412,#2413);
#2412 = CARTESIAN_POINT('',(-6.28318530718,0.));
#2413 = VECTOR('',#2414,1.);
#2414 = DIRECTION('',(-0.,-1.));
#2415 = ( GEOMETRIC_REPRESENTATION_CONTEXT(2) 
PARAMETRIC_REPRESENTATION_CONTEXT() REPRESENTATION_CONTEXT('2D SPACE',''
  ) );
#2416 = PCURVE('',#1308,#2417);
#2417 = DEFINITIONAL_REPRESENTATION('',(#2418),#2422);
#2418 = LINE('',#2419,#2420);
#2419 = CARTESIAN_POINT('',(-0.,0.));
#2420 = VECTOR('',#2421,1.);
#2421 = DIRECTION('',(-0.,-1.));
#2422 = ( GEOMETRIC_REPRESENTATION_CONTEXT(2) 
PARAMETRIC_REPRESENTATION_CONTEXT() REPRESENTATION_CONTEXT('2D SPACE',''
  ) );
#2423 = ORIENTED_EDGE('',*,*,#1287,.F.);
#2424 = ORIENTED_EDGE('',*,*,#2403,.F.);
#2425 = ADVANCED_FACE('',(#2426),#1343,.F.);
#2426 = FACE_BOUND('',#2427,.T.);
#2427 = EDGE_LOOP('',(#2428,#2457,#2478,#2479));
#2428 = ORIENTED_EDGE('',*,*,#2429,.F.);
#2429 = EDGE_CURVE('',#2430,#2430,#2432,.T.);
#2430 = VERTEX_POINT('',#2431);
#2431 = CARTESIAN_POINT('',(141.,-45.33139720814,-27.5));
#2432 = SURFACE_CURVE('',#2433,(#2438,#2445),.PCURVE_S1.);
#2433 = CIRCLE('',#2434,2.3);
#2434 = AXIS2_PLACEMENT_3D('',#2435,#2436,#2437);
#2435 = CARTESIAN_POINT('',(141.,-47.63139720814,-27.5));
#2436 = DIRECTION('',(1.,0.,0.));
#2437 = DIRECTION('',(0.,1.,0.));
#2438 = PCURVE('',#1343,#2439);
#2439 = DEFINITIONAL_REPRESENTATION('',(#2440),#2444);
#2440 = LINE('',#2441,#2442);
#2441 = CARTESIAN_POINT('',(-0.,0.));
#2442 = VECTOR('',#2443,1.);
#2443 = DIRECTION('',(-1.,0.));
#2444 = ( GEOMETRIC_REPRESENTATION_CONTEXT(2) 
PARAMETRIC_REPRESENTATION_CONTEXT() REPRESENTATION_CONTEXT('2D SPACE',''
  ) );
#2445 = PCURVE('',#2446,#2451);
#2446 = PLANE('',#2447);
#2447 = AXIS2_PLACEMENT_3D('',#2448,#2449,#2450);
#2448 = CARTESIAN_POINT('',(141.,-47.63139720814,-27.5));
#2449 = DIRECTION('',(1.,0.,0.));
#2450 = DIRECTION('',(-0.,0.,1.));
#2451 = DEFINITIONAL_REPRESENTATION('',(#2452),#2456);
#2452 = CIRCLE('',#2453,2.3);
#2453 = AXIS2_PLACEMENT_2D('',#2454,#2455);
#2454 = CARTESIAN_POINT('',(7.105427357601E-15,0.));
#2455 = DIRECTION('',(0.,-1.));
#2456 = ( GEOMETRIC_REPRESENTATION_CONTEXT(2) 
PARAMETRIC_REPRESENTATION_CONTEXT() REPRESENTATION_CONTEXT('2D SPACE',''
  ) );
#2457 = ORIENTED_EDGE('',*,*,#2458,.T.);
#2458 = EDGE_CURVE('',#2430,#1323,#2459,.T.);
#2459 = SEAM_CURVE('',#2460,(#2464,#2471),.PCURVE_S1.);
#2460 = LINE('',#2461,#2462);
#2461 = CARTESIAN_POINT('',(141.,-45.33139720814,-27.5));
#2462 = VECTOR('',#2463,1.);
#2463 = DIRECTION('',(1.,0.,0.));
#2464 = PCURVE('',#1343,#2465);
#2465 = DEFINITIONAL_REPRESENTATION('',(#2466),#2470);
#2466 = LINE('',#2467,#2468);
#2467 = CARTESIAN_POINT('',(-6.28318530718,0.));
#2468 = VECTOR('',#2469,1.);
#2469 = DIRECTION('',(-0.,-1.));
#2470 = ( GEOMETRIC_REPRESENTATION_CONTEXT(2) 
PARAMETRIC_REPRESENTATION_CONTEXT() REPRESENTATION_CONTEXT('2D SPACE',''
  ) );
#2471 = PCURVE('',#1343,#2472);
#2472 = DEFINITIONAL_REPRESENTATION('',(#2473),#2477);
#2473 = LINE('',#2474,#2475);
#2474 = CARTESIAN_POINT('',(-0.,0.));
#2475 = VECTOR('',#2476,1.);
#2476 = DIRECTION('',(-0.,-1.));
#2477 = ( GEOMETRIC_REPRESENTATION_CONTEXT(2) 
PARAMETRIC_REPRESENTATION_CONTEXT() REPRESENTATION_CONTEXT('2D SPACE',''
  ) );
#2478 = ORIENTED_EDGE('',*,*,#1322,.F.);
#2479 = ORIENTED_EDGE('',*,*,#2458,.F.);
#2480 = ADVANCED_FACE('',(#2481),#1381,.F.);
#2481 = FACE_BOUND('',#2482,.T.);
#2482 = EDGE_LOOP('',(#2483,#2512,#2533,#2534));
#2483 = ORIENTED_EDGE('',*,*,#2484,.F.);
#2484 = EDGE_CURVE('',#2485,#2485,#2487,.T.);
#2485 = VERTEX_POINT('',#2486);
#2486 = CARTESIAN_POINT('',(141.,2.3,55.));
#2487 = SURFACE_CURVE('',#2488,(#2493,#2500),.PCURVE_S1.);
#2488 = CIRCLE('',#2489,2.3);
#2489 = AXIS2_PLACEMENT_3D('',#2490,#2491,#2492);
#2490 = CARTESIAN_POINT('',(141.,3.367778697655E-15,55.));
#2491 = DIRECTION('',(1.,0.,0.));
#2492 = DIRECTION('',(0.,1.,0.));
#2493 = PCURVE('',#1381,#2494);
#2494 = DEFINITIONAL_REPRESENTATION('',(#2495),#2499);
#2495 = LINE('',#2496,#2497);
#2496 = CARTESIAN_POINT('',(-0.,0.));
#2497 = VECTOR('',#2498,1.);
#2498 = DIRECTION('',(-1.,0.));
#2499 = ( GEOMETRIC_REPRESENTATION_CONTEXT(2) 
PARAMETRIC_REPRESENTATION_CONTEXT() REPRESENTATION_CONTEXT('2D SPACE',''
  ) );
#2500 = PCURVE('',#2501,#2506);
#2501 = PLANE('',#2502);
#2502 = AXIS2_PLACEMENT_3D('',#2503,#2504,#2505);
#2503 = CARTESIAN_POINT('',(141.,3.121330737318E-15,55.));
#2504 = DIRECTION('',(1.,0.,0.));
#2505 = DIRECTION('',(-0.,0.,1.));
#2506 = DEFINITIONAL_REPRESENTATION('',(#2507),#2511);
#2507 = CIRCLE('',#2508,2.3);
#2508 = AXIS2_PLACEMENT_2D('',#2509,#2510);
#2509 = CARTESIAN_POINT('',(0.,-2.46447960337E-16));
#2510 = DIRECTION('',(0.,-1.));
#2511 = ( GEOMETRIC_REPRESENTATION_CONTEXT(2) 
PARAMETRIC_REPRESENTATION_CONTEXT() REPRESENTATION_CONTEXT('2D SPACE',''
  ) );
#2512 = ORIENTED_EDGE('',*,*,#2513,.T.);
#2513 = EDGE_CURVE('',#2485,#1361,#2514,.T.);
#2514 = SEAM_CURVE('',#2515,(#2519,#2526),.PCURVE_S1.);
#2515 = LINE('',#2516,#2517);
#2516 = CARTESIAN_POINT('',(141.,2.3,55.));
#2517 = VECTOR('',#2518,1.);
#2518 = DIRECTION('',(1.,0.,0.));
#2519 = PCURVE('',#1381,#2520);
#2520 = DEFINITIONAL_REPRESENTATION('',(#2521),#2525);
#2521 = LINE('',#2522,#2523);
#2522 = CARTESIAN_POINT('',(-6.28318530718,0.));
#2523 = VECTOR('',#2524,1.);
#2524 = DIRECTION('',(-0.,-1.));
#2525 = ( GEOMETRIC_REPRESENTATION_CONTEXT(2) 
PARAMETRIC_REPRESENTATION_CONTEXT() REPRESENTATION_CONTEXT('2D SPACE',''
  ) );
#2526 = PCURVE('',#1381,#2527);
#2527 = DEFINITIONAL_REPRESENTATION('',(#2528),#2532);
#2528 = LINE('',#2529,#2530);
#2529 = CARTESIAN_POINT('',(-0.,0.));
#2530 = VECTOR('',#2531,1.);
#2531 = DIRECTION('',(-0.,-1.));
#2532 = ( GEOMETRIC_REPRESENTATION_CONTEXT(2) 
PARAMETRIC_REPRESENTATION_CONTEXT() REPRESENTATION_CONTEXT('2D SPACE',''
  ) );
#2533 = ORIENTED_EDGE('',*,*,#1360,.F.);
#2534 = ORIENTED_EDGE('',*,*,#2513,.F.);
#2535 = ADVANCED_FACE('',(#2536),#1416,.F.);
#2536 = FACE_BOUND('',#2537,.T.);
#2537 = EDGE_LOOP('',(#2538,#2567,#2588,#2589));
#2538 = ORIENTED_EDGE('',*,*,#2539,.F.);
#2539 = EDGE_CURVE('',#2540,#2540,#2542,.T.);
#2540 = VERTEX_POINT('',#2541);
#2541 = CARTESIAN_POINT('',(141.,-45.33139720814,27.5));
#2542 = SURFACE_CURVE('',#2543,(#2548,#2555),.PCURVE_S1.);
#2543 = CIRCLE('',#2544,2.3);
#2544 = AXIS2_PLACEMENT_3D('',#2545,#2546,#2547);
#2545 = CARTESIAN_POINT('',(141.,-47.63139720814,27.5));
#2546 = DIRECTION('',(1.,0.,0.));
#2547 = DIRECTION('',(0.,1.,0.));
#2548 = PCURVE('',#1416,#2549);
#2549 = DEFINITIONAL_REPRESENTATION('',(#2550),#2554);
#2550 = LINE('',#2551,#2552);
#2551 = CARTESIAN_POINT('',(-0.,0.));
#2552 = VECTOR('',#2553,1.);
#2553 = DIRECTION('',(-1.,0.));
#2554 = ( GEOMETRIC_REPRESENTATION_CONTEXT(2) 
PARAMETRIC_REPRESENTATION_CONTEXT() REPRESENTATION_CONTEXT('2D SPACE',''
  ) );
#2555 = PCURVE('',#2556,#2561);
#2556 = PLANE('',#2557);
#2557 = AXIS2_PLACEMENT_3D('',#2558,#2559,#2560);
#2558 = CARTESIAN_POINT('',(141.,-47.63139720814,27.5));
#2559 = DIRECTION('',(1.,0.,0.));
#2560 = DIRECTION('',(-0.,0.,1.));
#2561 = DEFINITIONAL_REPRESENTATION('',(#2562),#2566);
#2562 = CIRCLE('',#2563,2.3);
#2563 = AXIS2_PLACEMENT_2D('',#2564,#2565);
#2564 = CARTESIAN_POINT('',(-7.105427357601E-15,0.));
#2565 = DIRECTION('',(0.,-1.));
#2566 = ( GEOMETRIC_REPRESENTATION_CONTEXT(2) 
PARAMETRIC_REPRESENTATION_CONTEXT() REPRESENTATION_CONTEXT('2D SPACE',''
  ) );
#2567 = ORIENTED_EDGE('',*,*,#2568,.T.);
#2568 = EDGE_CURVE('',#2540,#1396,#2569,.T.);
#2569 = SEAM_CURVE('',#2570,(#2574,#2581),.PCURVE_S1.);
#2570 = LINE('',#2571,#2572);
#2571 = CARTESIAN_POINT('',(141.,-45.33139720814,27.5));
#2572 = VECTOR('',#2573,1.);
#2573 = DIRECTION('',(1.,0.,0.));
#2574 = PCURVE('',#1416,#2575);
#2575 = DEFINITIONAL_REPRESENTATION('',(#2576),#2580);
#2576 = LINE('',#2577,#2578);
#2577 = CARTESIAN_POINT('',(-6.28318530718,0.));
#2578 = VECTOR('',#2579,1.);
#2579 = DIRECTION('',(-0.,-1.));
#2580 = ( GEOMETRIC_REPRESENTATION_CONTEXT(2) 
PARAMETRIC_REPRESENTATION_CONTEXT() REPRESENTATION_CONTEXT('2D SPACE',''
  ) );
#2581 = PCURVE('',#1416,#2582);
#2582 = DEFINITIONAL_REPRESENTATION('',(#2583),#2587);
#2583 = LINE('',#2584,#2585);
#2584 = CARTESIAN_POINT('',(-0.,0.));
#2585 = VECTOR('',#2586,1.);
#2586 = DIRECTION('',(-0.,-1.));
#2587 = ( GEOMETRIC_REPRESENTATION_CONTEXT(2) 
PARAMETRIC_REPRESENTATION_CONTEXT() REPRESENTATION_CONTEXT('2D SPACE',''
  ) );
#2588 = ORIENTED_EDGE('',*,*,#1395,.F.);
#2589 = ORIENTED_EDGE('',*,*,#2568,.F.);
#2590 = ADVANCED_FACE('',(#2591),#1492,.T.);
#2591 = FACE_BOUND('',#2592,.T.);
#2592 = EDGE_LOOP('',(#2593,#2594,#2595,#2596));
#2593 = ORIENTED_EDGE('',*,*,#1532,.F.);
#2594 = ORIENTED_EDGE('',*,*,#1478,.T.);
#2595 = ORIENTED_EDGE('',*,*,#1651,.T.);
#2596 = ORIENTED_EDGE('',*,*,#1738,.F.);
#2597 = ADVANCED_FACE('',(#2598),#1576,.F.);
#2598 = FACE_BOUND('',#2599,.T.);
#2599 = EDGE_LOOP('',(#2600,#2601,#2622,#2623));
#2600 = ORIENTED_EDGE('',*,*,#1555,.T.);
#2601 = ORIENTED_EDGE('',*,*,#2602,.T.);
#2602 = EDGE_CURVE('',#1556,#1675,#2603,.T.);
#2603 = SEAM_CURVE('',#2604,(#2608,#2615),.PCURVE_S1.);
#2604 = LINE('',#2605,#2606);
#2605 = CARTESIAN_POINT('',(-122.3,-40.,-27.));
#2606 = VECTOR('',#2607,1.);
#2607 = DIRECTION('',(0.,0.,1.));
#2608 = PCURVE('',#1576,#2609);
#2609 = DEFINITIONAL_REPRESENTATION('',(#2610),#2614);
#2610 = LINE('',#2611,#2612);
#2611 = CARTESIAN_POINT('',(-6.28318530718,0.));
#2612 = VECTOR('',#2613,1.);
#2613 = DIRECTION('',(-0.,-1.));
#2614 = ( GEOMETRIC_REPRESENTATION_CONTEXT(2) 
PARAMETRIC_REPRESENTATION_CONTEXT() REPRESENTATION_CONTEXT('2D SPACE',''
  ) );
#2615 = PCURVE('',#1576,#2616);
#2616 = DEFINITIONAL_REPRESENTATION('',(#2617),#2621);
#2617 = LINE('',#2618,#2619);
#2618 = CARTESIAN_POINT('',(-0.,0.));
#2619 = VECTOR('',#2620,1.);
#2620 = DIRECTION('',(-0.,-1.));
#2621 = ( GEOMETRIC_REPRESENTATION_CONTEXT(2) 
PARAMETRIC_REPRESENTATION_CONTEXT() REPRESENTATION_CONTEXT('2D SPACE',''
  ) );
#2622 = ORIENTED_EDGE('',*,*,#1674,.F.);
#2623 = ORIENTED_EDGE('',*,*,#2602,.F.);
#2624 = ADVANCED_FACE('',(#2625),#1611,.F.);
#2625 = FACE_BOUND('',#2626,.T.);
#2626 = EDGE_LOOP('',(#2627,#2628,#2649,#2650));
#2627 = ORIENTED_EDGE('',*,*,#1590,.T.);
#2628 = ORIENTED_EDGE('',*,*,#2629,.T.);
#2629 = EDGE_CURVE('',#1591,#1705,#2630,.T.);
#2630 = SEAM_CURVE('',#2631,(#2635,#2642),.PCURVE_S1.);
#2631 = LINE('',#2632,#2633);
#2632 = CARTESIAN_POINT('',(125.7,-40.,-27.));
#2633 = VECTOR('',#2634,1.);
#2634 = DIRECTION('',(0.,0.,1.));
#2635 = PCURVE('',#1611,#2636);
#2636 = DEFINITIONAL_REPRESENTATION('',(#2637),#2641);
#2637 = LINE('',#2638,#2639);
#2638 = CARTESIAN_POINT('',(-6.28318530718,0.));
#2639 = VECTOR('',#2640,1.);
#2640 = DIRECTION('',(-0.,-1.));
#2641 = ( GEOMETRIC_REPRESENTATION_CONTEXT(2) 
PARAMETRIC_REPRESENTATION_CONTEXT() REPRESENTATION_CONTEXT('2D SPACE',''
  ) );
#2642 = PCURVE('',#1611,#2643);
#2643 = DEFINITIONAL_REPRESENTATION('',(#2644),#2648);
#2644 = LINE('',#2645,#2646);
#2645 = CARTESIAN_POINT('',(-0.,0.));
#2646 = VECTOR('',#2647,1.);
#2647 = DIRECTION('',(-0.,-1.));
#2648 = ( GEOMETRIC_REPRESENTATION_CONTEXT(2) 
PARAMETRIC_REPRESENTATION_CONTEXT() REPRESENTATION_CONTEXT('2D SPACE',''
  ) );
#2649 = ORIENTED_EDGE('',*,*,#1704,.F.);
#2650 = ORIENTED_EDGE('',*,*,#2629,.F.);
#2651 = ADVANCED_FACE('',(#2652),#1801,.F.);
#2652 = FACE_BOUND('',#2653,.F.);
#2653 = EDGE_LOOP('',(#2654,#2655,#2656,#2657));
#2654 = ORIENTED_EDGE('',*,*,#1839,.F.);
#2655 = ORIENTED_EDGE('',*,*,#1785,.T.);
#2656 = ORIENTED_EDGE('',*,*,#2007,.T.);
#2657 = ORIENTED_EDGE('',*,*,#1980,.F.);
#2658 = ADVANCED_FACE('',(#2659),#1907,.F.);
#2659 = FACE_BOUND('',#2660,.T.);
#2660 = EDGE_LOOP('',(#2661,#2662,#2683,#2684));
#2661 = ORIENTED_EDGE('',*,*,#1886,.T.);
#2662 = ORIENTED_EDGE('',*,*,#2663,.T.);
#2663 = EDGE_CURVE('',#1887,#2033,#2664,.T.);
#2664 = SEAM_CURVE('',#2665,(#2669,#2676),.PCURVE_S1.);
#2665 = LINE('',#2666,#2667);
#2666 = CARTESIAN_POINT('',(-122.3,40.,-27.));
#2667 = VECTOR('',#2668,1.);
#2668 = DIRECTION('',(0.,0.,1.));
#2669 = PCURVE('',#1907,#2670);
#2670 = DEFINITIONAL_REPRESENTATION('',(#2671),#2675);
#2671 = LINE('',#2672,#2673);
#2672 = CARTESIAN_POINT('',(-6.28318530718,0.));
#2673 = VECTOR('',#2674,1.);
#2674 = DIRECTION('',(-0.,-1.));
#2675 = ( GEOMETRIC_REPRESENTATION_CONTEXT(2) 
PARAMETRIC_REPRESENTATION_CONTEXT() REPRESENTATION_CONTEXT('2D SPACE',''
  ) );
#2676 = PCURVE('',#1907,#2677);
#2677 = DEFINITIONAL_REPRESENTATION('',(#2678),#2682);
#2678 = LINE('',#2679,#2680);
#2679 = CARTESIAN_POINT('',(-0.,0.));
#2680 = VECTOR('',#2681,1.);
#2681 = DIRECTION('',(-0.,-1.));
#2682 = ( GEOMETRIC_REPRESENTATION_CONTEXT(2) 
PARAMETRIC_REPRESENTATION_CONTEXT() REPRESENTATION_CONTEXT('2D SPACE',''
  ) );
#2683 = ORIENTED_EDGE('',*,*,#2032,.F.);
#2684 = ORIENTED_EDGE('',*,*,#2663,.F.);
#2685 = ADVANCED_FACE('',(#2686),#1942,.F.);
#2686 = FACE_BOUND('',#2687,.T.);
#2687 = EDGE_LOOP('',(#2688,#2689,#2710,#2711));
#2688 = ORIENTED_EDGE('',*,*,#1921,.T.);
#2689 = ORIENTED_EDGE('',*,*,#2690,.T.);
#2690 = EDGE_CURVE('',#1922,#2063,#2691,.T.);
#2691 = SEAM_CURVE('',#2692,(#2696,#2703),.PCURVE_S1.);
#2692 = LINE('',#2693,#2694);
#2693 = CARTESIAN_POINT('',(125.7,40.,-27.));
#2694 = VECTOR('',#2695,1.);
#2695 = DIRECTION('',(0.,0.,1.));
#2696 = PCURVE('',#1942,#2697);
#2697 = DEFINITIONAL_REPRESENTATION('',(#2698),#2702);
#2698 = LINE('',#2699,#2700);
#2699 = CARTESIAN_POINT('',(-6.28318530718,0.));
#2700 = VECTOR('',#2701,1.);
#2701 = DIRECTION('',(-0.,-1.));
#2702 = ( GEOMETRIC_REPRESENTATION_CONTEXT(2) 
PARAMETRIC_REPRESENTATION_CONTEXT() REPRESENTATION_CONTEXT('2D SPACE',''
  ) );
#2703 = PCURVE('',#1942,#2704);
#2704 = DEFINITIONAL_REPRESENTATION('',(#2705),#2709);
#2705 = LINE('',#2706,#2707);
#2706 = CARTESIAN_POINT('',(-0.,0.));
#2707 = VECTOR('',#2708,1.);
#2708 = DIRECTION('',(-0.,-1.));
#2709 = ( GEOMETRIC_REPRESENTATION_CONTEXT(2) 
PARAMETRIC_REPRESENTATION_CONTEXT() REPRESENTATION_CONTEXT('2D SPACE',''
  ) );
#2710 = ORIENTED_EDGE('',*,*,#2062,.F.);
#2711 = ORIENTED_EDGE('',*,*,#2690,.F.);
#2712 = ADVANCED_FACE('',(#2713,#2716),#2140,.T.);
#2713 = FACE_BOUND('',#2714,.T.);
#2714 = EDGE_LOOP('',(#2715));
#2715 = ORIENTED_EDGE('',*,*,#2125,.T.);
#2716 = FACE_BOUND('',#2717,.T.);
#2717 = EDGE_LOOP('',(#2718));
#2718 = ORIENTED_EDGE('',*,*,#2719,.T.);
#2719 = EDGE_CURVE('',#2720,#2720,#2722,.T.);
#2720 = VERTEX_POINT('',#2721);
#2721 = CARTESIAN_POINT('',(-132.,55.,0.));
#2722 = SURFACE_CURVE('',#2723,(#2728,#2739),.PCURVE_S1.);
#2723 = CIRCLE('',#2724,55.);
#2724 = AXIS2_PLACEMENT_3D('',#2725,#2726,#2727);
#2725 = CARTESIAN_POINT('',(-132.,0.,0.));
#2726 = DIRECTION('',(-1.,0.,0.));
#2727 = DIRECTION('',(0.,1.,0.));
#2728 = PCURVE('',#2140,#2729);
#2729 = DEFINITIONAL_REPRESENTATION('',(#2730),#2738);
#2730 = ( BOUNDED_CURVE() B_SPLINE_CURVE(2,(#2731,#2732,#2733,#2734,
#2735,#2736,#2737),.UNSPECIFIED.,.T.,.F.) B_SPLINE_CURVE_WITH_KNOTS((1,2
    ,2,2,2,1),(-2.094395102393,0.,2.094395102393,4.188790204786,
6.28318530718,8.377580409573),.UNSPECIFIED.) CURVE() 
GEOMETRIC_REPRESENTATION_ITEM() RATIONAL_B_SPLINE_CURVE((1.,0.5,1.,0.5,
1.,0.5,1.)) REPRESENTATION_ITEM('') );
#2731 = CARTESIAN_POINT('',(-4.679120177894E-16,-55.));
#2732 = CARTESIAN_POINT('',(-95.26279441628,-55.));
#2733 = CARTESIAN_POINT('',(-47.63139720814,27.5));
#2734 = CARTESIAN_POINT('',(-1.393902680841E-14,110.));
#2735 = CARTESIAN_POINT('',(47.631397208144,27.5));
#2736 = CARTESIAN_POINT('',(95.262794416288,-55.));
#2737 = CARTESIAN_POINT('',(-4.679120177894E-16,-55.));
#2738 = ( GEOMETRIC_REPRESENTATION_CONTEXT(2) 
PARAMETRIC_REPRESENTATION_CONTEXT() REPRESENTATION_CONTEXT('2D SPACE',''
  ) );
#2739 = PCURVE('',#2740,#2745);
#2740 = CYLINDRICAL_SURFACE('',#2741,55.);
#2741 = AXIS2_PLACEMENT_3D('',#2742,#2743,#2744);
#2742 = CARTESIAN_POINT('',(-150.,0.,0.));
#2743 = DIRECTION('',(-1.,-0.,-0.));
#2744 = DIRECTION('',(0.,1.,0.));
#2745 = DEFINITIONAL_REPRESENTATION('',(#2746),#2750);
#2746 = LINE('',#2747,#2748);
#2747 = CARTESIAN_POINT('',(-6.28318530718,-18.));
#2748 = VECTOR('',#2749,1.);
#2749 = DIRECTION('',(1.,-0.));
#2750 = ( GEOMETRIC_REPRESENTATION_CONTEXT(2) 
PARAMETRIC_REPRESENTATION_CONTEXT() REPRESENTATION_CONTEXT('2D SPACE',''
  ) );
#2751 = ADVANCED_FACE('',(#2752),#2192,.T.);
#2752 = FACE_BOUND('',#2753,.F.);
#2753 = EDGE_LOOP('',(#2754,#2777,#2778,#2779));
#2754 = ORIENTED_EDGE('',*,*,#2755,.T.);
#2755 = EDGE_CURVE('',#2756,#2156,#2758,.T.);
#2756 = VERTEX_POINT('',#2757);
#2757 = CARTESIAN_POINT('',(132.7,60.,0.));
#2758 = SEAM_CURVE('',#2759,(#2763,#2770),.PCURVE_S1.);
#2759 = LINE('',#2760,#2761);
#2760 = CARTESIAN_POINT('',(132.,60.,0.));
#2761 = VECTOR('',#2762,1.);
#2762 = DIRECTION('',(1.,0.,0.));
#2763 = PCURVE('',#2192,#2764);
#2764 = DEFINITIONAL_REPRESENTATION('',(#2765),#2769);
#2765 = LINE('',#2766,#2767);
#2766 = CARTESIAN_POINT('',(-0.,0.));
#2767 = VECTOR('',#2768,1.);
#2768 = DIRECTION('',(-0.,-1.));
#2769 = ( GEOMETRIC_REPRESENTATION_CONTEXT(2) 
PARAMETRIC_REPRESENTATION_CONTEXT() REPRESENTATION_CONTEXT('2D SPACE',''
  ) );
#2770 = PCURVE('',#2192,#2771);
#2771 = DEFINITIONAL_REPRESENTATION('',(#2772),#2776);
#2772 = LINE('',#2773,#2774);
#2773 = CARTESIAN_POINT('',(-6.28318530718,0.));
#2774 = VECTOR('',#2775,1.);
#2775 = DIRECTION('',(-0.,-1.));
#2776 = ( GEOMETRIC_REPRESENTATION_CONTEXT(2) 
PARAMETRIC_REPRESENTATION_CONTEXT() REPRESENTATION_CONTEXT('2D SPACE',''
  ) );
#2777 = ORIENTED_EDGE('',*,*,#2177,.T.);
#2778 = ORIENTED_EDGE('',*,*,#2755,.F.);
#2779 = ORIENTED_EDGE('',*,*,#2780,.F.);
#2780 = EDGE_CURVE('',#2756,#2756,#2781,.T.);
#2781 = SURFACE_CURVE('',#2782,(#2787,#2794),.PCURVE_S1.);
#2782 = CIRCLE('',#2783,60.);
#2783 = AXIS2_PLACEMENT_3D('',#2784,#2785,#2786);
#2784 = CARTESIAN_POINT('',(132.7,0.,0.));
#2785 = DIRECTION('',(1.,0.,0.));
#2786 = DIRECTION('',(-0.,1.,0.));
#2787 = PCURVE('',#2192,#2788);
#2788 = DEFINITIONAL_REPRESENTATION('',(#2789),#2793);
#2789 = LINE('',#2790,#2791);
#2790 = CARTESIAN_POINT('',(-0.,-0.7));
#2791 = VECTOR('',#2792,1.);
#2792 = DIRECTION('',(-1.,0.));
#2793 = ( GEOMETRIC_REPRESENTATION_CONTEXT(2) 
PARAMETRIC_REPRESENTATION_CONTEXT() REPRESENTATION_CONTEXT('2D SPACE',''
  ) );
#2794 = PCURVE('',#2795,#2800);
#2795 = TOROIDAL_SURFACE('',#2796,59.3,0.7);
#2796 = AXIS2_PLACEMENT_3D('',#2797,#2798,#2799);
#2797 = CARTESIAN_POINT('',(132.7,0.,0.));
#2798 = DIRECTION('',(-1.,-0.,-0.));
#2799 = DIRECTION('',(-0.,1.,0.));
#2800 = DEFINITIONAL_REPRESENTATION('',(#2801),#2805);
#2801 = LINE('',#2802,#2803);
#2802 = CARTESIAN_POINT('',(-0.,0.));
#2803 = VECTOR('',#2804,1.);
#2804 = DIRECTION('',(-1.,0.));
#2805 = ( GEOMETRIC_REPRESENTATION_CONTEXT(2) 
PARAMETRIC_REPRESENTATION_CONTEXT() REPRESENTATION_CONTEXT('2D SPACE',''
  ) );
#2806 = ADVANCED_FACE('',(#2807),#2226,.T.);
#2807 = FACE_BOUND('',#2808,.T.);
#2808 = EDGE_LOOP('',(#2809));
#2809 = ORIENTED_EDGE('',*,*,#2209,.T.);
#2810 = ADVANCED_FACE('',(#2811),#2281,.T.);
#2811 = FACE_BOUND('',#2812,.T.);
#2812 = EDGE_LOOP('',(#2813));
#2813 = ORIENTED_EDGE('',*,*,#2264,.T.);
#2814 = ADVANCED_FACE('',(#2815),#2336,.T.);
#2815 = FACE_BOUND('',#2816,.T.);
#2816 = EDGE_LOOP('',(#2817));
#2817 = ORIENTED_EDGE('',*,*,#2319,.T.);
#2818 = ADVANCED_FACE('',(#2819),#2391,.T.);
#2819 = FACE_BOUND('',#2820,.T.);
#2820 = EDGE_LOOP('',(#2821));
#2821 = ORIENTED_EDGE('',*,*,#2374,.T.);
#2822 = ADVANCED_FACE('',(#2823),#2446,.T.);
#2823 = FACE_BOUND('',#2824,.T.);
#2824 = EDGE_LOOP('',(#2825));
#2825 = ORIENTED_EDGE('',*,*,#2429,.T.);
#2826 = ADVANCED_FACE('',(#2827),#2501,.T.);
#2827 = FACE_BOUND('',#2828,.T.);
#2828 = EDGE_LOOP('',(#2829));
#2829 = ORIENTED_EDGE('',*,*,#2484,.T.);
#2830 = ADVANCED_FACE('',(#2831),#2556,.T.);
#2831 = FACE_BOUND('',#2832,.T.);
#2832 = EDGE_LOOP('',(#2833));
#2833 = ORIENTED_EDGE('',*,*,#2539,.T.);
#2834 = ADVANCED_FACE('',(#2835),#2740,.T.);
#2835 = FACE_BOUND('',#2836,.F.);
#2836 = EDGE_LOOP('',(#2837,#2860,#2861,#2862));
#2837 = ORIENTED_EDGE('',*,*,#2838,.F.);
#2838 = EDGE_CURVE('',#2720,#2839,#2841,.T.);
#2839 = VERTEX_POINT('',#2840);
#2840 = CARTESIAN_POINT('',(132.,55.,0.));
#2841 = SEAM_CURVE('',#2842,(#2846,#2853),.PCURVE_S1.);
#2842 = LINE('',#2843,#2844);
#2843 = CARTESIAN_POINT('',(-150.,55.,0.));
#2844 = VECTOR('',#2845,1.);
#2845 = DIRECTION('',(1.,0.,0.));
#2846 = PCURVE('',#2740,#2847);
#2847 = DEFINITIONAL_REPRESENTATION('',(#2848),#2852);
#2848 = LINE('',#2849,#2850);
#2849 = CARTESIAN_POINT('',(-6.28318530718,0.));
#2850 = VECTOR('',#2851,1.);
#2851 = DIRECTION('',(-0.,-1.));
#2852 = ( GEOMETRIC_REPRESENTATION_CONTEXT(2) 
PARAMETRIC_REPRESENTATION_CONTEXT() REPRESENTATION_CONTEXT('2D SPACE',''
  ) );
#2853 = PCURVE('',#2740,#2854);
#2854 = DEFINITIONAL_REPRESENTATION('',(#2855),#2859);
#2855 = LINE('',#2856,#2857);
#2856 = CARTESIAN_POINT('',(-0.,0.));
#2857 = VECTOR('',#2858,1.);
#2858 = DIRECTION('',(-0.,-1.));
#2859 = ( GEOMETRIC_REPRESENTATION_CONTEXT(2) 
PARAMETRIC_REPRESENTATION_CONTEXT() REPRESENTATION_CONTEXT('2D SPACE',''
  ) );
#2860 = ORIENTED_EDGE('',*,*,#2719,.T.);
#2861 = ORIENTED_EDGE('',*,*,#2838,.T.);
#2862 = ORIENTED_EDGE('',*,*,#2863,.F.);
#2863 = EDGE_CURVE('',#2839,#2839,#2864,.T.);
#2864 = SURFACE_CURVE('',#2865,(#2870,#2877),.PCURVE_S1.);
#2865 = CIRCLE('',#2866,55.);
#2866 = AXIS2_PLACEMENT_3D('',#2867,#2868,#2869);
#2867 = CARTESIAN_POINT('',(132.,0.,0.));
#2868 = DIRECTION('',(-1.,0.,0.));
#2869 = DIRECTION('',(0.,1.,0.));
#2870 = PCURVE('',#2740,#2871);
#2871 = DEFINITIONAL_REPRESENTATION('',(#2872),#2876);
#2872 = LINE('',#2873,#2874);
#2873 = CARTESIAN_POINT('',(-6.28318530718,-282.));
#2874 = VECTOR('',#2875,1.);
#2875 = DIRECTION('',(1.,-0.));
#2876 = ( GEOMETRIC_REPRESENTATION_CONTEXT(2) 
PARAMETRIC_REPRESENTATION_CONTEXT() REPRESENTATION_CONTEXT('2D SPACE',''
  ) );
#2877 = PCURVE('',#2878,#2883);
#2878 = PLANE('',#2879);
#2879 = AXIS2_PLACEMENT_3D('',#2880,#2881,#2882);
#2880 = CARTESIAN_POINT('',(132.,-2.917205616084E-15,4.679120177894E-16)
  );
#2881 = DIRECTION('',(1.,0.,0.));
#2882 = DIRECTION('',(-0.,0.,1.));
#2883 = DEFINITIONAL_REPRESENTATION('',(#2884),#2892);
#2884 = ( BOUNDED_CURVE() B_SPLINE_CURVE(2,(#2885,#2886,#2887,#2888,
#2889,#2890,#2891),.UNSPECIFIED.,.T.,.F.) B_SPLINE_CURVE_WITH_KNOTS((1,2
    ,2,2,2,1),(-2.094395102393,0.,2.094395102393,4.188790204786,
6.28318530718,8.377580409573),.UNSPECIFIED.) CURVE() 
GEOMETRIC_REPRESENTATION_ITEM() RATIONAL_B_SPLINE_CURVE((1.,0.5,1.,0.5,
1.,0.5,1.)) REPRESENTATION_ITEM('') );
#2885 = CARTESIAN_POINT('',(-4.679120177894E-16,-55.));
#2886 = CARTESIAN_POINT('',(-95.26279441628,-55.));
#2887 = CARTESIAN_POINT('',(-47.63139720814,27.5));
#2888 = CARTESIAN_POINT('',(-1.393902680841E-14,110.));
#2889 = CARTESIAN_POINT('',(47.631397208144,27.5));
#2890 = CARTESIAN_POINT('',(95.262794416288,-55.));
#2891 = CARTESIAN_POINT('',(-4.679120177894E-16,-55.));
#2892 = ( GEOMETRIC_REPRESENTATION_CONTEXT(2) 
PARAMETRIC_REPRESENTATION_CONTEXT() REPRESENTATION_CONTEXT('2D SPACE',''
  ) );
#2893 = ADVANCED_FACE('',(#2894),#2795,.T.);
#2894 = FACE_BOUND('',#2895,.F.);
#2895 = EDGE_LOOP('',(#2896,#2918,#2919,#2920));
#2896 = ORIENTED_EDGE('',*,*,#2897,.F.);
#2897 = EDGE_CURVE('',#2756,#2898,#2900,.T.);
#2898 = VERTEX_POINT('',#2899);
#2899 = CARTESIAN_POINT('',(132.,59.3,0.));
#2900 = SEAM_CURVE('',#2901,(#2906,#2912),.PCURVE_S1.);
#2901 = CIRCLE('',#2902,0.7);
#2902 = AXIS2_PLACEMENT_3D('',#2903,#2904,#2905);
#2903 = CARTESIAN_POINT('',(132.7,59.3,0.));
#2904 = DIRECTION('',(0.,0.,1.));
#2905 = DIRECTION('',(-0.,1.,0.));
#2906 = PCURVE('',#2795,#2907);
#2907 = DEFINITIONAL_REPRESENTATION('',(#2908),#2911);
#2908 = B_SPLINE_CURVE_WITH_KNOTS('',1,(#2909,#2910),.UNSPECIFIED.,.F.,
  .F.,(2,2),(0.,1.570796326795),.PIECEWISE_BEZIER_KNOTS.);
#2909 = CARTESIAN_POINT('',(0.,0.));
#2910 = CARTESIAN_POINT('',(0.,1.570796326795));
#2911 = ( GEOMETRIC_REPRESENTATION_CONTEXT(2) 
PARAMETRIC_REPRESENTATION_CONTEXT() REPRESENTATION_CONTEXT('2D SPACE',''
  ) );
#2912 = PCURVE('',#2795,#2913);
#2913 = DEFINITIONAL_REPRESENTATION('',(#2914),#2917);
#2914 = B_SPLINE_CURVE_WITH_KNOTS('',1,(#2915,#2916),.UNSPECIFIED.,.F.,
  .F.,(2,2),(0.,1.570796326795),.PIECEWISE_BEZIER_KNOTS.);
#2915 = CARTESIAN_POINT('',(-6.28318530718,0.));
#2916 = CARTESIAN_POINT('',(-6.28318530718,1.570796326795));
#2917 = ( GEOMETRIC_REPRESENTATION_CONTEXT(2) 
PARAMETRIC_REPRESENTATION_CONTEXT() REPRESENTATION_CONTEXT('2D SPACE',''
  ) );
#2918 = ORIENTED_EDGE('',*,*,#2780,.F.);
#2919 = ORIENTED_EDGE('',*,*,#2897,.T.);
#2920 = ORIENTED_EDGE('',*,*,#2921,.T.);
#2921 = EDGE_CURVE('',#2898,#2898,#2922,.T.);
#2922 = SURFACE_CURVE('',#2923,(#2928,#2935),.PCURVE_S1.);
#2923 = CIRCLE('',#2924,59.3);
#2924 = AXIS2_PLACEMENT_3D('',#2925,#2926,#2927);
#2925 = CARTESIAN_POINT('',(132.,0.,0.));
#2926 = DIRECTION('',(1.,0.,0.));
#2927 = DIRECTION('',(-0.,1.,0.));
#2928 = PCURVE('',#2795,#2929);
#2929 = DEFINITIONAL_REPRESENTATION('',(#2930),#2934);
#2930 = LINE('',#2931,#2932);
#2931 = CARTESIAN_POINT('',(-0.,1.570796326795));
#2932 = VECTOR('',#2933,1.);
#2933 = DIRECTION('',(-1.,0.));
#2934 = ( GEOMETRIC_REPRESENTATION_CONTEXT(2) 
PARAMETRIC_REPRESENTATION_CONTEXT() REPRESENTATION_CONTEXT('2D SPACE',''
  ) );
#2935 = PCURVE('',#2878,#2936);
#2936 = DEFINITIONAL_REPRESENTATION('',(#2937),#2941);
#2937 = CIRCLE('',#2938,59.3);
#2938 = AXIS2_PLACEMENT_2D('',#2939,#2940);
#2939 = CARTESIAN_POINT('',(-4.679120177894E-16,-2.917205616084E-15));
#2940 = DIRECTION('',(0.,-1.));
#2941 = ( GEOMETRIC_REPRESENTATION_CONTEXT(2) 
PARAMETRIC_REPRESENTATION_CONTEXT() REPRESENTATION_CONTEXT('2D SPACE',''
  ) );
#2942 = ADVANCED_FACE('',(#2943,#2946),#2878,.F.);
#2943 = FACE_BOUND('',#2944,.F.);
#2944 = EDGE_LOOP('',(#2945));
#2945 = ORIENTED_EDGE('',*,*,#2921,.T.);
#2946 = FACE_BOUND('',#2947,.F.);
#2947 = EDGE_LOOP('',(#2948));
#2948 = ORIENTED_EDGE('',*,*,#2863,.T.);
#2949 = ( GEOMETRIC_REPRESENTATION_CONTEXT(3) 
GLOBAL_UNCERTAINTY_ASSIGNED_CONTEXT((#2953)) 
GLOBAL_UNIT_ASSIGNED_CONTEXT((#2950,#2951,#2952)) REPRESENTATION_CONTEXT
('Context #1','3D Context with UNIT and UNCERTAINTY') );
#2950 = ( LENGTH_UNIT() NAMED_UNIT(*) SI_UNIT(.MILLI.,.METRE.) );
#2951 = ( NAMED_UNIT(*) PLANE_ANGLE_UNIT() SI_UNIT($,.RADIAN.) );
#2952 = ( NAMED_UNIT(*) SI_UNIT($,.STERADIAN.) SOLID_ANGLE_UNIT() );
#2953 = UNCERTAINTY_MEASURE_WITH_UNIT(LENGTH_MEASURE(1.E-07),#2950,
  'distance_accuracy_value','confusion accuracy');
#2954 = PRODUCT_RELATED_PRODUCT_CATEGORY('part',$,(#7));
ENDSEC;
END-ISO-10303-21;
