ISO-10303-21;
HEADER;
FILE_DESCRIPTION(('Open CASCADE Model'),'2;1');
FILE_NAME('Open CASCADE Shape Model','2026-09-28T14:00:22',('Author'),(
    'Open CASCADE'),'Open CASCADE STEP processor 7.7','Open CASCADE 7.7'
  ,'Unknown');
FILE_SCHEMA(('AUTOMOTIVE_DESIGN { 1 0 10303 214 1 1 1 1 }'));
ENDSEC;
DATA;
#1 = APPLICATION_PROTOCOL_DEFINITION('international standard',
  'automotive_design',2000,#2);
#2 = APPLICATION_CONTEXT(
  'core data for automotive mechanical design processes');
#3 = SHAPE_DEFINITION_REPRESENTATION(#4,#10);
#4 = PRODUCT_DEFINITION_SHAPE('','',#5);
#5 = PRODUCT_DEFINITION('design','',#6,#9);
#6 = PRODUCT_DEFINITION_FORMATION('','',#7);
#7 = PRODUCT('Open CASCADE STEP translator 7.7 47',
  'Open CASCADE STEP translator 7.7 47','',(#8));
#8 = PRODUCT_CONTEXT('',#2,'mechanical');
#9 = PRODUCT_DEFINITION_CONTEXT('part definition',#2,'design');
#10 = ADVANCED_BREP_SHAPE_REPRESENTATION('',(#11,#15),#2897);
#11 = AXIS2_PLACEMENT_3D('',#12,#13,#14);
#12 = CARTESIAN_POINT('',(0.,0.,0.));
#13 = DIRECTION('',(0.,0.,1.));
#14 = DIRECTION('',(1.,0.,-0.));
#15 = MANIFOLD_SOLID_BREP('',#16);
#16 = CLOSED_SHELL('',(#17,#137,#213,#976,#1025,#1052,#1059,#1135,#1184,
    #1233,#1282,#1331,#1358,#1434,#1483,#1532,#1581,#1630,#1679,#1728,
    #1777,#1804,#1880,#1929,#1978,#2027,#2076,#2125,#2174,#2223,#2272,
    #2299,#2308,#2526,#2539,#2615,#2664,#2713,#2762,#2811,#2860,#2887));
#17 = ADVANCED_FACE('',(#18),#32,.F.);
#18 = FACE_BOUND('',#19,.F.);
#19 = EDGE_LOOP('',(#20,#55,#83,#111));
#20 = ORIENTED_EDGE('',*,*,#21,.F.);
#21 = EDGE_CURVE('',#22,#24,#26,.T.);
#22 = VERTEX_POINT('',#23);
#23 = CARTESIAN_POINT('',(95.,-4.,-7.4));
#24 = VERTEX_POINT('',#25);
#25 = CARTESIAN_POINT('',(95.,-4.,-2.4));
#26 = SURFACE_CURVE('',#27,(#31,#43),.PCURVE_S1.);
#27 = LINE('',#28,#29);
#28 = CARTESIAN_POINT('',(95.,-4.,-7.4));
#29 = VECTOR('',#30,1.);
#30 = DIRECTION('',(0.,0.,1.));
#31 = PCURVE('',#32,#37);
#32 = PLANE('',#33);
#33 = AXIS2_PLACEMENT_3D('',#34,#35,#36);
#34 = CARTESIAN_POINT('',(95.,-4.,-7.4));
#35 = DIRECTION('',(1.,0.,0.));
#36 = DIRECTION('',(0.,0.,1.));
#37 = DEFINITIONAL_REPRESENTATION('',(#38),#42);
#38 = LINE('',#39,#40);
#39 = CARTESIAN_POINT('',(0.,0.));
#40 = VECTOR('',#41,1.);
#41 = DIRECTION('',(1.,0.));
#42 = ( GEOMETRIC_REPRESENTATION_CONTEXT(2) 
PARAMETRIC_REPRESENTATION_CONTEXT() REPRESENTATION_CONTEXT('2D SPACE',''
  ) );
#43 = PCURVE('',#44,#49);
#44 = PLANE('',#45);
#45 = AXIS2_PLACEMENT_3D('',#46,#47,#48);
#46 = CARTESIAN_POINT('',(95.,-4.,-7.4));
#47 = DIRECTION('',(0.,1.,0.));
#48 = DIRECTION('',(0.,0.,1.));
#49 = DEFINITIONAL_REPRESENTATION('',(#50),#54);
#50 = LINE('',#51,#52);
#51 = CARTESIAN_POINT('',(0.,0.));
#52 = VECTOR('',#53,1.);
#53 = DIRECTION('',(1.,0.));
#54 = ( GEOMETRIC_REPRESENTATION_CONTEXT(2) 
PARAMETRIC_REPRESENTATION_CONTEXT() REPRESENTATION_CONTEXT('2D SPACE',''
  ) );
#55 = ORIENTED_EDGE('',*,*,#56,.T.);
#56 = EDGE_CURVE('',#22,#57,#59,.T.);
#57 = VERTEX_POINT('',#58);
#58 = CARTESIAN_POINT('',(95.,12.,-7.4));
#59 = SURFACE_CURVE('',#60,(#64,#71),.PCURVE_S1.);
#60 = LINE('',#61,#62);
#61 = CARTESIAN_POINT('',(95.,-4.,-7.4));
#62 = VECTOR('',#63,1.);
#63 = DIRECTION('',(0.,1.,0.));
#64 = PCURVE('',#32,#65);
#65 = DEFINITIONAL_REPRESENTATION('',(#66),#70);
#66 = LINE('',#67,#68);
#67 = CARTESIAN_POINT('',(0.,0.));
#68 = VECTOR('',#69,1.);
#69 = DIRECTION('',(0.,-1.));
#70 = ( GEOMETRIC_REPRESENTATION_CONTEXT(2) 
PARAMETRIC_REPRESENTATION_CONTEXT() REPRESENTATION_CONTEXT('2D SPACE',''
  ) );
#71 = PCURVE('',#72,#77);
#72 = PLANE('',#73);
#73 = AXIS2_PLACEMENT_3D('',#74,#75,#76);
#74 = CARTESIAN_POINT('',(95.,-4.,-7.4));
#75 = DIRECTION('',(0.,0.,1.));
#76 = DIRECTION('',(1.,0.,0.));
#77 = DEFINITIONAL_REPRESENTATION('',(#78),#82);
#78 = LINE('',#79,#80);
#79 = CARTESIAN_POINT('',(0.,0.));
#80 = VECTOR('',#81,1.);
#81 = DIRECTION('',(0.,1.));
#82 = ( GEOMETRIC_REPRESENTATION_CONTEXT(2) 
PARAMETRIC_REPRESENTATION_CONTEXT() REPRESENTATION_CONTEXT('2D SPACE',''
  ) );
#83 = ORIENTED_EDGE('',*,*,#84,.T.);
#84 = EDGE_CURVE('',#57,#85,#87,.T.);
#85 = VERTEX_POINT('',#86);
#86 = CARTESIAN_POINT('',(95.,12.,-2.4));
#87 = SURFACE_CURVE('',#88,(#92,#99),.PCURVE_S1.);
#88 = LINE('',#89,#90);
#89 = CARTESIAN_POINT('',(95.,12.,-7.4));
#90 = VECTOR('',#91,1.);
#91 = DIRECTION('',(0.,0.,1.));
#92 = PCURVE('',#32,#93);
#93 = DEFINITIONAL_REPRESENTATION('',(#94),#98);
#94 = LINE('',#95,#96);
#95 = CARTESIAN_POINT('',(0.,-16.));
#96 = VECTOR('',#97,1.);
#97 = DIRECTION('',(1.,0.));
#98 = ( GEOMETRIC_REPRESENTATION_CONTEXT(2) 
PARAMETRIC_REPRESENTATION_CONTEXT() REPRESENTATION_CONTEXT('2D SPACE',''
  ) );
#99 = PCURVE('',#100,#105);
#100 = PLANE('',#101);
#101 = AXIS2_PLACEMENT_3D('',#102,#103,#104);
#102 = CARTESIAN_POINT('',(95.,12.,-7.4));
#103 = DIRECTION('',(0.,1.,0.));
#104 = DIRECTION('',(0.,0.,1.));
#105 = DEFINITIONAL_REPRESENTATION('',(#106),#110);
#106 = LINE('',#107,#108);
#107 = CARTESIAN_POINT('',(0.,0.));
#108 = VECTOR('',#109,1.);
#109 = DIRECTION('',(1.,0.));
#110 = ( GEOMETRIC_REPRESENTATION_CONTEXT(2) 
PARAMETRIC_REPRESENTATION_CONTEXT() REPRESENTATION_CONTEXT('2D SPACE',''
  ) );
#111 = ORIENTED_EDGE('',*,*,#112,.F.);
#112 = EDGE_CURVE('',#24,#85,#113,.T.);
#113 = SURFACE_CURVE('',#114,(#118,#125),.PCURVE_S1.);
#114 = LINE('',#115,#116);
#115 = CARTESIAN_POINT('',(95.,-4.,-2.4));
#116 = VECTOR('',#117,1.);
#117 = DIRECTION('',(0.,1.,0.));
#118 = PCURVE('',#32,#119);
#119 = DEFINITIONAL_REPRESENTATION('',(#120),#124);
#120 = LINE('',#121,#122);
#121 = CARTESIAN_POINT('',(5.,0.));
#122 = VECTOR('',#123,1.);
#123 = DIRECTION('',(0.,-1.));
#124 = ( GEOMETRIC_REPRESENTATION_CONTEXT(2) 
PARAMETRIC_REPRESENTATION_CONTEXT() REPRESENTATION_CONTEXT('2D SPACE',''
  ) );
#125 = PCURVE('',#126,#131);
#126 = PLANE('',#127);
#127 = AXIS2_PLACEMENT_3D('',#128,#129,#130);
#128 = CARTESIAN_POINT('',(95.,-4.,-2.4));
#129 = DIRECTION('',(0.,0.,1.));
#130 = DIRECTION('',(1.,0.,0.));
#131 = DEFINITIONAL_REPRESENTATION('',(#132),#136);
#132 = LINE('',#133,#134);
#133 = CARTESIAN_POINT('',(0.,0.));
#134 = VECTOR('',#135,1.);
#135 = DIRECTION('',(0.,1.));
#136 = ( GEOMETRIC_REPRESENTATION_CONTEXT(2) 
PARAMETRIC_REPRESENTATION_CONTEXT() REPRESENTATION_CONTEXT('2D SPACE',''
  ) );
#137 = ADVANCED_FACE('',(#138),#44,.F.);
#138 = FACE_BOUND('',#139,.F.);
#139 = EDGE_LOOP('',(#140,#163,#164,#187));
#140 = ORIENTED_EDGE('',*,*,#141,.F.);
#141 = EDGE_CURVE('',#22,#142,#144,.T.);
#142 = VERTEX_POINT('',#143);
#143 = CARTESIAN_POINT('',(107.,-4.,-7.4));
#144 = SURFACE_CURVE('',#145,(#149,#156),.PCURVE_S1.);
#145 = LINE('',#146,#147);
#146 = CARTESIAN_POINT('',(95.,-4.,-7.4));
#147 = VECTOR('',#148,1.);
#148 = DIRECTION('',(1.,0.,0.));
#149 = PCURVE('',#44,#150);
#150 = DEFINITIONAL_REPRESENTATION('',(#151),#155);
#151 = LINE('',#152,#153);
#152 = CARTESIAN_POINT('',(0.,0.));
#153 = VECTOR('',#154,1.);
#154 = DIRECTION('',(0.,1.));
#155 = ( GEOMETRIC_REPRESENTATION_CONTEXT(2) 
PARAMETRIC_REPRESENTATION_CONTEXT() REPRESENTATION_CONTEXT('2D SPACE',''
  ) );
#156 = PCURVE('',#72,#157);
#157 = DEFINITIONAL_REPRESENTATION('',(#158),#162);
#158 = LINE('',#159,#160);
#159 = CARTESIAN_POINT('',(0.,0.));
#160 = VECTOR('',#161,1.);
#161 = DIRECTION('',(1.,0.));
#162 = ( GEOMETRIC_REPRESENTATION_CONTEXT(2) 
PARAMETRIC_REPRESENTATION_CONTEXT() REPRESENTATION_CONTEXT('2D SPACE',''
  ) );
#163 = ORIENTED_EDGE('',*,*,#21,.T.);
#164 = ORIENTED_EDGE('',*,*,#165,.T.);
#165 = EDGE_CURVE('',#24,#166,#168,.T.);
#166 = VERTEX_POINT('',#167);
#167 = CARTESIAN_POINT('',(107.,-4.,-2.4));
#168 = SURFACE_CURVE('',#169,(#173,#180),.PCURVE_S1.);
#169 = LINE('',#170,#171);
#170 = CARTESIAN_POINT('',(95.,-4.,-2.4));
#171 = VECTOR('',#172,1.);
#172 = DIRECTION('',(1.,0.,0.));
#173 = PCURVE('',#44,#174);
#174 = DEFINITIONAL_REPRESENTATION('',(#175),#179);
#175 = LINE('',#176,#177);
#176 = CARTESIAN_POINT('',(5.,0.));
#177 = VECTOR('',#178,1.);
#178 = DIRECTION('',(0.,1.));
#179 = ( GEOMETRIC_REPRESENTATION_CONTEXT(2) 
PARAMETRIC_REPRESENTATION_CONTEXT() REPRESENTATION_CONTEXT('2D SPACE',''
  ) );
#180 = PCURVE('',#126,#181);
#181 = DEFINITIONAL_REPRESENTATION('',(#182),#186);
#182 = LINE('',#183,#184);
#183 = CARTESIAN_POINT('',(0.,0.));
#184 = VECTOR('',#185,1.);
#185 = DIRECTION('',(1.,0.));
#186 = ( GEOMETRIC_REPRESENTATION_CONTEXT(2) 
PARAMETRIC_REPRESENTATION_CONTEXT() REPRESENTATION_CONTEXT('2D SPACE',''
  ) );
#187 = ORIENTED_EDGE('',*,*,#188,.F.);
#188 = EDGE_CURVE('',#142,#166,#189,.T.);
#189 = SURFACE_CURVE('',#190,(#194,#201),.PCURVE_S1.);
#190 = LINE('',#191,#192);
#191 = CARTESIAN_POINT('',(107.,-4.,-7.4));
#192 = VECTOR('',#193,1.);
#193 = DIRECTION('',(0.,0.,1.));
#194 = PCURVE('',#44,#195);
#195 = DEFINITIONAL_REPRESENTATION('',(#196),#200);
#196 = LINE('',#197,#198);
#197 = CARTESIAN_POINT('',(0.,12.));
#198 = VECTOR('',#199,1.);
#199 = DIRECTION('',(1.,0.));
#200 = ( GEOMETRIC_REPRESENTATION_CONTEXT(2) 
PARAMETRIC_REPRESENTATION_CONTEXT() REPRESENTATION_CONTEXT('2D SPACE',''
  ) );
#201 = PCURVE('',#202,#207);
#202 = PLANE('',#203);
#203 = AXIS2_PLACEMENT_3D('',#204,#205,#206);
#204 = CARTESIAN_POINT('',(107.,-4.,-7.4));
#205 = DIRECTION('',(1.,0.,0.));
#206 = DIRECTION('',(0.,0.,1.));
#207 = DEFINITIONAL_REPRESENTATION('',(#208),#212);
#208 = LINE('',#209,#210);
#209 = CARTESIAN_POINT('',(0.,0.));
#210 = VECTOR('',#211,1.);
#211 = DIRECTION('',(1.,0.));
#212 = ( GEOMETRIC_REPRESENTATION_CONTEXT(2) 
PARAMETRIC_REPRESENTATION_CONTEXT() REPRESENTATION_CONTEXT('2D SPACE',''
  ) );
#213 = ADVANCED_FACE('',(#214,#262,#432,#694),#126,.T.);
#214 = FACE_BOUND('',#215,.T.);
#215 = EDGE_LOOP('',(#216,#217,#218,#241));
#216 = ORIENTED_EDGE('',*,*,#112,.F.);
#217 = ORIENTED_EDGE('',*,*,#165,.T.);
#218 = ORIENTED_EDGE('',*,*,#219,.T.);
#219 = EDGE_CURVE('',#166,#220,#222,.T.);
#220 = VERTEX_POINT('',#221);
#221 = CARTESIAN_POINT('',(107.,12.,-2.4));
#222 = SURFACE_CURVE('',#223,(#227,#234),.PCURVE_S1.);
#223 = LINE('',#224,#225);
#224 = CARTESIAN_POINT('',(107.,-4.,-2.4));
#225 = VECTOR('',#226,1.);
#226 = DIRECTION('',(0.,1.,0.));
#227 = PCURVE('',#126,#228);
#228 = DEFINITIONAL_REPRESENTATION('',(#229),#233);
#229 = LINE('',#230,#231);
#230 = CARTESIAN_POINT('',(12.,0.));
#231 = VECTOR('',#232,1.);
#232 = DIRECTION('',(0.,1.));
#233 = ( GEOMETRIC_REPRESENTATION_CONTEXT(2) 
PARAMETRIC_REPRESENTATION_CONTEXT() REPRESENTATION_CONTEXT('2D SPACE',''
  ) );
#234 = PCURVE('',#202,#235);
#235 = DEFINITIONAL_REPRESENTATION('',(#236),#240);
#236 = LINE('',#237,#238);
#237 = CARTESIAN_POINT('',(5.,0.));
#238 = VECTOR('',#239,1.);
#239 = DIRECTION('',(0.,-1.));
#240 = ( GEOMETRIC_REPRESENTATION_CONTEXT(2) 
PARAMETRIC_REPRESENTATION_CONTEXT() REPRESENTATION_CONTEXT('2D SPACE',''
  ) );
#241 = ORIENTED_EDGE('',*,*,#242,.F.);
#242 = EDGE_CURVE('',#85,#220,#243,.T.);
#243 = SURFACE_CURVE('',#244,(#248,#255),.PCURVE_S1.);
#244 = LINE('',#245,#246);
#245 = CARTESIAN_POINT('',(95.,12.,-2.4));
#246 = VECTOR('',#247,1.);
#247 = DIRECTION('',(1.,0.,0.));
#248 = PCURVE('',#126,#249);
#249 = DEFINITIONAL_REPRESENTATION('',(#250),#254);
#250 = LINE('',#251,#252);
#251 = CARTESIAN_POINT('',(0.,16.));
#252 = VECTOR('',#253,1.);
#253 = DIRECTION('',(1.,0.));
#254 = ( GEOMETRIC_REPRESENTATION_CONTEXT(2) 
PARAMETRIC_REPRESENTATION_CONTEXT() REPRESENTATION_CONTEXT('2D SPACE',''
  ) );
#255 = PCURVE('',#100,#256);
#256 = DEFINITIONAL_REPRESENTATION('',(#257),#261);
#257 = LINE('',#258,#259);
#258 = CARTESIAN_POINT('',(5.,0.));
#259 = VECTOR('',#260,1.);
#260 = DIRECTION('',(0.,1.));
#261 = ( GEOMETRIC_REPRESENTATION_CONTEXT(2) 
PARAMETRIC_REPRESENTATION_CONTEXT() REPRESENTATION_CONTEXT('2D SPACE',''
  ) );
#262 = FACE_BOUND('',#263,.T.);
#263 = EDGE_LOOP('',(#264,#294,#322,#350,#378,#406));
#264 = ORIENTED_EDGE('',*,*,#265,.T.);
#265 = EDGE_CURVE('',#266,#268,#270,.T.);
#266 = VERTEX_POINT('',#267);
#267 = CARTESIAN_POINT('',(99.958129882812,3.134521484375,-2.4));
#268 = VERTEX_POINT('',#269);
#269 = CARTESIAN_POINT('',(98.662963867188,3.134521484375,-2.4));
#270 = SURFACE_CURVE('',#271,(#275,#282),.PCURVE_S1.);
#271 = LINE('',#272,#273);
#272 = CARTESIAN_POINT('',(99.958129882812,3.134521484375,-2.4));
#273 = VECTOR('',#274,1.);
#274 = DIRECTION('',(-1.,0.,0.));
#275 = PCURVE('',#126,#276);
#276 = DEFINITIONAL_REPRESENTATION('',(#277),#281);
#277 = LINE('',#278,#279);
#278 = CARTESIAN_POINT('',(4.958129882812,7.134521484375));
#279 = VECTOR('',#280,1.);
#280 = DIRECTION('',(-1.,0.));
#281 = ( GEOMETRIC_REPRESENTATION_CONTEXT(2) 
PARAMETRIC_REPRESENTATION_CONTEXT() REPRESENTATION_CONTEXT('2D SPACE',''
  ) );
#282 = PCURVE('',#283,#288);
#283 = PLANE('',#284);
#284 = AXIS2_PLACEMENT_3D('',#285,#286,#287);
#285 = CARTESIAN_POINT('',(99.958129882812,3.134521484375,-2.4));
#286 = DIRECTION('',(0.,-1.,0.));
#287 = DIRECTION('',(-1.,0.,0.));
#288 = DEFINITIONAL_REPRESENTATION('',(#289),#293);
#289 = LINE('',#290,#291);
#290 = CARTESIAN_POINT('',(0.,-0.));
#291 = VECTOR('',#292,1.);
#292 = DIRECTION('',(1.,0.));
#293 = ( GEOMETRIC_REPRESENTATION_CONTEXT(2) 
PARAMETRIC_REPRESENTATION_CONTEXT() REPRESENTATION_CONTEXT('2D SPACE',''
  ) );
#294 = ORIENTED_EDGE('',*,*,#295,.T.);
#295 = EDGE_CURVE('',#268,#296,#298,.T.);
#296 = VERTEX_POINT('',#297);
#297 = CARTESIAN_POINT('',(98.662963867188,4.95703125,-2.4));
#298 = SURFACE_CURVE('',#299,(#303,#310),.PCURVE_S1.);
#299 = LINE('',#300,#301);
#300 = CARTESIAN_POINT('',(98.662963867188,3.134521484375,-2.4));
#301 = VECTOR('',#302,1.);
#302 = DIRECTION('',(0.,1.,0.));
#303 = PCURVE('',#126,#304);
#304 = DEFINITIONAL_REPRESENTATION('',(#305),#309);
#305 = LINE('',#306,#307);
#306 = CARTESIAN_POINT('',(3.662963867188,7.134521484375));
#307 = VECTOR('',#308,1.);
#308 = DIRECTION('',(0.,1.));
#309 = ( GEOMETRIC_REPRESENTATION_CONTEXT(2) 
PARAMETRIC_REPRESENTATION_CONTEXT() REPRESENTATION_CONTEXT('2D SPACE',''
  ) );
#310 = PCURVE('',#311,#316);
#311 = PLANE('',#312);
#312 = AXIS2_PLACEMENT_3D('',#313,#314,#315);
#313 = CARTESIAN_POINT('',(98.662963867188,3.134521484375,-2.4));
#314 = DIRECTION('',(-1.,0.,0.));
#315 = DIRECTION('',(0.,1.,0.));
#316 = DEFINITIONAL_REPRESENTATION('',(#317),#321);
#317 = LINE('',#318,#319);
#318 = CARTESIAN_POINT('',(0.,0.));
#319 = VECTOR('',#320,1.);
#320 = DIRECTION('',(1.,0.));
#321 = ( GEOMETRIC_REPRESENTATION_CONTEXT(2) 
PARAMETRIC_REPRESENTATION_CONTEXT() REPRESENTATION_CONTEXT('2D SPACE',''
  ) );
#322 = ORIENTED_EDGE('',*,*,#323,.T.);
#323 = EDGE_CURVE('',#296,#324,#326,.T.);
#324 = VERTEX_POINT('',#325);
#325 = CARTESIAN_POINT('',(99.132934570312,4.95703125,-2.4));
#326 = SURFACE_CURVE('',#327,(#331,#338),.PCURVE_S1.);
#327 = LINE('',#328,#329);
#328 = CARTESIAN_POINT('',(98.662963867188,4.95703125,-2.4));
#329 = VECTOR('',#330,1.);
#330 = DIRECTION('',(1.,0.,0.));
#331 = PCURVE('',#126,#332);
#332 = DEFINITIONAL_REPRESENTATION('',(#333),#337);
#333 = LINE('',#334,#335);
#334 = CARTESIAN_POINT('',(3.662963867188,8.95703125));
#335 = VECTOR('',#336,1.);
#336 = DIRECTION('',(1.,0.));
#337 = ( GEOMETRIC_REPRESENTATION_CONTEXT(2) 
PARAMETRIC_REPRESENTATION_CONTEXT() REPRESENTATION_CONTEXT('2D SPACE',''
  ) );
#338 = PCURVE('',#339,#344);
#339 = PLANE('',#340);
#340 = AXIS2_PLACEMENT_3D('',#341,#342,#343);
#341 = CARTESIAN_POINT('',(98.662963867188,4.95703125,-2.4));
#342 = DIRECTION('',(0.,1.,0.));
#343 = DIRECTION('',(1.,0.,0.));
#344 = DEFINITIONAL_REPRESENTATION('',(#345),#349);
#345 = LINE('',#346,#347);
#346 = CARTESIAN_POINT('',(0.,0.));
#347 = VECTOR('',#348,1.);
#348 = DIRECTION('',(1.,0.));
#349 = ( GEOMETRIC_REPRESENTATION_CONTEXT(2) 
PARAMETRIC_REPRESENTATION_CONTEXT() REPRESENTATION_CONTEXT('2D SPACE',''
  ) );
#350 = ORIENTED_EDGE('',*,*,#351,.T.);
#351 = EDGE_CURVE('',#324,#352,#354,.T.);
#352 = VERTEX_POINT('',#353);
#353 = CARTESIAN_POINT('',(99.132934570312,3.48974609375,-2.4));
#354 = SURFACE_CURVE('',#355,(#359,#366),.PCURVE_S1.);
#355 = LINE('',#356,#357);
#356 = CARTESIAN_POINT('',(99.132934570312,4.95703125,-2.4));
#357 = VECTOR('',#358,1.);
#358 = DIRECTION('',(0.,-1.,0.));
#359 = PCURVE('',#126,#360);
#360 = DEFINITIONAL_REPRESENTATION('',(#361),#365);
#361 = LINE('',#362,#363);
#362 = CARTESIAN_POINT('',(4.132934570312,8.95703125));
#363 = VECTOR('',#364,1.);
#364 = DIRECTION('',(0.,-1.));
#365 = ( GEOMETRIC_REPRESENTATION_CONTEXT(2) 
PARAMETRIC_REPRESENTATION_CONTEXT() REPRESENTATION_CONTEXT('2D SPACE',''
  ) );
#366 = PCURVE('',#367,#372);
#367 = PLANE('',#368);
#368 = AXIS2_PLACEMENT_3D('',#369,#370,#371);
#369 = CARTESIAN_POINT('',(99.132934570312,4.95703125,-2.4));
#370 = DIRECTION('',(1.,0.,0.));
#371 = DIRECTION('',(0.,-1.,0.));
#372 = DEFINITIONAL_REPRESENTATION('',(#373),#377);
#373 = LINE('',#374,#375);
#374 = CARTESIAN_POINT('',(0.,0.));
#375 = VECTOR('',#376,1.);
#376 = DIRECTION('',(1.,0.));
#377 = ( GEOMETRIC_REPRESENTATION_CONTEXT(2) 
PARAMETRIC_REPRESENTATION_CONTEXT() REPRESENTATION_CONTEXT('2D SPACE',''
  ) );
#378 = ORIENTED_EDGE('',*,*,#379,.T.);
#379 = EDGE_CURVE('',#352,#380,#382,.T.);
#380 = VERTEX_POINT('',#381);
#381 = CARTESIAN_POINT('',(99.958129882812,3.48974609375,-2.4));
#382 = SURFACE_CURVE('',#383,(#387,#394),.PCURVE_S1.);
#383 = LINE('',#384,#385);
#384 = CARTESIAN_POINT('',(99.132934570312,3.48974609375,-2.4));
#385 = VECTOR('',#386,1.);
#386 = DIRECTION('',(1.,0.,0.));
#387 = PCURVE('',#126,#388);
#388 = DEFINITIONAL_REPRESENTATION('',(#389),#393);
#389 = LINE('',#390,#391);
#390 = CARTESIAN_POINT('',(4.132934570312,7.48974609375));
#391 = VECTOR('',#392,1.);
#392 = DIRECTION('',(1.,0.));
#393 = ( GEOMETRIC_REPRESENTATION_CONTEXT(2) 
PARAMETRIC_REPRESENTATION_CONTEXT() REPRESENTATION_CONTEXT('2D SPACE',''
  ) );
#394 = PCURVE('',#395,#400);
#395 = PLANE('',#396);
#396 = AXIS2_PLACEMENT_3D('',#397,#398,#399);
#397 = CARTESIAN_POINT('',(99.132934570312,3.48974609375,-2.4));
#398 = DIRECTION('',(0.,1.,0.));
#399 = DIRECTION('',(1.,0.,0.));
#400 = DEFINITIONAL_REPRESENTATION('',(#401),#405);
#401 = LINE('',#402,#403);
#402 = CARTESIAN_POINT('',(0.,0.));
#403 = VECTOR('',#404,1.);
#404 = DIRECTION('',(1.,0.));
#405 = ( GEOMETRIC_REPRESENTATION_CONTEXT(2) 
PARAMETRIC_REPRESENTATION_CONTEXT() REPRESENTATION_CONTEXT('2D SPACE',''
  ) );
#406 = ORIENTED_EDGE('',*,*,#407,.T.);
#407 = EDGE_CURVE('',#380,#266,#408,.T.);
#408 = SURFACE_CURVE('',#409,(#413,#420),.PCURVE_S1.);
#409 = LINE('',#410,#411);
#410 = CARTESIAN_POINT('',(99.958129882812,3.48974609375,-2.4));
#411 = VECTOR('',#412,1.);
#412 = DIRECTION('',(0.,-1.,0.));
#413 = PCURVE('',#126,#414);
#414 = DEFINITIONAL_REPRESENTATION('',(#415),#419);
#415 = LINE('',#416,#417);
#416 = CARTESIAN_POINT('',(4.958129882812,7.48974609375));
#417 = VECTOR('',#418,1.);
#418 = DIRECTION('',(0.,-1.));
#419 = ( GEOMETRIC_REPRESENTATION_CONTEXT(2) 
PARAMETRIC_REPRESENTATION_CONTEXT() REPRESENTATION_CONTEXT('2D SPACE',''
  ) );
#420 = PCURVE('',#421,#426);
#421 = PLANE('',#422);
#422 = AXIS2_PLACEMENT_3D('',#423,#424,#425);
#423 = CARTESIAN_POINT('',(99.958129882812,3.48974609375,-2.4));
#424 = DIRECTION('',(1.,0.,0.));
#425 = DIRECTION('',(0.,-1.,0.));
#426 = DEFINITIONAL_REPRESENTATION('',(#427),#431);
#427 = LINE('',#428,#429);
#428 = CARTESIAN_POINT('',(0.,0.));
#429 = VECTOR('',#430,1.);
#430 = DIRECTION('',(1.,0.));
#431 = ( GEOMETRIC_REPRESENTATION_CONTEXT(2) 
PARAMETRIC_REPRESENTATION_CONTEXT() REPRESENTATION_CONTEXT('2D SPACE',''
  ) );
#432 = FACE_BOUND('',#433,.T.);
#433 = EDGE_LOOP('',(#434,#464,#492,#520,#550,#580,#610,#640,#668));
#434 = ORIENTED_EDGE('',*,*,#435,.T.);
#435 = EDGE_CURVE('',#436,#438,#440,.T.);
#436 = VERTEX_POINT('',#437);
#437 = CARTESIAN_POINT('',(100.72595214843,3.134521484375,-2.4));
#438 = VERTEX_POINT('',#439);
#439 = CARTESIAN_POINT('',(100.25598144531,3.134521484375,-2.4));
#440 = SURFACE_CURVE('',#441,(#445,#452),.PCURVE_S1.);
#441 = LINE('',#442,#443);
#442 = CARTESIAN_POINT('',(100.72595214843,3.134521484375,-2.4));
#443 = VECTOR('',#444,1.);
#444 = DIRECTION('',(-1.,0.,0.));
#445 = PCURVE('',#126,#446);
#446 = DEFINITIONAL_REPRESENTATION('',(#447),#451);
#447 = LINE('',#448,#449);
#448 = CARTESIAN_POINT('',(5.725952148438,7.134521484375));
#449 = VECTOR('',#450,1.);
#450 = DIRECTION('',(-1.,0.));
#451 = ( GEOMETRIC_REPRESENTATION_CONTEXT(2) 
PARAMETRIC_REPRESENTATION_CONTEXT() REPRESENTATION_CONTEXT('2D SPACE',''
  ) );
#452 = PCURVE('',#453,#458);
#453 = PLANE('',#454);
#454 = AXIS2_PLACEMENT_3D('',#455,#456,#457);
#455 = CARTESIAN_POINT('',(100.72595214843,3.134521484375,-2.4));
#456 = DIRECTION('',(0.,-1.,0.));
#457 = DIRECTION('',(-1.,0.,0.));
#458 = DEFINITIONAL_REPRESENTATION('',(#459),#463);
#459 = LINE('',#460,#461);
#460 = CARTESIAN_POINT('',(0.,-0.));
#461 = VECTOR('',#462,1.);
#462 = DIRECTION('',(1.,0.));
#463 = ( GEOMETRIC_REPRESENTATION_CONTEXT(2) 
PARAMETRIC_REPRESENTATION_CONTEXT() REPRESENTATION_CONTEXT('2D SPACE',''
  ) );
#464 = ORIENTED_EDGE('',*,*,#465,.T.);
#465 = EDGE_CURVE('',#438,#466,#468,.T.);
#466 = VERTEX_POINT('',#467);
#467 = CARTESIAN_POINT('',(100.25598144531,4.95703125,-2.4));
#468 = SURFACE_CURVE('',#469,(#473,#480),.PCURVE_S1.);
#469 = LINE('',#470,#471);
#470 = CARTESIAN_POINT('',(100.25598144531,3.134521484375,-2.4));
#471 = VECTOR('',#472,1.);
#472 = DIRECTION('',(0.,1.,0.));
#473 = PCURVE('',#126,#474);
#474 = DEFINITIONAL_REPRESENTATION('',(#475),#479);
#475 = LINE('',#476,#477);
#476 = CARTESIAN_POINT('',(5.255981445312,7.134521484375));
#477 = VECTOR('',#478,1.);
#478 = DIRECTION('',(0.,1.));
#479 = ( GEOMETRIC_REPRESENTATION_CONTEXT(2) 
PARAMETRIC_REPRESENTATION_CONTEXT() REPRESENTATION_CONTEXT('2D SPACE',''
  ) );
#480 = PCURVE('',#481,#486);
#481 = PLANE('',#482);
#482 = AXIS2_PLACEMENT_3D('',#483,#484,#485);
#483 = CARTESIAN_POINT('',(100.25598144531,3.134521484375,-2.4));
#484 = DIRECTION('',(-1.,0.,0.));
#485 = DIRECTION('',(0.,1.,0.));
#486 = DEFINITIONAL_REPRESENTATION('',(#487),#491);
#487 = LINE('',#488,#489);
#488 = CARTESIAN_POINT('',(0.,0.));
#489 = VECTOR('',#490,1.);
#490 = DIRECTION('',(1.,0.));
#491 = ( GEOMETRIC_REPRESENTATION_CONTEXT(2) 
PARAMETRIC_REPRESENTATION_CONTEXT() REPRESENTATION_CONTEXT('2D SPACE',''
  ) );
#492 = ORIENTED_EDGE('',*,*,#493,.T.);
#493 = EDGE_CURVE('',#466,#494,#496,.T.);
#494 = VERTEX_POINT('',#495);
#495 = CARTESIAN_POINT('',(101.03601074218,4.95703125,-2.4));
#496 = SURFACE_CURVE('',#497,(#501,#508),.PCURVE_S1.);
#497 = LINE('',#498,#499);
#498 = CARTESIAN_POINT('',(100.25598144531,4.95703125,-2.4));
#499 = VECTOR('',#500,1.);
#500 = DIRECTION('',(1.,0.,0.));
#501 = PCURVE('',#126,#502);
#502 = DEFINITIONAL_REPRESENTATION('',(#503),#507);
#503 = LINE('',#504,#505);
#504 = CARTESIAN_POINT('',(5.255981445312,8.95703125));
#505 = VECTOR('',#506,1.);
#506 = DIRECTION('',(1.,0.));
#507 = ( GEOMETRIC_REPRESENTATION_CONTEXT(2) 
PARAMETRIC_REPRESENTATION_CONTEXT() REPRESENTATION_CONTEXT('2D SPACE',''
  ) );
#508 = PCURVE('',#509,#514);
#509 = PLANE('',#510);
#510 = AXIS2_PLACEMENT_3D('',#511,#512,#513);
#511 = CARTESIAN_POINT('',(100.25598144531,4.95703125,-2.4));
#512 = DIRECTION('',(0.,1.,0.));
#513 = DIRECTION('',(1.,0.,0.));
#514 = DEFINITIONAL_REPRESENTATION('',(#515),#519);
#515 = LINE('',#516,#517);
#516 = CARTESIAN_POINT('',(0.,0.));
#517 = VECTOR('',#518,1.);
#518 = DIRECTION('',(1.,0.));
#519 = ( GEOMETRIC_REPRESENTATION_CONTEXT(2) 
PARAMETRIC_REPRESENTATION_CONTEXT() REPRESENTATION_CONTEXT('2D SPACE',''
  ) );
#520 = ORIENTED_EDGE('',*,*,#521,.T.);
#521 = EDGE_CURVE('',#494,#522,#524,.T.);
#522 = VERTEX_POINT('',#523);
#523 = CARTESIAN_POINT('',(101.57006835937,4.802612304688,-2.4));
#524 = SURFACE_CURVE('',#525,(#529,#536),.PCURVE_S1.);
#525 = B_SPLINE_CURVE_WITH_KNOTS('',2,(#526,#527,#528),.UNSPECIFIED.,.F.
  ,.F.,(3,3),(0.,1.),.PIECEWISE_BEZIER_KNOTS.);
#526 = CARTESIAN_POINT('',(101.03601074218,4.95703125,-2.4));
#527 = CARTESIAN_POINT('',(101.38391113281,4.95703125,-2.4));
#528 = CARTESIAN_POINT('',(101.57006835937,4.802612304688,-2.4));
#529 = PCURVE('',#126,#530);
#530 = DEFINITIONAL_REPRESENTATION('',(#531),#535);
#531 = B_SPLINE_CURVE_WITH_KNOTS('',2,(#532,#533,#534),.UNSPECIFIED.,.F.
  ,.F.,(3,3),(0.,1.),.PIECEWISE_BEZIER_KNOTS.);
#532 = CARTESIAN_POINT('',(6.036010742188,8.95703125));
#533 = CARTESIAN_POINT('',(6.383911132812,8.95703125));
#534 = CARTESIAN_POINT('',(6.570068359375,8.802612304688));
#535 = ( GEOMETRIC_REPRESENTATION_CONTEXT(2) 
PARAMETRIC_REPRESENTATION_CONTEXT() REPRESENTATION_CONTEXT('2D SPACE',''
  ) );
#536 = PCURVE('',#537,#544);
#537 = SURFACE_OF_LINEAR_EXTRUSION('',#538,#542);
#538 = B_SPLINE_CURVE_WITH_KNOTS('',2,(#539,#540,#541),.UNSPECIFIED.,.F.
  ,.F.,(3,3),(0.,1.),.PIECEWISE_BEZIER_KNOTS.);
#539 = CARTESIAN_POINT('',(101.03601074218,4.95703125,-2.4));
#540 = CARTESIAN_POINT('',(101.38391113281,4.95703125,-2.4));
#541 = CARTESIAN_POINT('',(101.57006835937,4.802612304688,-2.4));
#542 = VECTOR('',#543,1.);
#543 = DIRECTION('',(-0.,-0.,-1.));
#544 = DEFINITIONAL_REPRESENTATION('',(#545),#549);
#545 = LINE('',#546,#547);
#546 = CARTESIAN_POINT('',(0.,0.));
#547 = VECTOR('',#548,1.);
#548 = DIRECTION('',(1.,0.));
#549 = ( GEOMETRIC_REPRESENTATION_CONTEXT(2) 
PARAMETRIC_REPRESENTATION_CONTEXT() REPRESENTATION_CONTEXT('2D SPACE',''
  ) );
#550 = ORIENTED_EDGE('',*,*,#551,.T.);
#551 = EDGE_CURVE('',#522,#552,#554,.T.);
#552 = VERTEX_POINT('',#553);
#553 = CARTESIAN_POINT('',(101.75622558593,4.362548828125,-2.4));
#554 = SURFACE_CURVE('',#555,(#559,#566),.PCURVE_S1.);
#555 = B_SPLINE_CURVE_WITH_KNOTS('',2,(#556,#557,#558),.UNSPECIFIED.,.F.
  ,.F.,(3,3),(0.,1.),.PIECEWISE_BEZIER_KNOTS.);
#556 = CARTESIAN_POINT('',(101.57006835937,4.802612304688,-2.4));
#557 = CARTESIAN_POINT('',(101.75622558593,4.648193359375,-2.4));
#558 = CARTESIAN_POINT('',(101.75622558593,4.362548828125,-2.4));
#559 = PCURVE('',#126,#560);
#560 = DEFINITIONAL_REPRESENTATION('',(#561),#565);
#561 = B_SPLINE_CURVE_WITH_KNOTS('',2,(#562,#563,#564),.UNSPECIFIED.,.F.
  ,.F.,(3,3),(0.,1.),.PIECEWISE_BEZIER_KNOTS.);
#562 = CARTESIAN_POINT('',(6.570068359375,8.802612304688));
#563 = CARTESIAN_POINT('',(6.756225585938,8.648193359375));
#564 = CARTESIAN_POINT('',(6.756225585938,8.362548828125));
#565 = ( GEOMETRIC_REPRESENTATION_CONTEXT(2) 
PARAMETRIC_REPRESENTATION_CONTEXT() REPRESENTATION_CONTEXT('2D SPACE',''
  ) );
#566 = PCURVE('',#567,#574);
#567 = SURFACE_OF_LINEAR_EXTRUSION('',#568,#572);
#568 = B_SPLINE_CURVE_WITH_KNOTS('',2,(#569,#570,#571),.UNSPECIFIED.,.F.
  ,.F.,(3,3),(0.,1.),.PIECEWISE_BEZIER_KNOTS.);
#569 = CARTESIAN_POINT('',(101.57006835937,4.802612304688,-2.4));
#570 = CARTESIAN_POINT('',(101.75622558593,4.648193359375,-2.4));
#571 = CARTESIAN_POINT('',(101.75622558593,4.362548828125,-2.4));
#572 = VECTOR('',#573,1.);
#573 = DIRECTION('',(-0.,-0.,-1.));
#574 = DEFINITIONAL_REPRESENTATION('',(#575),#579);
#575 = LINE('',#576,#577);
#576 = CARTESIAN_POINT('',(0.,0.));
#577 = VECTOR('',#578,1.);
#578 = DIRECTION('',(1.,0.));
#579 = ( GEOMETRIC_REPRESENTATION_CONTEXT(2) 
PARAMETRIC_REPRESENTATION_CONTEXT() REPRESENTATION_CONTEXT('2D SPACE',''
  ) );
#580 = ORIENTED_EDGE('',*,*,#581,.T.);
#581 = EDGE_CURVE('',#552,#582,#584,.T.);
#582 = VERTEX_POINT('',#583);
#583 = CARTESIAN_POINT('',(101.57006835937,3.921264648438,-2.4));
#584 = SURFACE_CURVE('',#585,(#589,#596),.PCURVE_S1.);
#585 = B_SPLINE_CURVE_WITH_KNOTS('',2,(#586,#587,#588),.UNSPECIFIED.,.F.
  ,.F.,(3,3),(0.,1.),.PIECEWISE_BEZIER_KNOTS.);
#586 = CARTESIAN_POINT('',(101.75622558593,4.362548828125,-2.4));
#587 = CARTESIAN_POINT('',(101.75622558593,4.07568359375,-2.4));
#588 = CARTESIAN_POINT('',(101.57006835937,3.921264648438,-2.4));
#589 = PCURVE('',#126,#590);
#590 = DEFINITIONAL_REPRESENTATION('',(#591),#595);
#591 = B_SPLINE_CURVE_WITH_KNOTS('',2,(#592,#593,#594),.UNSPECIFIED.,.F.
  ,.F.,(3,3),(0.,1.),.PIECEWISE_BEZIER_KNOTS.);
#592 = CARTESIAN_POINT('',(6.756225585938,8.362548828125));
#593 = CARTESIAN_POINT('',(6.756225585938,8.07568359375));
#594 = CARTESIAN_POINT('',(6.570068359375,7.921264648438));
#595 = ( GEOMETRIC_REPRESENTATION_CONTEXT(2) 
PARAMETRIC_REPRESENTATION_CONTEXT() REPRESENTATION_CONTEXT('2D SPACE',''
  ) );
#596 = PCURVE('',#597,#604);
#597 = SURFACE_OF_LINEAR_EXTRUSION('',#598,#602);
#598 = B_SPLINE_CURVE_WITH_KNOTS('',2,(#599,#600,#601),.UNSPECIFIED.,.F.
  ,.F.,(3,3),(0.,1.),.PIECEWISE_BEZIER_KNOTS.);
#599 = CARTESIAN_POINT('',(101.75622558593,4.362548828125,-2.4));
#600 = CARTESIAN_POINT('',(101.75622558593,4.07568359375,-2.4));
#601 = CARTESIAN_POINT('',(101.57006835937,3.921264648438,-2.4));
#602 = VECTOR('',#603,1.);
#603 = DIRECTION('',(-0.,-0.,-1.));
#604 = DEFINITIONAL_REPRESENTATION('',(#605),#609);
#605 = LINE('',#606,#607);
#606 = CARTESIAN_POINT('',(0.,0.));
#607 = VECTOR('',#608,1.);
#608 = DIRECTION('',(1.,0.));
#609 = ( GEOMETRIC_REPRESENTATION_CONTEXT(2) 
PARAMETRIC_REPRESENTATION_CONTEXT() REPRESENTATION_CONTEXT('2D SPACE',''
  ) );
#610 = ORIENTED_EDGE('',*,*,#611,.T.);
#611 = EDGE_CURVE('',#582,#612,#614,.T.);
#612 = VERTEX_POINT('',#613);
#613 = CARTESIAN_POINT('',(101.03601074218,3.766845703125,-2.4));
#614 = SURFACE_CURVE('',#615,(#619,#626),.PCURVE_S1.);
#615 = B_SPLINE_CURVE_WITH_KNOTS('',2,(#616,#617,#618),.UNSPECIFIED.,.F.
  ,.F.,(3,3),(0.,1.),.PIECEWISE_BEZIER_KNOTS.);
#616 = CARTESIAN_POINT('',(101.57006835937,3.921264648438,-2.4));
#617 = CARTESIAN_POINT('',(101.38391113281,3.766845703125,-2.4));
#618 = CARTESIAN_POINT('',(101.03601074218,3.766845703125,-2.4));
#619 = PCURVE('',#126,#620);
#620 = DEFINITIONAL_REPRESENTATION('',(#621),#625);
#621 = B_SPLINE_CURVE_WITH_KNOTS('',2,(#622,#623,#624),.UNSPECIFIED.,.F.
  ,.F.,(3,3),(0.,1.),.PIECEWISE_BEZIER_KNOTS.);
#622 = CARTESIAN_POINT('',(6.570068359375,7.921264648438));
#623 = CARTESIAN_POINT('',(6.383911132812,7.766845703125));
#624 = CARTESIAN_POINT('',(6.036010742188,7.766845703125));
#625 = ( GEOMETRIC_REPRESENTATION_CONTEXT(2) 
PARAMETRIC_REPRESENTATION_CONTEXT() REPRESENTATION_CONTEXT('2D SPACE',''
  ) );
#626 = PCURVE('',#627,#634);
#627 = SURFACE_OF_LINEAR_EXTRUSION('',#628,#632);
#628 = B_SPLINE_CURVE_WITH_KNOTS('',2,(#629,#630,#631),.UNSPECIFIED.,.F.
  ,.F.,(3,3),(0.,1.),.PIECEWISE_BEZIER_KNOTS.);
#629 = CARTESIAN_POINT('',(101.57006835937,3.921264648438,-2.4));
#630 = CARTESIAN_POINT('',(101.38391113281,3.766845703125,-2.4));
#631 = CARTESIAN_POINT('',(101.03601074218,3.766845703125,-2.4));
#632 = VECTOR('',#633,1.);
#633 = DIRECTION('',(-0.,-0.,-1.));
#634 = DEFINITIONAL_REPRESENTATION('',(#635),#639);
#635 = LINE('',#636,#637);
#636 = CARTESIAN_POINT('',(0.,0.));
#637 = VECTOR('',#638,1.);
#638 = DIRECTION('',(1.,0.));
#639 = ( GEOMETRIC_REPRESENTATION_CONTEXT(2) 
PARAMETRIC_REPRESENTATION_CONTEXT() REPRESENTATION_CONTEXT('2D SPACE',''
  ) );
#640 = ORIENTED_EDGE('',*,*,#641,.T.);
#641 = EDGE_CURVE('',#612,#642,#644,.T.);
#642 = VERTEX_POINT('',#643);
#643 = CARTESIAN_POINT('',(100.72595214843,3.766845703125,-2.4));
#644 = SURFACE_CURVE('',#645,(#649,#656),.PCURVE_S1.);
#645 = LINE('',#646,#647);
#646 = CARTESIAN_POINT('',(101.03601074218,3.766845703125,-2.4));
#647 = VECTOR('',#648,1.);
#648 = DIRECTION('',(-1.,0.,0.));
#649 = PCURVE('',#126,#650);
#650 = DEFINITIONAL_REPRESENTATION('',(#651),#655);
#651 = LINE('',#652,#653);
#652 = CARTESIAN_POINT('',(6.036010742188,7.766845703125));
#653 = VECTOR('',#654,1.);
#654 = DIRECTION('',(-1.,0.));
#655 = ( GEOMETRIC_REPRESENTATION_CONTEXT(2) 
PARAMETRIC_REPRESENTATION_CONTEXT() REPRESENTATION_CONTEXT('2D SPACE',''
  ) );
#656 = PCURVE('',#657,#662);
#657 = PLANE('',#658);
#658 = AXIS2_PLACEMENT_3D('',#659,#660,#661);
#659 = CARTESIAN_POINT('',(101.03601074218,3.766845703125,-2.4));
#660 = DIRECTION('',(0.,-1.,0.));
#661 = DIRECTION('',(-1.,0.,0.));
#662 = DEFINITIONAL_REPRESENTATION('',(#663),#667);
#663 = LINE('',#664,#665);
#664 = CARTESIAN_POINT('',(0.,-0.));
#665 = VECTOR('',#666,1.);
#666 = DIRECTION('',(1.,0.));
#667 = ( GEOMETRIC_REPRESENTATION_CONTEXT(2) 
PARAMETRIC_REPRESENTATION_CONTEXT() REPRESENTATION_CONTEXT('2D SPACE',''
  ) );
#668 = ORIENTED_EDGE('',*,*,#669,.T.);
#669 = EDGE_CURVE('',#642,#436,#670,.T.);
#670 = SURFACE_CURVE('',#671,(#675,#682),.PCURVE_S1.);
#671 = LINE('',#672,#673);
#672 = CARTESIAN_POINT('',(100.72595214843,3.766845703125,-2.4));
#673 = VECTOR('',#674,1.);
#674 = DIRECTION('',(0.,-1.,0.));
#675 = PCURVE('',#126,#676);
#676 = DEFINITIONAL_REPRESENTATION('',(#677),#681);
#677 = LINE('',#678,#679);
#678 = CARTESIAN_POINT('',(5.725952148438,7.766845703125));
#679 = VECTOR('',#680,1.);
#680 = DIRECTION('',(0.,-1.));
#681 = ( GEOMETRIC_REPRESENTATION_CONTEXT(2) 
PARAMETRIC_REPRESENTATION_CONTEXT() REPRESENTATION_CONTEXT('2D SPACE',''
  ) );
#682 = PCURVE('',#683,#688);
#683 = PLANE('',#684);
#684 = AXIS2_PLACEMENT_3D('',#685,#686,#687);
#685 = CARTESIAN_POINT('',(100.72595214843,3.766845703125,-2.4));
#686 = DIRECTION('',(1.,0.,0.));
#687 = DIRECTION('',(0.,-1.,0.));
#688 = DEFINITIONAL_REPRESENTATION('',(#689),#693);
#689 = LINE('',#690,#691);
#690 = CARTESIAN_POINT('',(0.,0.));
#691 = VECTOR('',#692,1.);
#692 = DIRECTION('',(1.,0.));
#693 = ( GEOMETRIC_REPRESENTATION_CONTEXT(2) 
PARAMETRIC_REPRESENTATION_CONTEXT() REPRESENTATION_CONTEXT('2D SPACE',''
  ) );
#694 = FACE_BOUND('',#695,.T.);
#695 = EDGE_LOOP('',(#696,#726,#754,#782,#810,#838,#866,#894,#922,#950)
  );
#696 = ORIENTED_EDGE('',*,*,#697,.T.);
#697 = EDGE_CURVE('',#698,#700,#702,.T.);
#698 = VERTEX_POINT('',#699);
#699 = CARTESIAN_POINT('',(102.55822753906,3.134521484375,-2.4));
#700 = VERTEX_POINT('',#701);
#701 = CARTESIAN_POINT('',(102.08825683593,3.134521484375,-2.4));
#702 = SURFACE_CURVE('',#703,(#707,#714),.PCURVE_S1.);
#703 = LINE('',#704,#705);
#704 = CARTESIAN_POINT('',(102.55822753906,3.134521484375,-2.4));
#705 = VECTOR('',#706,1.);
#706 = DIRECTION('',(-1.,0.,0.));
#707 = PCURVE('',#126,#708);
#708 = DEFINITIONAL_REPRESENTATION('',(#709),#713);
#709 = LINE('',#710,#711);
#710 = CARTESIAN_POINT('',(7.558227539062,7.134521484375));
#711 = VECTOR('',#712,1.);
#712 = DIRECTION('',(-1.,0.));
#713 = ( GEOMETRIC_REPRESENTATION_CONTEXT(2) 
PARAMETRIC_REPRESENTATION_CONTEXT() REPRESENTATION_CONTEXT('2D SPACE',''
  ) );
#714 = PCURVE('',#715,#720);
#715 = PLANE('',#716);
#716 = AXIS2_PLACEMENT_3D('',#717,#718,#719);
#717 = CARTESIAN_POINT('',(102.55822753906,3.134521484375,-2.4));
#718 = DIRECTION('',(0.,-1.,0.));
#719 = DIRECTION('',(-1.,0.,0.));
#720 = DEFINITIONAL_REPRESENTATION('',(#721),#725);
#721 = LINE('',#722,#723);
#722 = CARTESIAN_POINT('',(0.,-0.));
#723 = VECTOR('',#724,1.);
#724 = DIRECTION('',(1.,0.));
#725 = ( GEOMETRIC_REPRESENTATION_CONTEXT(2) 
PARAMETRIC_REPRESENTATION_CONTEXT() REPRESENTATION_CONTEXT('2D SPACE',''
  ) );
#726 = ORIENTED_EDGE('',*,*,#727,.T.);
#727 = EDGE_CURVE('',#700,#728,#730,.T.);
#728 = VERTEX_POINT('',#729);
#729 = CARTESIAN_POINT('',(102.08825683593,4.95703125,-2.4));
#730 = SURFACE_CURVE('',#731,(#735,#742),.PCURVE_S1.);
#731 = LINE('',#732,#733);
#732 = CARTESIAN_POINT('',(102.08825683593,3.134521484375,-2.4));
#733 = VECTOR('',#734,1.);
#734 = DIRECTION('',(0.,1.,0.));
#735 = PCURVE('',#126,#736);
#736 = DEFINITIONAL_REPRESENTATION('',(#737),#741);
#737 = LINE('',#738,#739);
#738 = CARTESIAN_POINT('',(7.088256835938,7.134521484375));
#739 = VECTOR('',#740,1.);
#740 = DIRECTION('',(0.,1.));
#741 = ( GEOMETRIC_REPRESENTATION_CONTEXT(2) 
PARAMETRIC_REPRESENTATION_CONTEXT() REPRESENTATION_CONTEXT('2D SPACE',''
  ) );
#742 = PCURVE('',#743,#748);
#743 = PLANE('',#744);
#744 = AXIS2_PLACEMENT_3D('',#745,#746,#747);
#745 = CARTESIAN_POINT('',(102.08825683593,3.134521484375,-2.4));
#746 = DIRECTION('',(-1.,0.,0.));
#747 = DIRECTION('',(0.,1.,0.));
#748 = DEFINITIONAL_REPRESENTATION('',(#749),#753);
#749 = LINE('',#750,#751);
#750 = CARTESIAN_POINT('',(0.,0.));
#751 = VECTOR('',#752,1.);
#752 = DIRECTION('',(1.,0.));
#753 = ( GEOMETRIC_REPRESENTATION_CONTEXT(2) 
PARAMETRIC_REPRESENTATION_CONTEXT() REPRESENTATION_CONTEXT('2D SPACE',''
  ) );
#754 = ORIENTED_EDGE('',*,*,#755,.T.);
#755 = EDGE_CURVE('',#728,#756,#758,.T.);
#756 = VERTEX_POINT('',#757);
#757 = CARTESIAN_POINT('',(103.35656738281,4.95703125,-2.4));
#758 = SURFACE_CURVE('',#759,(#763,#770),.PCURVE_S1.);
#759 = LINE('',#760,#761);
#760 = CARTESIAN_POINT('',(102.08825683593,4.95703125,-2.4));
#761 = VECTOR('',#762,1.);
#762 = DIRECTION('',(1.,0.,0.));
#763 = PCURVE('',#126,#764);
#764 = DEFINITIONAL_REPRESENTATION('',(#765),#769);
#765 = LINE('',#766,#767);
#766 = CARTESIAN_POINT('',(7.088256835938,8.95703125));
#767 = VECTOR('',#768,1.);
#768 = DIRECTION('',(1.,0.));
#769 = ( GEOMETRIC_REPRESENTATION_CONTEXT(2) 
PARAMETRIC_REPRESENTATION_CONTEXT() REPRESENTATION_CONTEXT('2D SPACE',''
  ) );
#770 = PCURVE('',#771,#776);
#771 = PLANE('',#772);
#772 = AXIS2_PLACEMENT_3D('',#773,#774,#775);
#773 = CARTESIAN_POINT('',(102.08825683593,4.95703125,-2.4));
#774 = DIRECTION('',(0.,1.,0.));
#775 = DIRECTION('',(1.,0.,0.));
#776 = DEFINITIONAL_REPRESENTATION('',(#777),#781);
#777 = LINE('',#778,#779);
#778 = CARTESIAN_POINT('',(0.,0.));
#779 = VECTOR('',#780,1.);
#780 = DIRECTION('',(1.,0.));
#781 = ( GEOMETRIC_REPRESENTATION_CONTEXT(2) 
PARAMETRIC_REPRESENTATION_CONTEXT() REPRESENTATION_CONTEXT('2D SPACE',''
  ) );
#782 = ORIENTED_EDGE('',*,*,#783,.T.);
#783 = EDGE_CURVE('',#756,#784,#786,.T.);
#784 = VERTEX_POINT('',#785);
#785 = CARTESIAN_POINT('',(103.35656738281,4.601806640625,-2.4));
#786 = SURFACE_CURVE('',#787,(#791,#798),.PCURVE_S1.);
#787 = LINE('',#788,#789);
#788 = CARTESIAN_POINT('',(103.35656738281,4.95703125,-2.4));
#789 = VECTOR('',#790,1.);
#790 = DIRECTION('',(0.,-1.,0.));
#791 = PCURVE('',#126,#792);
#792 = DEFINITIONAL_REPRESENTATION('',(#793),#797);
#793 = LINE('',#794,#795);
#794 = CARTESIAN_POINT('',(8.356567382812,8.95703125));
#795 = VECTOR('',#796,1.);
#796 = DIRECTION('',(0.,-1.));
#797 = ( GEOMETRIC_REPRESENTATION_CONTEXT(2) 
PARAMETRIC_REPRESENTATION_CONTEXT() REPRESENTATION_CONTEXT('2D SPACE',''
  ) );
#798 = PCURVE('',#799,#804);
#799 = PLANE('',#800);
#800 = AXIS2_PLACEMENT_3D('',#801,#802,#803);
#801 = CARTESIAN_POINT('',(103.35656738281,4.95703125,-2.4));
#802 = DIRECTION('',(1.,0.,0.));
#803 = DIRECTION('',(0.,-1.,0.));
#804 = DEFINITIONAL_REPRESENTATION('',(#805),#809);
#805 = LINE('',#806,#807);
#806 = CARTESIAN_POINT('',(0.,0.));
#807 = VECTOR('',#808,1.);
#808 = DIRECTION('',(1.,0.));
#809 = ( GEOMETRIC_REPRESENTATION_CONTEXT(2) 
PARAMETRIC_REPRESENTATION_CONTEXT() REPRESENTATION_CONTEXT('2D SPACE',''
  ) );
#810 = ORIENTED_EDGE('',*,*,#811,.T.);
#811 = EDGE_CURVE('',#784,#812,#814,.T.);
#812 = VERTEX_POINT('',#813);
#813 = CARTESIAN_POINT('',(102.55822753906,4.601806640625,-2.4));
#814 = SURFACE_CURVE('',#815,(#819,#826),.PCURVE_S1.);
#815 = LINE('',#816,#817);
#816 = CARTESIAN_POINT('',(103.35656738281,4.601806640625,-2.4));
#817 = VECTOR('',#818,1.);
#818 = DIRECTION('',(-1.,0.,0.));
#819 = PCURVE('',#126,#820);
#820 = DEFINITIONAL_REPRESENTATION('',(#821),#825);
#821 = LINE('',#822,#823);
#822 = CARTESIAN_POINT('',(8.356567382812,8.601806640625));
#823 = VECTOR('',#824,1.);
#824 = DIRECTION('',(-1.,0.));
#825 = ( GEOMETRIC_REPRESENTATION_CONTEXT(2) 
PARAMETRIC_REPRESENTATION_CONTEXT() REPRESENTATION_CONTEXT('2D SPACE',''
  ) );
#826 = PCURVE('',#827,#832);
#827 = PLANE('',#828);
#828 = AXIS2_PLACEMENT_3D('',#829,#830,#831);
#829 = CARTESIAN_POINT('',(103.35656738281,4.601806640625,-2.4));
#830 = DIRECTION('',(0.,-1.,0.));
#831 = DIRECTION('',(-1.,0.,0.));
#832 = DEFINITIONAL_REPRESENTATION('',(#833),#837);
#833 = LINE('',#834,#835);
#834 = CARTESIAN_POINT('',(0.,-0.));
#835 = VECTOR('',#836,1.);
#836 = DIRECTION('',(1.,0.));
#837 = ( GEOMETRIC_REPRESENTATION_CONTEXT(2) 
PARAMETRIC_REPRESENTATION_CONTEXT() REPRESENTATION_CONTEXT('2D SPACE',''
  ) );
#838 = ORIENTED_EDGE('',*,*,#839,.T.);
#839 = EDGE_CURVE('',#812,#840,#842,.T.);
#840 = VERTEX_POINT('',#841);
#841 = CARTESIAN_POINT('',(102.55822753906,4.262451171875,-2.4));
#842 = SURFACE_CURVE('',#843,(#847,#854),.PCURVE_S1.);
#843 = LINE('',#844,#845);
#844 = CARTESIAN_POINT('',(102.55822753906,4.601806640625,-2.4));
#845 = VECTOR('',#846,1.);
#846 = DIRECTION('',(0.,-1.,0.));
#847 = PCURVE('',#126,#848);
#848 = DEFINITIONAL_REPRESENTATION('',(#849),#853);
#849 = LINE('',#850,#851);
#850 = CARTESIAN_POINT('',(7.558227539062,8.601806640625));
#851 = VECTOR('',#852,1.);
#852 = DIRECTION('',(0.,-1.));
#853 = ( GEOMETRIC_REPRESENTATION_CONTEXT(2) 
PARAMETRIC_REPRESENTATION_CONTEXT() REPRESENTATION_CONTEXT('2D SPACE',''
  ) );
#854 = PCURVE('',#855,#860);
#855 = PLANE('',#856);
#856 = AXIS2_PLACEMENT_3D('',#857,#858,#859);
#857 = CARTESIAN_POINT('',(102.55822753906,4.601806640625,-2.4));
#858 = DIRECTION('',(1.,0.,0.));
#859 = DIRECTION('',(0.,-1.,0.));
#860 = DEFINITIONAL_REPRESENTATION('',(#861),#865);
#861 = LINE('',#862,#863);
#862 = CARTESIAN_POINT('',(0.,0.));
#863 = VECTOR('',#864,1.);
#864 = DIRECTION('',(1.,0.));
#865 = ( GEOMETRIC_REPRESENTATION_CONTEXT(2) 
PARAMETRIC_REPRESENTATION_CONTEXT() REPRESENTATION_CONTEXT('2D SPACE',''
  ) );
#866 = ORIENTED_EDGE('',*,*,#867,.T.);
#867 = EDGE_CURVE('',#840,#868,#870,.T.);
#868 = VERTEX_POINT('',#869);
#869 = CARTESIAN_POINT('',(103.30895996093,4.262451171875,-2.4));
#870 = SURFACE_CURVE('',#871,(#875,#882),.PCURVE_S1.);
#871 = LINE('',#872,#873);
#872 = CARTESIAN_POINT('',(102.55822753906,4.262451171875,-2.4));
#873 = VECTOR('',#874,1.);
#874 = DIRECTION('',(1.,0.,0.));
#875 = PCURVE('',#126,#876);
#876 = DEFINITIONAL_REPRESENTATION('',(#877),#881);
#877 = LINE('',#878,#879);
#878 = CARTESIAN_POINT('',(7.558227539062,8.262451171875));
#879 = VECTOR('',#880,1.);
#880 = DIRECTION('',(1.,0.));
#881 = ( GEOMETRIC_REPRESENTATION_CONTEXT(2) 
PARAMETRIC_REPRESENTATION_CONTEXT() REPRESENTATION_CONTEXT('2D SPACE',''
  ) );
#882 = PCURVE('',#883,#888);
#883 = PLANE('',#884);
#884 = AXIS2_PLACEMENT_3D('',#885,#886,#887);
#885 = CARTESIAN_POINT('',(102.55822753906,4.262451171875,-2.4));
#886 = DIRECTION('',(0.,1.,0.));
#887 = DIRECTION('',(1.,0.,0.));
#888 = DEFINITIONAL_REPRESENTATION('',(#889),#893);
#889 = LINE('',#890,#891);
#890 = CARTESIAN_POINT('',(0.,0.));
#891 = VECTOR('',#892,1.);
#892 = DIRECTION('',(1.,0.));
#893 = ( GEOMETRIC_REPRESENTATION_CONTEXT(2) 
PARAMETRIC_REPRESENTATION_CONTEXT() REPRESENTATION_CONTEXT('2D SPACE',''
  ) );
#894 = ORIENTED_EDGE('',*,*,#895,.T.);
#895 = EDGE_CURVE('',#868,#896,#898,.T.);
#896 = VERTEX_POINT('',#897);
#897 = CARTESIAN_POINT('',(103.30895996093,3.9072265625,-2.4));
#898 = SURFACE_CURVE('',#899,(#903,#910),.PCURVE_S1.);
#899 = LINE('',#900,#901);
#900 = CARTESIAN_POINT('',(103.30895996093,4.262451171875,-2.4));
#901 = VECTOR('',#902,1.);
#902 = DIRECTION('',(0.,-1.,0.));
#903 = PCURVE('',#126,#904);
#904 = DEFINITIONAL_REPRESENTATION('',(#905),#909);
#905 = LINE('',#906,#907);
#906 = CARTESIAN_POINT('',(8.308959960938,8.262451171875));
#907 = VECTOR('',#908,1.);
#908 = DIRECTION('',(0.,-1.));
#909 = ( GEOMETRIC_REPRESENTATION_CONTEXT(2) 
PARAMETRIC_REPRESENTATION_CONTEXT() REPRESENTATION_CONTEXT('2D SPACE',''
  ) );
#910 = PCURVE('',#911,#916);
#911 = PLANE('',#912);
#912 = AXIS2_PLACEMENT_3D('',#913,#914,#915);
#913 = CARTESIAN_POINT('',(103.30895996093,4.262451171875,-2.4));
#914 = DIRECTION('',(1.,0.,0.));
#915 = DIRECTION('',(0.,-1.,0.));
#916 = DEFINITIONAL_REPRESENTATION('',(#917),#921);
#917 = LINE('',#918,#919);
#918 = CARTESIAN_POINT('',(0.,0.));
#919 = VECTOR('',#920,1.);
#920 = DIRECTION('',(1.,0.));
#921 = ( GEOMETRIC_REPRESENTATION_CONTEXT(2) 
PARAMETRIC_REPRESENTATION_CONTEXT() REPRESENTATION_CONTEXT('2D SPACE',''
  ) );
#922 = ORIENTED_EDGE('',*,*,#923,.T.);
#923 = EDGE_CURVE('',#896,#924,#926,.T.);
#924 = VERTEX_POINT('',#925);
#925 = CARTESIAN_POINT('',(102.55822753906,3.9072265625,-2.4));
#926 = SURFACE_CURVE('',#927,(#931,#938),.PCURVE_S1.);
#927 = LINE('',#928,#929);
#928 = CARTESIAN_POINT('',(103.30895996093,3.9072265625,-2.4));
#929 = VECTOR('',#930,1.);
#930 = DIRECTION('',(-1.,0.,0.));
#931 = PCURVE('',#126,#932);
#932 = DEFINITIONAL_REPRESENTATION('',(#933),#937);
#933 = LINE('',#934,#935);
#934 = CARTESIAN_POINT('',(8.308959960938,7.9072265625));
#935 = VECTOR('',#936,1.);
#936 = DIRECTION('',(-1.,0.));
#937 = ( GEOMETRIC_REPRESENTATION_CONTEXT(2) 
PARAMETRIC_REPRESENTATION_CONTEXT() REPRESENTATION_CONTEXT('2D SPACE',''
  ) );
#938 = PCURVE('',#939,#944);
#939 = PLANE('',#940);
#940 = AXIS2_PLACEMENT_3D('',#941,#942,#943);
#941 = CARTESIAN_POINT('',(103.30895996093,3.9072265625,-2.4));
#942 = DIRECTION('',(0.,-1.,0.));
#943 = DIRECTION('',(-1.,0.,0.));
#944 = DEFINITIONAL_REPRESENTATION('',(#945),#949);
#945 = LINE('',#946,#947);
#946 = CARTESIAN_POINT('',(0.,-0.));
#947 = VECTOR('',#948,1.);
#948 = DIRECTION('',(1.,0.));
#949 = ( GEOMETRIC_REPRESENTATION_CONTEXT(2) 
PARAMETRIC_REPRESENTATION_CONTEXT() REPRESENTATION_CONTEXT('2D SPACE',''
  ) );
#950 = ORIENTED_EDGE('',*,*,#951,.T.);
#951 = EDGE_CURVE('',#924,#698,#952,.T.);
#952 = SURFACE_CURVE('',#953,(#957,#964),.PCURVE_S1.);
#953 = LINE('',#954,#955);
#954 = CARTESIAN_POINT('',(102.55822753906,3.9072265625,-2.4));
#955 = VECTOR('',#956,1.);
#956 = DIRECTION('',(0.,-1.,0.));
#957 = PCURVE('',#126,#958);
#958 = DEFINITIONAL_REPRESENTATION('',(#959),#963);
#959 = LINE('',#960,#961);
#960 = CARTESIAN_POINT('',(7.558227539062,7.9072265625));
#961 = VECTOR('',#962,1.);
#962 = DIRECTION('',(0.,-1.));
#963 = ( GEOMETRIC_REPRESENTATION_CONTEXT(2) 
PARAMETRIC_REPRESENTATION_CONTEXT() REPRESENTATION_CONTEXT('2D SPACE',''
  ) );
#964 = PCURVE('',#965,#970);
#965 = PLANE('',#966);
#966 = AXIS2_PLACEMENT_3D('',#967,#968,#969);
#967 = CARTESIAN_POINT('',(102.55822753906,3.9072265625,-2.4));
#968 = DIRECTION('',(1.,0.,0.));
#969 = DIRECTION('',(0.,-1.,0.));
#970 = DEFINITIONAL_REPRESENTATION('',(#971),#975);
#971 = LINE('',#972,#973);
#972 = CARTESIAN_POINT('',(0.,0.));
#973 = VECTOR('',#974,1.);
#974 = DIRECTION('',(1.,0.));
#975 = ( GEOMETRIC_REPRESENTATION_CONTEXT(2) 
PARAMETRIC_REPRESENTATION_CONTEXT() REPRESENTATION_CONTEXT('2D SPACE',''
  ) );
#976 = ADVANCED_FACE('',(#977),#100,.T.);
#977 = FACE_BOUND('',#978,.T.);
#978 = EDGE_LOOP('',(#979,#1002,#1003,#1004));
#979 = ORIENTED_EDGE('',*,*,#980,.F.);
#980 = EDGE_CURVE('',#57,#981,#983,.T.);
#981 = VERTEX_POINT('',#982);
#982 = CARTESIAN_POINT('',(107.,12.,-7.4));
#983 = SURFACE_CURVE('',#984,(#988,#995),.PCURVE_S1.);
#984 = LINE('',#985,#986);
#985 = CARTESIAN_POINT('',(95.,12.,-7.4));
#986 = VECTOR('',#987,1.);
#987 = DIRECTION('',(1.,0.,0.));
#988 = PCURVE('',#100,#989);
#989 = DEFINITIONAL_REPRESENTATION('',(#990),#994);
#990 = LINE('',#991,#992);
#991 = CARTESIAN_POINT('',(0.,0.));
#992 = VECTOR('',#993,1.);
#993 = DIRECTION('',(0.,1.));
#994 = ( GEOMETRIC_REPRESENTATION_CONTEXT(2) 
PARAMETRIC_REPRESENTATION_CONTEXT() REPRESENTATION_CONTEXT('2D SPACE',''
  ) );
#995 = PCURVE('',#72,#996);
#996 = DEFINITIONAL_REPRESENTATION('',(#997),#1001);
#997 = LINE('',#998,#999);
#998 = CARTESIAN_POINT('',(0.,16.));
#999 = VECTOR('',#1000,1.);
#1000 = DIRECTION('',(1.,0.));
#1001 = ( GEOMETRIC_REPRESENTATION_CONTEXT(2) 
PARAMETRIC_REPRESENTATION_CONTEXT() REPRESENTATION_CONTEXT('2D SPACE',''
  ) );
#1002 = ORIENTED_EDGE('',*,*,#84,.T.);
#1003 = ORIENTED_EDGE('',*,*,#242,.T.);
#1004 = ORIENTED_EDGE('',*,*,#1005,.F.);
#1005 = EDGE_CURVE('',#981,#220,#1006,.T.);
#1006 = SURFACE_CURVE('',#1007,(#1011,#1018),.PCURVE_S1.);
#1007 = LINE('',#1008,#1009);
#1008 = CARTESIAN_POINT('',(107.,12.,-7.4));
#1009 = VECTOR('',#1010,1.);
#1010 = DIRECTION('',(0.,0.,1.));
#1011 = PCURVE('',#100,#1012);
#1012 = DEFINITIONAL_REPRESENTATION('',(#1013),#1017);
#1013 = LINE('',#1014,#1015);
#1014 = CARTESIAN_POINT('',(0.,12.));
#1015 = VECTOR('',#1016,1.);
#1016 = DIRECTION('',(1.,0.));
#1017 = ( GEOMETRIC_REPRESENTATION_CONTEXT(2) 
PARAMETRIC_REPRESENTATION_CONTEXT() REPRESENTATION_CONTEXT('2D SPACE',''
  ) );
#1018 = PCURVE('',#202,#1019);
#1019 = DEFINITIONAL_REPRESENTATION('',(#1020),#1024);
#1020 = LINE('',#1021,#1022);
#1021 = CARTESIAN_POINT('',(0.,-16.));
#1022 = VECTOR('',#1023,1.);
#1023 = DIRECTION('',(1.,0.));
#1024 = ( GEOMETRIC_REPRESENTATION_CONTEXT(2) 
PARAMETRIC_REPRESENTATION_CONTEXT() REPRESENTATION_CONTEXT('2D SPACE',''
  ) );
#1025 = ADVANCED_FACE('',(#1026),#72,.F.);
#1026 = FACE_BOUND('',#1027,.F.);
#1027 = EDGE_LOOP('',(#1028,#1029,#1030,#1051));
#1028 = ORIENTED_EDGE('',*,*,#56,.F.);
#1029 = ORIENTED_EDGE('',*,*,#141,.T.);
#1030 = ORIENTED_EDGE('',*,*,#1031,.T.);
#1031 = EDGE_CURVE('',#142,#981,#1032,.T.);
#1032 = SURFACE_CURVE('',#1033,(#1037,#1044),.PCURVE_S1.);
#1033 = LINE('',#1034,#1035);
#1034 = CARTESIAN_POINT('',(107.,-4.,-7.4));
#1035 = VECTOR('',#1036,1.);
#1036 = DIRECTION('',(0.,1.,0.));
#1037 = PCURVE('',#72,#1038);
#1038 = DEFINITIONAL_REPRESENTATION('',(#1039),#1043);
#1039 = LINE('',#1040,#1041);
#1040 = CARTESIAN_POINT('',(12.,0.));
#1041 = VECTOR('',#1042,1.);
#1042 = DIRECTION('',(0.,1.));
#1043 = ( GEOMETRIC_REPRESENTATION_CONTEXT(2) 
PARAMETRIC_REPRESENTATION_CONTEXT() REPRESENTATION_CONTEXT('2D SPACE',''
  ) );
#1044 = PCURVE('',#202,#1045);
#1045 = DEFINITIONAL_REPRESENTATION('',(#1046),#1050);
#1046 = LINE('',#1047,#1048);
#1047 = CARTESIAN_POINT('',(0.,0.));
#1048 = VECTOR('',#1049,1.);
#1049 = DIRECTION('',(0.,-1.));
#1050 = ( GEOMETRIC_REPRESENTATION_CONTEXT(2) 
PARAMETRIC_REPRESENTATION_CONTEXT() REPRESENTATION_CONTEXT('2D SPACE',''
  ) );
#1051 = ORIENTED_EDGE('',*,*,#980,.F.);
#1052 = ADVANCED_FACE('',(#1053),#202,.T.);
#1053 = FACE_BOUND('',#1054,.T.);
#1054 = EDGE_LOOP('',(#1055,#1056,#1057,#1058));
#1055 = ORIENTED_EDGE('',*,*,#188,.F.);
#1056 = ORIENTED_EDGE('',*,*,#1031,.T.);
#1057 = ORIENTED_EDGE('',*,*,#1005,.T.);
#1058 = ORIENTED_EDGE('',*,*,#219,.F.);
#1059 = ADVANCED_FACE('',(#1060),#283,.T.);
#1060 = FACE_BOUND('',#1061,.T.);
#1061 = EDGE_LOOP('',(#1062,#1085,#1113,#1134));
#1062 = ORIENTED_EDGE('',*,*,#1063,.T.);
#1063 = EDGE_CURVE('',#266,#1064,#1066,.T.);
#1064 = VERTEX_POINT('',#1065);
#1065 = CARTESIAN_POINT('',(99.958129882812,3.134521484375,-2.1));
#1066 = SURFACE_CURVE('',#1067,(#1071,#1078),.PCURVE_S1.);
#1067 = LINE('',#1068,#1069);
#1068 = CARTESIAN_POINT('',(99.958129882812,3.134521484375,-2.4));
#1069 = VECTOR('',#1070,1.);
#1070 = DIRECTION('',(0.,0.,1.));
#1071 = PCURVE('',#283,#1072);
#1072 = DEFINITIONAL_REPRESENTATION('',(#1073),#1077);
#1073 = LINE('',#1074,#1075);
#1074 = CARTESIAN_POINT('',(0.,-0.));
#1075 = VECTOR('',#1076,1.);
#1076 = DIRECTION('',(0.,-1.));
#1077 = ( GEOMETRIC_REPRESENTATION_CONTEXT(2) 
PARAMETRIC_REPRESENTATION_CONTEXT() REPRESENTATION_CONTEXT('2D SPACE',''
  ) );
#1078 = PCURVE('',#421,#1079);
#1079 = DEFINITIONAL_REPRESENTATION('',(#1080),#1084);
#1080 = LINE('',#1081,#1082);
#1081 = CARTESIAN_POINT('',(0.355224609375,0.));
#1082 = VECTOR('',#1083,1.);
#1083 = DIRECTION('',(0.,-1.));
#1084 = ( GEOMETRIC_REPRESENTATION_CONTEXT(2) 
PARAMETRIC_REPRESENTATION_CONTEXT() REPRESENTATION_CONTEXT('2D SPACE',''
  ) );
#1085 = ORIENTED_EDGE('',*,*,#1086,.T.);
#1086 = EDGE_CURVE('',#1064,#1087,#1089,.T.);
#1087 = VERTEX_POINT('',#1088);
#1088 = CARTESIAN_POINT('',(98.662963867188,3.134521484375,-2.1));
#1089 = SURFACE_CURVE('',#1090,(#1094,#1101),.PCURVE_S1.);
#1090 = LINE('',#1091,#1092);
#1091 = CARTESIAN_POINT('',(99.958129882812,3.134521484375,-2.1));
#1092 = VECTOR('',#1093,1.);
#1093 = DIRECTION('',(-1.,0.,0.));
#1094 = PCURVE('',#283,#1095);
#1095 = DEFINITIONAL_REPRESENTATION('',(#1096),#1100);
#1096 = LINE('',#1097,#1098);
#1097 = CARTESIAN_POINT('',(0.,-0.3));
#1098 = VECTOR('',#1099,1.);
#1099 = DIRECTION('',(1.,0.));
#1100 = ( GEOMETRIC_REPRESENTATION_CONTEXT(2) 
PARAMETRIC_REPRESENTATION_CONTEXT() REPRESENTATION_CONTEXT('2D SPACE',''
  ) );
#1101 = PCURVE('',#1102,#1107);
#1102 = PLANE('',#1103);
#1103 = AXIS2_PLACEMENT_3D('',#1104,#1105,#1106);
#1104 = CARTESIAN_POINT('',(98.433471679688,3.134521484375,-2.1));
#1105 = DIRECTION('',(0.,0.,1.));
#1106 = DIRECTION('',(1.,0.,0.));
#1107 = DEFINITIONAL_REPRESENTATION('',(#1108),#1112);
#1108 = LINE('',#1109,#1110);
#1109 = CARTESIAN_POINT('',(1.524658203125,0.));
#1110 = VECTOR('',#1111,1.);
#1111 = DIRECTION('',(-1.,0.));
#1112 = ( GEOMETRIC_REPRESENTATION_CONTEXT(2) 
PARAMETRIC_REPRESENTATION_CONTEXT() REPRESENTATION_CONTEXT('2D SPACE',''
  ) );
#1113 = ORIENTED_EDGE('',*,*,#1114,.F.);
#1114 = EDGE_CURVE('',#268,#1087,#1115,.T.);
#1115 = SURFACE_CURVE('',#1116,(#1120,#1127),.PCURVE_S1.);
#1116 = LINE('',#1117,#1118);
#1117 = CARTESIAN_POINT('',(98.662963867188,3.134521484375,-2.4));
#1118 = VECTOR('',#1119,1.);
#1119 = DIRECTION('',(0.,0.,1.));
#1120 = PCURVE('',#283,#1121);
#1121 = DEFINITIONAL_REPRESENTATION('',(#1122),#1126);
#1122 = LINE('',#1123,#1124);
#1123 = CARTESIAN_POINT('',(1.295166015625,0.));
#1124 = VECTOR('',#1125,1.);
#1125 = DIRECTION('',(0.,-1.));
#1126 = ( GEOMETRIC_REPRESENTATION_CONTEXT(2) 
PARAMETRIC_REPRESENTATION_CONTEXT() REPRESENTATION_CONTEXT('2D SPACE',''
  ) );
#1127 = PCURVE('',#311,#1128);
#1128 = DEFINITIONAL_REPRESENTATION('',(#1129),#1133);
#1129 = LINE('',#1130,#1131);
#1130 = CARTESIAN_POINT('',(0.,0.));
#1131 = VECTOR('',#1132,1.);
#1132 = DIRECTION('',(0.,-1.));
#1133 = ( GEOMETRIC_REPRESENTATION_CONTEXT(2) 
PARAMETRIC_REPRESENTATION_CONTEXT() REPRESENTATION_CONTEXT('2D SPACE',''
  ) );
#1134 = ORIENTED_EDGE('',*,*,#265,.F.);
#1135 = ADVANCED_FACE('',(#1136),#421,.T.);
#1136 = FACE_BOUND('',#1137,.T.);
#1137 = EDGE_LOOP('',(#1138,#1161,#1182,#1183));
#1138 = ORIENTED_EDGE('',*,*,#1139,.T.);
#1139 = EDGE_CURVE('',#380,#1140,#1142,.T.);
#1140 = VERTEX_POINT('',#1141);
#1141 = CARTESIAN_POINT('',(99.958129882812,3.48974609375,-2.1));
#1142 = SURFACE_CURVE('',#1143,(#1147,#1154),.PCURVE_S1.);
#1143 = LINE('',#1144,#1145);
#1144 = CARTESIAN_POINT('',(99.958129882812,3.48974609375,-2.4));
#1145 = VECTOR('',#1146,1.);
#1146 = DIRECTION('',(0.,0.,1.));
#1147 = PCURVE('',#421,#1148);
#1148 = DEFINITIONAL_REPRESENTATION('',(#1149),#1153);
#1149 = LINE('',#1150,#1151);
#1150 = CARTESIAN_POINT('',(0.,0.));
#1151 = VECTOR('',#1152,1.);
#1152 = DIRECTION('',(0.,-1.));
#1153 = ( GEOMETRIC_REPRESENTATION_CONTEXT(2) 
PARAMETRIC_REPRESENTATION_CONTEXT() REPRESENTATION_CONTEXT('2D SPACE',''
  ) );
#1154 = PCURVE('',#395,#1155);
#1155 = DEFINITIONAL_REPRESENTATION('',(#1156),#1160);
#1156 = LINE('',#1157,#1158);
#1157 = CARTESIAN_POINT('',(0.8251953125,0.));
#1158 = VECTOR('',#1159,1.);
#1159 = DIRECTION('',(0.,-1.));
#1160 = ( GEOMETRIC_REPRESENTATION_CONTEXT(2) 
PARAMETRIC_REPRESENTATION_CONTEXT() REPRESENTATION_CONTEXT('2D SPACE',''
  ) );
#1161 = ORIENTED_EDGE('',*,*,#1162,.T.);
#1162 = EDGE_CURVE('',#1140,#1064,#1163,.T.);
#1163 = SURFACE_CURVE('',#1164,(#1168,#1175),.PCURVE_S1.);
#1164 = LINE('',#1165,#1166);
#1165 = CARTESIAN_POINT('',(99.958129882812,3.48974609375,-2.1));
#1166 = VECTOR('',#1167,1.);
#1167 = DIRECTION('',(0.,-1.,0.));
#1168 = PCURVE('',#421,#1169);
#1169 = DEFINITIONAL_REPRESENTATION('',(#1170),#1174);
#1170 = LINE('',#1171,#1172);
#1171 = CARTESIAN_POINT('',(0.,-0.3));
#1172 = VECTOR('',#1173,1.);
#1173 = DIRECTION('',(1.,0.));
#1174 = ( GEOMETRIC_REPRESENTATION_CONTEXT(2) 
PARAMETRIC_REPRESENTATION_CONTEXT() REPRESENTATION_CONTEXT('2D SPACE',''
  ) );
#1175 = PCURVE('',#1102,#1176);
#1176 = DEFINITIONAL_REPRESENTATION('',(#1177),#1181);
#1177 = LINE('',#1178,#1179);
#1178 = CARTESIAN_POINT('',(1.524658203125,0.355224609375));
#1179 = VECTOR('',#1180,1.);
#1180 = DIRECTION('',(0.,-1.));
#1181 = ( GEOMETRIC_REPRESENTATION_CONTEXT(2) 
PARAMETRIC_REPRESENTATION_CONTEXT() REPRESENTATION_CONTEXT('2D SPACE',''
  ) );
#1182 = ORIENTED_EDGE('',*,*,#1063,.F.);
#1183 = ORIENTED_EDGE('',*,*,#407,.F.);
#1184 = ADVANCED_FACE('',(#1185),#395,.T.);
#1185 = FACE_BOUND('',#1186,.T.);
#1186 = EDGE_LOOP('',(#1187,#1210,#1231,#1232));
#1187 = ORIENTED_EDGE('',*,*,#1188,.T.);
#1188 = EDGE_CURVE('',#352,#1189,#1191,.T.);
#1189 = VERTEX_POINT('',#1190);
#1190 = CARTESIAN_POINT('',(99.132934570312,3.48974609375,-2.1));
#1191 = SURFACE_CURVE('',#1192,(#1196,#1203),.PCURVE_S1.);
#1192 = LINE('',#1193,#1194);
#1193 = CARTESIAN_POINT('',(99.132934570312,3.48974609375,-2.4));
#1194 = VECTOR('',#1195,1.);
#1195 = DIRECTION('',(0.,0.,1.));
#1196 = PCURVE('',#395,#1197);
#1197 = DEFINITIONAL_REPRESENTATION('',(#1198),#1202);
#1198 = LINE('',#1199,#1200);
#1199 = CARTESIAN_POINT('',(0.,0.));
#1200 = VECTOR('',#1201,1.);
#1201 = DIRECTION('',(0.,-1.));
#1202 = ( GEOMETRIC_REPRESENTATION_CONTEXT(2) 
PARAMETRIC_REPRESENTATION_CONTEXT() REPRESENTATION_CONTEXT('2D SPACE',''
  ) );
#1203 = PCURVE('',#367,#1204);
#1204 = DEFINITIONAL_REPRESENTATION('',(#1205),#1209);
#1205 = LINE('',#1206,#1207);
#1206 = CARTESIAN_POINT('',(1.46728515625,0.));
#1207 = VECTOR('',#1208,1.);
#1208 = DIRECTION('',(0.,-1.));
#1209 = ( GEOMETRIC_REPRESENTATION_CONTEXT(2) 
PARAMETRIC_REPRESENTATION_CONTEXT() REPRESENTATION_CONTEXT('2D SPACE',''
  ) );
#1210 = ORIENTED_EDGE('',*,*,#1211,.T.);
#1211 = EDGE_CURVE('',#1189,#1140,#1212,.T.);
#1212 = SURFACE_CURVE('',#1213,(#1217,#1224),.PCURVE_S1.);
#1213 = LINE('',#1214,#1215);
#1214 = CARTESIAN_POINT('',(99.132934570312,3.48974609375,-2.1));
#1215 = VECTOR('',#1216,1.);
#1216 = DIRECTION('',(1.,0.,0.));
#1217 = PCURVE('',#395,#1218);
#1218 = DEFINITIONAL_REPRESENTATION('',(#1219),#1223);
#1219 = LINE('',#1220,#1221);
#1220 = CARTESIAN_POINT('',(0.,-0.3));
#1221 = VECTOR('',#1222,1.);
#1222 = DIRECTION('',(1.,0.));
#1223 = ( GEOMETRIC_REPRESENTATION_CONTEXT(2) 
PARAMETRIC_REPRESENTATION_CONTEXT() REPRESENTATION_CONTEXT('2D SPACE',''
  ) );
#1224 = PCURVE('',#1102,#1225);
#1225 = DEFINITIONAL_REPRESENTATION('',(#1226),#1230);
#1226 = LINE('',#1227,#1228);
#1227 = CARTESIAN_POINT('',(0.699462890625,0.355224609375));
#1228 = VECTOR('',#1229,1.);
#1229 = DIRECTION('',(1.,0.));
#1230 = ( GEOMETRIC_REPRESENTATION_CONTEXT(2) 
PARAMETRIC_REPRESENTATION_CONTEXT() REPRESENTATION_CONTEXT('2D SPACE',''
  ) );
#1231 = ORIENTED_EDGE('',*,*,#1139,.F.);
#1232 = ORIENTED_EDGE('',*,*,#379,.F.);
#1233 = ADVANCED_FACE('',(#1234),#367,.T.);
#1234 = FACE_BOUND('',#1235,.T.);
#1235 = EDGE_LOOP('',(#1236,#1259,#1280,#1281));
#1236 = ORIENTED_EDGE('',*,*,#1237,.T.);
#1237 = EDGE_CURVE('',#324,#1238,#1240,.T.);
#1238 = VERTEX_POINT('',#1239);
#1239 = CARTESIAN_POINT('',(99.132934570312,4.95703125,-2.1));
#1240 = SURFACE_CURVE('',#1241,(#1245,#1252),.PCURVE_S1.);
#1241 = LINE('',#1242,#1243);
#1242 = CARTESIAN_POINT('',(99.132934570312,4.95703125,-2.4));
#1243 = VECTOR('',#1244,1.);
#1244 = DIRECTION('',(0.,0.,1.));
#1245 = PCURVE('',#367,#1246);
#1246 = DEFINITIONAL_REPRESENTATION('',(#1247),#1251);
#1247 = LINE('',#1248,#1249);
#1248 = CARTESIAN_POINT('',(0.,0.));
#1249 = VECTOR('',#1250,1.);
#1250 = DIRECTION('',(0.,-1.));
#1251 = ( GEOMETRIC_REPRESENTATION_CONTEXT(2) 
PARAMETRIC_REPRESENTATION_CONTEXT() REPRESENTATION_CONTEXT('2D SPACE',''
  ) );
#1252 = PCURVE('',#339,#1253);
#1253 = DEFINITIONAL_REPRESENTATION('',(#1254),#1258);
#1254 = LINE('',#1255,#1256);
#1255 = CARTESIAN_POINT('',(0.469970703125,0.));
#1256 = VECTOR('',#1257,1.);
#1257 = DIRECTION('',(0.,-1.));
#1258 = ( GEOMETRIC_REPRESENTATION_CONTEXT(2) 
PARAMETRIC_REPRESENTATION_CONTEXT() REPRESENTATION_CONTEXT('2D SPACE',''
  ) );
#1259 = ORIENTED_EDGE('',*,*,#1260,.T.);
#1260 = EDGE_CURVE('',#1238,#1189,#1261,.T.);
#1261 = SURFACE_CURVE('',#1262,(#1266,#1273),.PCURVE_S1.);
#1262 = LINE('',#1263,#1264);
#1263 = CARTESIAN_POINT('',(99.132934570312,4.95703125,-2.1));
#1264 = VECTOR('',#1265,1.);
#1265 = DIRECTION('',(0.,-1.,0.));
#1266 = PCURVE('',#367,#1267);
#1267 = DEFINITIONAL_REPRESENTATION('',(#1268),#1272);
#1268 = LINE('',#1269,#1270);
#1269 = CARTESIAN_POINT('',(0.,-0.3));
#1270 = VECTOR('',#1271,1.);
#1271 = DIRECTION('',(1.,0.));
#1272 = ( GEOMETRIC_REPRESENTATION_CONTEXT(2) 
PARAMETRIC_REPRESENTATION_CONTEXT() REPRESENTATION_CONTEXT('2D SPACE',''
  ) );
#1273 = PCURVE('',#1102,#1274);
#1274 = DEFINITIONAL_REPRESENTATION('',(#1275),#1279);
#1275 = LINE('',#1276,#1277);
#1276 = CARTESIAN_POINT('',(0.699462890625,1.822509765625));
#1277 = VECTOR('',#1278,1.);
#1278 = DIRECTION('',(0.,-1.));
#1279 = ( GEOMETRIC_REPRESENTATION_CONTEXT(2) 
PARAMETRIC_REPRESENTATION_CONTEXT() REPRESENTATION_CONTEXT('2D SPACE',''
  ) );
#1280 = ORIENTED_EDGE('',*,*,#1188,.F.);
#1281 = ORIENTED_EDGE('',*,*,#351,.F.);
#1282 = ADVANCED_FACE('',(#1283),#339,.T.);
#1283 = FACE_BOUND('',#1284,.T.);
#1284 = EDGE_LOOP('',(#1285,#1308,#1329,#1330));
#1285 = ORIENTED_EDGE('',*,*,#1286,.T.);
#1286 = EDGE_CURVE('',#296,#1287,#1289,.T.);
#1287 = VERTEX_POINT('',#1288);
#1288 = CARTESIAN_POINT('',(98.662963867188,4.95703125,-2.1));
#1289 = SURFACE_CURVE('',#1290,(#1294,#1301),.PCURVE_S1.);
#1290 = LINE('',#1291,#1292);
#1291 = CARTESIAN_POINT('',(98.662963867188,4.95703125,-2.4));
#1292 = VECTOR('',#1293,1.);
#1293 = DIRECTION('',(0.,0.,1.));
#1294 = PCURVE('',#339,#1295);
#1295 = DEFINITIONAL_REPRESENTATION('',(#1296),#1300);
#1296 = LINE('',#1297,#1298);
#1297 = CARTESIAN_POINT('',(0.,0.));
#1298 = VECTOR('',#1299,1.);
#1299 = DIRECTION('',(0.,-1.));
#1300 = ( GEOMETRIC_REPRESENTATION_CONTEXT(2) 
PARAMETRIC_REPRESENTATION_CONTEXT() REPRESENTATION_CONTEXT('2D SPACE',''
  ) );
#1301 = PCURVE('',#311,#1302);
#1302 = DEFINITIONAL_REPRESENTATION('',(#1303),#1307);
#1303 = LINE('',#1304,#1305);
#1304 = CARTESIAN_POINT('',(1.822509765625,0.));
#1305 = VECTOR('',#1306,1.);
#1306 = DIRECTION('',(0.,-1.));
#1307 = ( GEOMETRIC_REPRESENTATION_CONTEXT(2) 
PARAMETRIC_REPRESENTATION_CONTEXT() REPRESENTATION_CONTEXT('2D SPACE',''
  ) );
#1308 = ORIENTED_EDGE('',*,*,#1309,.T.);
#1309 = EDGE_CURVE('',#1287,#1238,#1310,.T.);
#1310 = SURFACE_CURVE('',#1311,(#1315,#1322),.PCURVE_S1.);
#1311 = LINE('',#1312,#1313);
#1312 = CARTESIAN_POINT('',(98.662963867188,4.95703125,-2.1));
#1313 = VECTOR('',#1314,1.);
#1314 = DIRECTION('',(1.,0.,0.));
#1315 = PCURVE('',#339,#1316);
#1316 = DEFINITIONAL_REPRESENTATION('',(#1317),#1321);
#1317 = LINE('',#1318,#1319);
#1318 = CARTESIAN_POINT('',(0.,-0.3));
#1319 = VECTOR('',#1320,1.);
#1320 = DIRECTION('',(1.,0.));
#1321 = ( GEOMETRIC_REPRESENTATION_CONTEXT(2) 
PARAMETRIC_REPRESENTATION_CONTEXT() REPRESENTATION_CONTEXT('2D SPACE',''
  ) );
#1322 = PCURVE('',#1102,#1323);
#1323 = DEFINITIONAL_REPRESENTATION('',(#1324),#1328);
#1324 = LINE('',#1325,#1326);
#1325 = CARTESIAN_POINT('',(0.2294921875,1.822509765625));
#1326 = VECTOR('',#1327,1.);
#1327 = DIRECTION('',(1.,0.));
#1328 = ( GEOMETRIC_REPRESENTATION_CONTEXT(2) 
PARAMETRIC_REPRESENTATION_CONTEXT() REPRESENTATION_CONTEXT('2D SPACE',''
  ) );
#1329 = ORIENTED_EDGE('',*,*,#1237,.F.);
#1330 = ORIENTED_EDGE('',*,*,#323,.F.);
#1331 = ADVANCED_FACE('',(#1332),#311,.T.);
#1332 = FACE_BOUND('',#1333,.T.);
#1333 = EDGE_LOOP('',(#1334,#1335,#1356,#1357));
#1334 = ORIENTED_EDGE('',*,*,#1114,.T.);
#1335 = ORIENTED_EDGE('',*,*,#1336,.T.);
#1336 = EDGE_CURVE('',#1087,#1287,#1337,.T.);
#1337 = SURFACE_CURVE('',#1338,(#1342,#1349),.PCURVE_S1.);
#1338 = LINE('',#1339,#1340);
#1339 = CARTESIAN_POINT('',(98.662963867188,3.134521484375,-2.1));
#1340 = VECTOR('',#1341,1.);
#1341 = DIRECTION('',(0.,1.,0.));
#1342 = PCURVE('',#311,#1343);
#1343 = DEFINITIONAL_REPRESENTATION('',(#1344),#1348);
#1344 = LINE('',#1345,#1346);
#1345 = CARTESIAN_POINT('',(0.,-0.3));
#1346 = VECTOR('',#1347,1.);
#1347 = DIRECTION('',(1.,0.));
#1348 = ( GEOMETRIC_REPRESENTATION_CONTEXT(2) 
PARAMETRIC_REPRESENTATION_CONTEXT() REPRESENTATION_CONTEXT('2D SPACE',''
  ) );
#1349 = PCURVE('',#1102,#1350);
#1350 = DEFINITIONAL_REPRESENTATION('',(#1351),#1355);
#1351 = LINE('',#1352,#1353);
#1352 = CARTESIAN_POINT('',(0.2294921875,0.));
#1353 = VECTOR('',#1354,1.);
#1354 = DIRECTION('',(0.,1.));
#1355 = ( GEOMETRIC_REPRESENTATION_CONTEXT(2) 
PARAMETRIC_REPRESENTATION_CONTEXT() REPRESENTATION_CONTEXT('2D SPACE',''
  ) );
#1356 = ORIENTED_EDGE('',*,*,#1286,.F.);
#1357 = ORIENTED_EDGE('',*,*,#295,.F.);
#1358 = ADVANCED_FACE('',(#1359),#453,.T.);
#1359 = FACE_BOUND('',#1360,.T.);
#1360 = EDGE_LOOP('',(#1361,#1384,#1412,#1433));
#1361 = ORIENTED_EDGE('',*,*,#1362,.T.);
#1362 = EDGE_CURVE('',#436,#1363,#1365,.T.);
#1363 = VERTEX_POINT('',#1364);
#1364 = CARTESIAN_POINT('',(100.72595214843,3.134521484375,-2.1));
#1365 = SURFACE_CURVE('',#1366,(#1370,#1377),.PCURVE_S1.);
#1366 = LINE('',#1367,#1368);
#1367 = CARTESIAN_POINT('',(100.72595214843,3.134521484375,-2.4));
#1368 = VECTOR('',#1369,1.);
#1369 = DIRECTION('',(0.,0.,1.));
#1370 = PCURVE('',#453,#1371);
#1371 = DEFINITIONAL_REPRESENTATION('',(#1372),#1376);
#1372 = LINE('',#1373,#1374);
#1373 = CARTESIAN_POINT('',(0.,-0.));
#1374 = VECTOR('',#1375,1.);
#1375 = DIRECTION('',(0.,-1.));
#1376 = ( GEOMETRIC_REPRESENTATION_CONTEXT(2) 
PARAMETRIC_REPRESENTATION_CONTEXT() REPRESENTATION_CONTEXT('2D SPACE',''
  ) );
#1377 = PCURVE('',#683,#1378);
#1378 = DEFINITIONAL_REPRESENTATION('',(#1379),#1383);
#1379 = LINE('',#1380,#1381);
#1380 = CARTESIAN_POINT('',(0.63232421875,0.));
#1381 = VECTOR('',#1382,1.);
#1382 = DIRECTION('',(0.,-1.));
#1383 = ( GEOMETRIC_REPRESENTATION_CONTEXT(2) 
PARAMETRIC_REPRESENTATION_CONTEXT() REPRESENTATION_CONTEXT('2D SPACE',''
  ) );
#1384 = ORIENTED_EDGE('',*,*,#1385,.T.);
#1385 = EDGE_CURVE('',#1363,#1386,#1388,.T.);
#1386 = VERTEX_POINT('',#1387);
#1387 = CARTESIAN_POINT('',(100.25598144531,3.134521484375,-2.1));
#1388 = SURFACE_CURVE('',#1389,(#1393,#1400),.PCURVE_S1.);
#1389 = LINE('',#1390,#1391);
#1390 = CARTESIAN_POINT('',(100.72595214843,3.134521484375,-2.1));
#1391 = VECTOR('',#1392,1.);
#1392 = DIRECTION('',(-1.,0.,0.));
#1393 = PCURVE('',#453,#1394);
#1394 = DEFINITIONAL_REPRESENTATION('',(#1395),#1399);
#1395 = LINE('',#1396,#1397);
#1396 = CARTESIAN_POINT('',(0.,-0.3));
#1397 = VECTOR('',#1398,1.);
#1398 = DIRECTION('',(1.,0.));
#1399 = ( GEOMETRIC_REPRESENTATION_CONTEXT(2) 
PARAMETRIC_REPRESENTATION_CONTEXT() REPRESENTATION_CONTEXT('2D SPACE',''
  ) );
#1400 = PCURVE('',#1401,#1406);
#1401 = PLANE('',#1402);
#1402 = AXIS2_PLACEMENT_3D('',#1403,#1404,#1405);
#1403 = CARTESIAN_POINT('',(100.02648925781,3.134521484375,-2.1));
#1404 = DIRECTION('',(0.,0.,1.));
#1405 = DIRECTION('',(1.,0.,0.));
#1406 = DEFINITIONAL_REPRESENTATION('',(#1407),#1411);
#1407 = LINE('',#1408,#1409);
#1408 = CARTESIAN_POINT('',(0.699462890625,0.));
#1409 = VECTOR('',#1410,1.);
#1410 = DIRECTION('',(-1.,0.));
#1411 = ( GEOMETRIC_REPRESENTATION_CONTEXT(2) 
PARAMETRIC_REPRESENTATION_CONTEXT() REPRESENTATION_CONTEXT('2D SPACE',''
  ) );
#1412 = ORIENTED_EDGE('',*,*,#1413,.F.);
#1413 = EDGE_CURVE('',#438,#1386,#1414,.T.);
#1414 = SURFACE_CURVE('',#1415,(#1419,#1426),.PCURVE_S1.);
#1415 = LINE('',#1416,#1417);
#1416 = CARTESIAN_POINT('',(100.25598144531,3.134521484375,-2.4));
#1417 = VECTOR('',#1418,1.);
#1418 = DIRECTION('',(0.,0.,1.));
#1419 = PCURVE('',#453,#1420);
#1420 = DEFINITIONAL_REPRESENTATION('',(#1421),#1425);
#1421 = LINE('',#1422,#1423);
#1422 = CARTESIAN_POINT('',(0.469970703125,0.));
#1423 = VECTOR('',#1424,1.);
#1424 = DIRECTION('',(0.,-1.));
#1425 = ( GEOMETRIC_REPRESENTATION_CONTEXT(2) 
PARAMETRIC_REPRESENTATION_CONTEXT() REPRESENTATION_CONTEXT('2D SPACE',''
  ) );
#1426 = PCURVE('',#481,#1427);
#1427 = DEFINITIONAL_REPRESENTATION('',(#1428),#1432);
#1428 = LINE('',#1429,#1430);
#1429 = CARTESIAN_POINT('',(0.,0.));
#1430 = VECTOR('',#1431,1.);
#1431 = DIRECTION('',(0.,-1.));
#1432 = ( GEOMETRIC_REPRESENTATION_CONTEXT(2) 
PARAMETRIC_REPRESENTATION_CONTEXT() REPRESENTATION_CONTEXT('2D SPACE',''
  ) );
#1433 = ORIENTED_EDGE('',*,*,#435,.F.);
#1434 = ADVANCED_FACE('',(#1435),#683,.T.);
#1435 = FACE_BOUND('',#1436,.T.);
#1436 = EDGE_LOOP('',(#1437,#1460,#1481,#1482));
#1437 = ORIENTED_EDGE('',*,*,#1438,.T.);
#1438 = EDGE_CURVE('',#642,#1439,#1441,.T.);
#1439 = VERTEX_POINT('',#1440);
#1440 = CARTESIAN_POINT('',(100.72595214843,3.766845703125,-2.1));
#1441 = SURFACE_CURVE('',#1442,(#1446,#1453),.PCURVE_S1.);
#1442 = LINE('',#1443,#1444);
#1443 = CARTESIAN_POINT('',(100.72595214843,3.766845703125,-2.4));
#1444 = VECTOR('',#1445,1.);
#1445 = DIRECTION('',(0.,0.,1.));
#1446 = PCURVE('',#683,#1447);
#1447 = DEFINITIONAL_REPRESENTATION('',(#1448),#1452);
#1448 = LINE('',#1449,#1450);
#1449 = CARTESIAN_POINT('',(0.,0.));
#1450 = VECTOR('',#1451,1.);
#1451 = DIRECTION('',(0.,-1.));
#1452 = ( GEOMETRIC_REPRESENTATION_CONTEXT(2) 
PARAMETRIC_REPRESENTATION_CONTEXT() REPRESENTATION_CONTEXT('2D SPACE',''
  ) );
#1453 = PCURVE('',#657,#1454);
#1454 = DEFINITIONAL_REPRESENTATION('',(#1455),#1459);
#1455 = LINE('',#1456,#1457);
#1456 = CARTESIAN_POINT('',(0.31005859375,0.));
#1457 = VECTOR('',#1458,1.);
#1458 = DIRECTION('',(0.,-1.));
#1459 = ( GEOMETRIC_REPRESENTATION_CONTEXT(2) 
PARAMETRIC_REPRESENTATION_CONTEXT() REPRESENTATION_CONTEXT('2D SPACE',''
  ) );
#1460 = ORIENTED_EDGE('',*,*,#1461,.T.);
#1461 = EDGE_CURVE('',#1439,#1363,#1462,.T.);
#1462 = SURFACE_CURVE('',#1463,(#1467,#1474),.PCURVE_S1.);
#1463 = LINE('',#1464,#1465);
#1464 = CARTESIAN_POINT('',(100.72595214843,3.766845703125,-2.1));
#1465 = VECTOR('',#1466,1.);
#1466 = DIRECTION('',(0.,-1.,0.));
#1467 = PCURVE('',#683,#1468);
#1468 = DEFINITIONAL_REPRESENTATION('',(#1469),#1473);
#1469 = LINE('',#1470,#1471);
#1470 = CARTESIAN_POINT('',(0.,-0.3));
#1471 = VECTOR('',#1472,1.);
#1472 = DIRECTION('',(1.,0.));
#1473 = ( GEOMETRIC_REPRESENTATION_CONTEXT(2) 
PARAMETRIC_REPRESENTATION_CONTEXT() REPRESENTATION_CONTEXT('2D SPACE',''
  ) );
#1474 = PCURVE('',#1401,#1475);
#1475 = DEFINITIONAL_REPRESENTATION('',(#1476),#1480);
#1476 = LINE('',#1477,#1478);
#1477 = CARTESIAN_POINT('',(0.699462890625,0.63232421875));
#1478 = VECTOR('',#1479,1.);
#1479 = DIRECTION('',(0.,-1.));
#1480 = ( GEOMETRIC_REPRESENTATION_CONTEXT(2) 
PARAMETRIC_REPRESENTATION_CONTEXT() REPRESENTATION_CONTEXT('2D SPACE',''
  ) );
#1481 = ORIENTED_EDGE('',*,*,#1362,.F.);
#1482 = ORIENTED_EDGE('',*,*,#669,.F.);
#1483 = ADVANCED_FACE('',(#1484),#657,.T.);
#1484 = FACE_BOUND('',#1485,.T.);
#1485 = EDGE_LOOP('',(#1486,#1509,#1530,#1531));
#1486 = ORIENTED_EDGE('',*,*,#1487,.T.);
#1487 = EDGE_CURVE('',#612,#1488,#1490,.T.);
#1488 = VERTEX_POINT('',#1489);
#1489 = CARTESIAN_POINT('',(101.03601074218,3.766845703125,-2.1));
#1490 = SURFACE_CURVE('',#1491,(#1495,#1502),.PCURVE_S1.);
#1491 = LINE('',#1492,#1493);
#1492 = CARTESIAN_POINT('',(101.03601074218,3.766845703125,-2.4));
#1493 = VECTOR('',#1494,1.);
#1494 = DIRECTION('',(0.,0.,1.));
#1495 = PCURVE('',#657,#1496);
#1496 = DEFINITIONAL_REPRESENTATION('',(#1497),#1501);
#1497 = LINE('',#1498,#1499);
#1498 = CARTESIAN_POINT('',(0.,-0.));
#1499 = VECTOR('',#1500,1.);
#1500 = DIRECTION('',(0.,-1.));
#1501 = ( GEOMETRIC_REPRESENTATION_CONTEXT(2) 
PARAMETRIC_REPRESENTATION_CONTEXT() REPRESENTATION_CONTEXT('2D SPACE',''
  ) );
#1502 = PCURVE('',#627,#1503);
#1503 = DEFINITIONAL_REPRESENTATION('',(#1504),#1508);
#1504 = LINE('',#1505,#1506);
#1505 = CARTESIAN_POINT('',(1.,0.));
#1506 = VECTOR('',#1507,1.);
#1507 = DIRECTION('',(0.,-1.));
#1508 = ( GEOMETRIC_REPRESENTATION_CONTEXT(2) 
PARAMETRIC_REPRESENTATION_CONTEXT() REPRESENTATION_CONTEXT('2D SPACE',''
  ) );
#1509 = ORIENTED_EDGE('',*,*,#1510,.T.);
#1510 = EDGE_CURVE('',#1488,#1439,#1511,.T.);
#1511 = SURFACE_CURVE('',#1512,(#1516,#1523),.PCURVE_S1.);
#1512 = LINE('',#1513,#1514);
#1513 = CARTESIAN_POINT('',(101.03601074218,3.766845703125,-2.1));
#1514 = VECTOR('',#1515,1.);
#1515 = DIRECTION('',(-1.,0.,0.));
#1516 = PCURVE('',#657,#1517);
#1517 = DEFINITIONAL_REPRESENTATION('',(#1518),#1522);
#1518 = LINE('',#1519,#1520);
#1519 = CARTESIAN_POINT('',(0.,-0.3));
#1520 = VECTOR('',#1521,1.);
#1521 = DIRECTION('',(1.,0.));
#1522 = ( GEOMETRIC_REPRESENTATION_CONTEXT(2) 
PARAMETRIC_REPRESENTATION_CONTEXT() REPRESENTATION_CONTEXT('2D SPACE',''
  ) );
#1523 = PCURVE('',#1401,#1524);
#1524 = DEFINITIONAL_REPRESENTATION('',(#1525),#1529);
#1525 = LINE('',#1526,#1527);
#1526 = CARTESIAN_POINT('',(1.009521484375,0.63232421875));
#1527 = VECTOR('',#1528,1.);
#1528 = DIRECTION('',(-1.,0.));
#1529 = ( GEOMETRIC_REPRESENTATION_CONTEXT(2) 
PARAMETRIC_REPRESENTATION_CONTEXT() REPRESENTATION_CONTEXT('2D SPACE',''
  ) );
#1530 = ORIENTED_EDGE('',*,*,#1438,.F.);
#1531 = ORIENTED_EDGE('',*,*,#641,.F.);
#1532 = ADVANCED_FACE('',(#1533),#627,.T.);
#1533 = FACE_BOUND('',#1534,.T.);
#1534 = EDGE_LOOP('',(#1535,#1558,#1579,#1580));
#1535 = ORIENTED_EDGE('',*,*,#1536,.T.);
#1536 = EDGE_CURVE('',#582,#1537,#1539,.T.);
#1537 = VERTEX_POINT('',#1538);
#1538 = CARTESIAN_POINT('',(101.57006835937,3.921264648438,-2.1));
#1539 = SURFACE_CURVE('',#1540,(#1544,#1551),.PCURVE_S1.);
#1540 = LINE('',#1541,#1542);
#1541 = CARTESIAN_POINT('',(101.57006835937,3.921264648438,-2.4));
#1542 = VECTOR('',#1543,1.);
#1543 = DIRECTION('',(0.,0.,1.));
#1544 = PCURVE('',#627,#1545);
#1545 = DEFINITIONAL_REPRESENTATION('',(#1546),#1550);
#1546 = LINE('',#1547,#1548);
#1547 = CARTESIAN_POINT('',(0.,0.));
#1548 = VECTOR('',#1549,1.);
#1549 = DIRECTION('',(0.,-1.));
#1550 = ( GEOMETRIC_REPRESENTATION_CONTEXT(2) 
PARAMETRIC_REPRESENTATION_CONTEXT() REPRESENTATION_CONTEXT('2D SPACE',''
  ) );
#1551 = PCURVE('',#597,#1552);
#1552 = DEFINITIONAL_REPRESENTATION('',(#1553),#1557);
#1553 = LINE('',#1554,#1555);
#1554 = CARTESIAN_POINT('',(1.,0.));
#1555 = VECTOR('',#1556,1.);
#1556 = DIRECTION('',(0.,-1.));
#1557 = ( GEOMETRIC_REPRESENTATION_CONTEXT(2) 
PARAMETRIC_REPRESENTATION_CONTEXT() REPRESENTATION_CONTEXT('2D SPACE',''
  ) );
#1558 = ORIENTED_EDGE('',*,*,#1559,.T.);
#1559 = EDGE_CURVE('',#1537,#1488,#1560,.T.);
#1560 = SURFACE_CURVE('',#1561,(#1565,#1572),.PCURVE_S1.);
#1561 = B_SPLINE_CURVE_WITH_KNOTS('',2,(#1562,#1563,#1564),
  .UNSPECIFIED.,.F.,.F.,(3,3),(0.,1.),.PIECEWISE_BEZIER_KNOTS.);
#1562 = CARTESIAN_POINT('',(101.57006835937,3.921264648438,-2.1));
#1563 = CARTESIAN_POINT('',(101.38391113281,3.766845703125,-2.1));
#1564 = CARTESIAN_POINT('',(101.03601074218,3.766845703125,-2.1));
#1565 = PCURVE('',#627,#1566);
#1566 = DEFINITIONAL_REPRESENTATION('',(#1567),#1571);
#1567 = LINE('',#1568,#1569);
#1568 = CARTESIAN_POINT('',(0.,-0.3));
#1569 = VECTOR('',#1570,1.);
#1570 = DIRECTION('',(1.,0.));
#1571 = ( GEOMETRIC_REPRESENTATION_CONTEXT(2) 
PARAMETRIC_REPRESENTATION_CONTEXT() REPRESENTATION_CONTEXT('2D SPACE',''
  ) );
#1572 = PCURVE('',#1401,#1573);
#1573 = DEFINITIONAL_REPRESENTATION('',(#1574),#1578);
#1574 = B_SPLINE_CURVE_WITH_KNOTS('',2,(#1575,#1576,#1577),
  .UNSPECIFIED.,.F.,.F.,(3,3),(0.,1.),.PIECEWISE_BEZIER_KNOTS.);
#1575 = CARTESIAN_POINT('',(1.543579101562,0.786743164062));
#1576 = CARTESIAN_POINT('',(1.357421875,0.63232421875));
#1577 = CARTESIAN_POINT('',(1.009521484375,0.63232421875));
#1578 = ( GEOMETRIC_REPRESENTATION_CONTEXT(2) 
PARAMETRIC_REPRESENTATION_CONTEXT() REPRESENTATION_CONTEXT('2D SPACE',''
  ) );
#1579 = ORIENTED_EDGE('',*,*,#1487,.F.);
#1580 = ORIENTED_EDGE('',*,*,#611,.F.);
#1581 = ADVANCED_FACE('',(#1582),#597,.T.);
#1582 = FACE_BOUND('',#1583,.T.);
#1583 = EDGE_LOOP('',(#1584,#1607,#1628,#1629));
#1584 = ORIENTED_EDGE('',*,*,#1585,.T.);
#1585 = EDGE_CURVE('',#552,#1586,#1588,.T.);
#1586 = VERTEX_POINT('',#1587);
#1587 = CARTESIAN_POINT('',(101.75622558593,4.362548828125,-2.1));
#1588 = SURFACE_CURVE('',#1589,(#1593,#1600),.PCURVE_S1.);
#1589 = LINE('',#1590,#1591);
#1590 = CARTESIAN_POINT('',(101.75622558593,4.362548828125,-2.4));
#1591 = VECTOR('',#1592,1.);
#1592 = DIRECTION('',(0.,0.,1.));
#1593 = PCURVE('',#597,#1594);
#1594 = DEFINITIONAL_REPRESENTATION('',(#1595),#1599);
#1595 = LINE('',#1596,#1597);
#1596 = CARTESIAN_POINT('',(0.,0.));
#1597 = VECTOR('',#1598,1.);
#1598 = DIRECTION('',(0.,-1.));
#1599 = ( GEOMETRIC_REPRESENTATION_CONTEXT(2) 
PARAMETRIC_REPRESENTATION_CONTEXT() REPRESENTATION_CONTEXT('2D SPACE',''
  ) );
#1600 = PCURVE('',#567,#1601);
#1601 = DEFINITIONAL_REPRESENTATION('',(#1602),#1606);
#1602 = LINE('',#1603,#1604);
#1603 = CARTESIAN_POINT('',(1.,0.));
#1604 = VECTOR('',#1605,1.);
#1605 = DIRECTION('',(0.,-1.));
#1606 = ( GEOMETRIC_REPRESENTATION_CONTEXT(2) 
PARAMETRIC_REPRESENTATION_CONTEXT() REPRESENTATION_CONTEXT('2D SPACE',''
  ) );
#1607 = ORIENTED_EDGE('',*,*,#1608,.T.);
#1608 = EDGE_CURVE('',#1586,#1537,#1609,.T.);
#1609 = SURFACE_CURVE('',#1610,(#1614,#1621),.PCURVE_S1.);
#1610 = B_SPLINE_CURVE_WITH_KNOTS('',2,(#1611,#1612,#1613),
  .UNSPECIFIED.,.F.,.F.,(3,3),(0.,1.),.PIECEWISE_BEZIER_KNOTS.);
#1611 = CARTESIAN_POINT('',(101.75622558593,4.362548828125,-2.1));
#1612 = CARTESIAN_POINT('',(101.75622558593,4.07568359375,-2.1));
#1613 = CARTESIAN_POINT('',(101.57006835937,3.921264648438,-2.1));
#1614 = PCURVE('',#597,#1615);
#1615 = DEFINITIONAL_REPRESENTATION('',(#1616),#1620);
#1616 = LINE('',#1617,#1618);
#1617 = CARTESIAN_POINT('',(0.,-0.3));
#1618 = VECTOR('',#1619,1.);
#1619 = DIRECTION('',(1.,0.));
#1620 = ( GEOMETRIC_REPRESENTATION_CONTEXT(2) 
PARAMETRIC_REPRESENTATION_CONTEXT() REPRESENTATION_CONTEXT('2D SPACE',''
  ) );
#1621 = PCURVE('',#1401,#1622);
#1622 = DEFINITIONAL_REPRESENTATION('',(#1623),#1627);
#1623 = B_SPLINE_CURVE_WITH_KNOTS('',2,(#1624,#1625,#1626),
  .UNSPECIFIED.,.F.,.F.,(3,3),(0.,1.),.PIECEWISE_BEZIER_KNOTS.);
#1624 = CARTESIAN_POINT('',(1.729736328125,1.22802734375));
#1625 = CARTESIAN_POINT('',(1.729736328125,0.941162109375));
#1626 = CARTESIAN_POINT('',(1.543579101562,0.786743164062));
#1627 = ( GEOMETRIC_REPRESENTATION_CONTEXT(2) 
PARAMETRIC_REPRESENTATION_CONTEXT() REPRESENTATION_CONTEXT('2D SPACE',''
  ) );
#1628 = ORIENTED_EDGE('',*,*,#1536,.F.);
#1629 = ORIENTED_EDGE('',*,*,#581,.F.);
#1630 = ADVANCED_FACE('',(#1631),#567,.T.);
#1631 = FACE_BOUND('',#1632,.T.);
#1632 = EDGE_LOOP('',(#1633,#1656,#1677,#1678));
#1633 = ORIENTED_EDGE('',*,*,#1634,.T.);
#1634 = EDGE_CURVE('',#522,#1635,#1637,.T.);
#1635 = VERTEX_POINT('',#1636);
#1636 = CARTESIAN_POINT('',(101.57006835937,4.802612304688,-2.1));
#1637 = SURFACE_CURVE('',#1638,(#1642,#1649),.PCURVE_S1.);
#1638 = LINE('',#1639,#1640);
#1639 = CARTESIAN_POINT('',(101.57006835937,4.802612304688,-2.4));
#1640 = VECTOR('',#1641,1.);
#1641 = DIRECTION('',(0.,0.,1.));
#1642 = PCURVE('',#567,#1643);
#1643 = DEFINITIONAL_REPRESENTATION('',(#1644),#1648);
#1644 = LINE('',#1645,#1646);
#1645 = CARTESIAN_POINT('',(0.,0.));
#1646 = VECTOR('',#1647,1.);
#1647 = DIRECTION('',(0.,-1.));
#1648 = ( GEOMETRIC_REPRESENTATION_CONTEXT(2) 
PARAMETRIC_REPRESENTATION_CONTEXT() REPRESENTATION_CONTEXT('2D SPACE',''
  ) );
#1649 = PCURVE('',#537,#1650);
#1650 = DEFINITIONAL_REPRESENTATION('',(#1651),#1655);
#1651 = LINE('',#1652,#1653);
#1652 = CARTESIAN_POINT('',(1.,0.));
#1653 = VECTOR('',#1654,1.);
#1654 = DIRECTION('',(0.,-1.));
#1655 = ( GEOMETRIC_REPRESENTATION_CONTEXT(2) 
PARAMETRIC_REPRESENTATION_CONTEXT() REPRESENTATION_CONTEXT('2D SPACE',''
  ) );
#1656 = ORIENTED_EDGE('',*,*,#1657,.T.);
#1657 = EDGE_CURVE('',#1635,#1586,#1658,.T.);
#1658 = SURFACE_CURVE('',#1659,(#1663,#1670),.PCURVE_S1.);
#1659 = B_SPLINE_CURVE_WITH_KNOTS('',2,(#1660,#1661,#1662),
  .UNSPECIFIED.,.F.,.F.,(3,3),(0.,1.),.PIECEWISE_BEZIER_KNOTS.);
#1660 = CARTESIAN_POINT('',(101.57006835937,4.802612304688,-2.1));
#1661 = CARTESIAN_POINT('',(101.75622558593,4.648193359375,-2.1));
#1662 = CARTESIAN_POINT('',(101.75622558593,4.362548828125,-2.1));
#1663 = PCURVE('',#567,#1664);
#1664 = DEFINITIONAL_REPRESENTATION('',(#1665),#1669);
#1665 = LINE('',#1666,#1667);
#1666 = CARTESIAN_POINT('',(0.,-0.3));
#1667 = VECTOR('',#1668,1.);
#1668 = DIRECTION('',(1.,0.));
#1669 = ( GEOMETRIC_REPRESENTATION_CONTEXT(2) 
PARAMETRIC_REPRESENTATION_CONTEXT() REPRESENTATION_CONTEXT('2D SPACE',''
  ) );
#1670 = PCURVE('',#1401,#1671);
#1671 = DEFINITIONAL_REPRESENTATION('',(#1672),#1676);
#1672 = B_SPLINE_CURVE_WITH_KNOTS('',2,(#1673,#1674,#1675),
  .UNSPECIFIED.,.F.,.F.,(3,3),(0.,1.),.PIECEWISE_BEZIER_KNOTS.);
#1673 = CARTESIAN_POINT('',(1.543579101562,1.668090820312));
#1674 = CARTESIAN_POINT('',(1.729736328125,1.513671875));
#1675 = CARTESIAN_POINT('',(1.729736328125,1.22802734375));
#1676 = ( GEOMETRIC_REPRESENTATION_CONTEXT(2) 
PARAMETRIC_REPRESENTATION_CONTEXT() REPRESENTATION_CONTEXT('2D SPACE',''
  ) );
#1677 = ORIENTED_EDGE('',*,*,#1585,.F.);
#1678 = ORIENTED_EDGE('',*,*,#551,.F.);
#1679 = ADVANCED_FACE('',(#1680),#537,.T.);
#1680 = FACE_BOUND('',#1681,.T.);
#1681 = EDGE_LOOP('',(#1682,#1705,#1726,#1727));
#1682 = ORIENTED_EDGE('',*,*,#1683,.T.);
#1683 = EDGE_CURVE('',#494,#1684,#1686,.T.);
#1684 = VERTEX_POINT('',#1685);
#1685 = CARTESIAN_POINT('',(101.03601074218,4.95703125,-2.1));
#1686 = SURFACE_CURVE('',#1687,(#1691,#1698),.PCURVE_S1.);
#1687 = LINE('',#1688,#1689);
#1688 = CARTESIAN_POINT('',(101.03601074218,4.95703125,-2.4));
#1689 = VECTOR('',#1690,1.);
#1690 = DIRECTION('',(0.,0.,1.));
#1691 = PCURVE('',#537,#1692);
#1692 = DEFINITIONAL_REPRESENTATION('',(#1693),#1697);
#1693 = LINE('',#1694,#1695);
#1694 = CARTESIAN_POINT('',(0.,0.));
#1695 = VECTOR('',#1696,1.);
#1696 = DIRECTION('',(0.,-1.));
#1697 = ( GEOMETRIC_REPRESENTATION_CONTEXT(2) 
PARAMETRIC_REPRESENTATION_CONTEXT() REPRESENTATION_CONTEXT('2D SPACE',''
  ) );
#1698 = PCURVE('',#509,#1699);
#1699 = DEFINITIONAL_REPRESENTATION('',(#1700),#1704);
#1700 = LINE('',#1701,#1702);
#1701 = CARTESIAN_POINT('',(0.780029296875,0.));
#1702 = VECTOR('',#1703,1.);
#1703 = DIRECTION('',(0.,-1.));
#1704 = ( GEOMETRIC_REPRESENTATION_CONTEXT(2) 
PARAMETRIC_REPRESENTATION_CONTEXT() REPRESENTATION_CONTEXT('2D SPACE',''
  ) );
#1705 = ORIENTED_EDGE('',*,*,#1706,.T.);
#1706 = EDGE_CURVE('',#1684,#1635,#1707,.T.);
#1707 = SURFACE_CURVE('',#1708,(#1712,#1719),.PCURVE_S1.);
#1708 = B_SPLINE_CURVE_WITH_KNOTS('',2,(#1709,#1710,#1711),
  .UNSPECIFIED.,.F.,.F.,(3,3),(0.,1.),.PIECEWISE_BEZIER_KNOTS.);
#1709 = CARTESIAN_POINT('',(101.03601074218,4.95703125,-2.1));
#1710 = CARTESIAN_POINT('',(101.38391113281,4.95703125,-2.1));
#1711 = CARTESIAN_POINT('',(101.57006835937,4.802612304688,-2.1));
#1712 = PCURVE('',#537,#1713);
#1713 = DEFINITIONAL_REPRESENTATION('',(#1714),#1718);
#1714 = LINE('',#1715,#1716);
#1715 = CARTESIAN_POINT('',(0.,-0.3));
#1716 = VECTOR('',#1717,1.);
#1717 = DIRECTION('',(1.,0.));
#1718 = ( GEOMETRIC_REPRESENTATION_CONTEXT(2) 
PARAMETRIC_REPRESENTATION_CONTEXT() REPRESENTATION_CONTEXT('2D SPACE',''
  ) );
#1719 = PCURVE('',#1401,#1720);
#1720 = DEFINITIONAL_REPRESENTATION('',(#1721),#1725);
#1721 = B_SPLINE_CURVE_WITH_KNOTS('',2,(#1722,#1723,#1724),
  .UNSPECIFIED.,.F.,.F.,(3,3),(0.,1.),.PIECEWISE_BEZIER_KNOTS.);
#1722 = CARTESIAN_POINT('',(1.009521484375,1.822509765625));
#1723 = CARTESIAN_POINT('',(1.357421875,1.822509765625));
#1724 = CARTESIAN_POINT('',(1.543579101562,1.668090820312));
#1725 = ( GEOMETRIC_REPRESENTATION_CONTEXT(2) 
PARAMETRIC_REPRESENTATION_CONTEXT() REPRESENTATION_CONTEXT('2D SPACE',''
  ) );
#1726 = ORIENTED_EDGE('',*,*,#1634,.F.);
#1727 = ORIENTED_EDGE('',*,*,#521,.F.);
#1728 = ADVANCED_FACE('',(#1729),#509,.T.);
#1729 = FACE_BOUND('',#1730,.T.);
#1730 = EDGE_LOOP('',(#1731,#1754,#1775,#1776));
#1731 = ORIENTED_EDGE('',*,*,#1732,.T.);
#1732 = EDGE_CURVE('',#466,#1733,#1735,.T.);
#1733 = VERTEX_POINT('',#1734);
#1734 = CARTESIAN_POINT('',(100.25598144531,4.95703125,-2.1));
#1735 = SURFACE_CURVE('',#1736,(#1740,#1747),.PCURVE_S1.);
#1736 = LINE('',#1737,#1738);
#1737 = CARTESIAN_POINT('',(100.25598144531,4.95703125,-2.4));
#1738 = VECTOR('',#1739,1.);
#1739 = DIRECTION('',(0.,0.,1.));
#1740 = PCURVE('',#509,#1741);
#1741 = DEFINITIONAL_REPRESENTATION('',(#1742),#1746);
#1742 = LINE('',#1743,#1744);
#1743 = CARTESIAN_POINT('',(0.,0.));
#1744 = VECTOR('',#1745,1.);
#1745 = DIRECTION('',(0.,-1.));
#1746 = ( GEOMETRIC_REPRESENTATION_CONTEXT(2) 
PARAMETRIC_REPRESENTATION_CONTEXT() REPRESENTATION_CONTEXT('2D SPACE',''
  ) );
#1747 = PCURVE('',#481,#1748);
#1748 = DEFINITIONAL_REPRESENTATION('',(#1749),#1753);
#1749 = LINE('',#1750,#1751);
#1750 = CARTESIAN_POINT('',(1.822509765625,0.));
#1751 = VECTOR('',#1752,1.);
#1752 = DIRECTION('',(0.,-1.));
#1753 = ( GEOMETRIC_REPRESENTATION_CONTEXT(2) 
PARAMETRIC_REPRESENTATION_CONTEXT() REPRESENTATION_CONTEXT('2D SPACE',''
  ) );
#1754 = ORIENTED_EDGE('',*,*,#1755,.T.);
#1755 = EDGE_CURVE('',#1733,#1684,#1756,.T.);
#1756 = SURFACE_CURVE('',#1757,(#1761,#1768),.PCURVE_S1.);
#1757 = LINE('',#1758,#1759);
#1758 = CARTESIAN_POINT('',(100.25598144531,4.95703125,-2.1));
#1759 = VECTOR('',#1760,1.);
#1760 = DIRECTION('',(1.,0.,0.));
#1761 = PCURVE('',#509,#1762);
#1762 = DEFINITIONAL_REPRESENTATION('',(#1763),#1767);
#1763 = LINE('',#1764,#1765);
#1764 = CARTESIAN_POINT('',(0.,-0.3));
#1765 = VECTOR('',#1766,1.);
#1766 = DIRECTION('',(1.,0.));
#1767 = ( GEOMETRIC_REPRESENTATION_CONTEXT(2) 
PARAMETRIC_REPRESENTATION_CONTEXT() REPRESENTATION_CONTEXT('2D SPACE',''
  ) );
#1768 = PCURVE('',#1401,#1769);
#1769 = DEFINITIONAL_REPRESENTATION('',(#1770),#1774);
#1770 = LINE('',#1771,#1772);
#1771 = CARTESIAN_POINT('',(0.2294921875,1.822509765625));
#1772 = VECTOR('',#1773,1.);
#1773 = DIRECTION('',(1.,0.));
#1774 = ( GEOMETRIC_REPRESENTATION_CONTEXT(2) 
PARAMETRIC_REPRESENTATION_CONTEXT() REPRESENTATION_CONTEXT('2D SPACE',''
  ) );
#1775 = ORIENTED_EDGE('',*,*,#1683,.F.);
#1776 = ORIENTED_EDGE('',*,*,#493,.F.);
#1777 = ADVANCED_FACE('',(#1778),#481,.T.);
#1778 = FACE_BOUND('',#1779,.T.);
#1779 = EDGE_LOOP('',(#1780,#1781,#1802,#1803));
#1780 = ORIENTED_EDGE('',*,*,#1413,.T.);
#1781 = ORIENTED_EDGE('',*,*,#1782,.T.);
#1782 = EDGE_CURVE('',#1386,#1733,#1783,.T.);
#1783 = SURFACE_CURVE('',#1784,(#1788,#1795),.PCURVE_S1.);
#1784 = LINE('',#1785,#1786);
#1785 = CARTESIAN_POINT('',(100.25598144531,3.134521484375,-2.1));
#1786 = VECTOR('',#1787,1.);
#1787 = DIRECTION('',(0.,1.,0.));
#1788 = PCURVE('',#481,#1789);
#1789 = DEFINITIONAL_REPRESENTATION('',(#1790),#1794);
#1790 = LINE('',#1791,#1792);
#1791 = CARTESIAN_POINT('',(0.,-0.3));
#1792 = VECTOR('',#1793,1.);
#1793 = DIRECTION('',(1.,0.));
#1794 = ( GEOMETRIC_REPRESENTATION_CONTEXT(2) 
PARAMETRIC_REPRESENTATION_CONTEXT() REPRESENTATION_CONTEXT('2D SPACE',''
  ) );
#1795 = PCURVE('',#1401,#1796);
#1796 = DEFINITIONAL_REPRESENTATION('',(#1797),#1801);
#1797 = LINE('',#1798,#1799);
#1798 = CARTESIAN_POINT('',(0.2294921875,0.));
#1799 = VECTOR('',#1800,1.);
#1800 = DIRECTION('',(0.,1.));
#1801 = ( GEOMETRIC_REPRESENTATION_CONTEXT(2) 
PARAMETRIC_REPRESENTATION_CONTEXT() REPRESENTATION_CONTEXT('2D SPACE',''
  ) );
#1802 = ORIENTED_EDGE('',*,*,#1732,.F.);
#1803 = ORIENTED_EDGE('',*,*,#465,.F.);
#1804 = ADVANCED_FACE('',(#1805),#715,.T.);
#1805 = FACE_BOUND('',#1806,.T.);
#1806 = EDGE_LOOP('',(#1807,#1830,#1858,#1879));
#1807 = ORIENTED_EDGE('',*,*,#1808,.T.);
#1808 = EDGE_CURVE('',#698,#1809,#1811,.T.);
#1809 = VERTEX_POINT('',#1810);
#1810 = CARTESIAN_POINT('',(102.55822753906,3.134521484375,-2.1));
#1811 = SURFACE_CURVE('',#1812,(#1816,#1823),.PCURVE_S1.);
#1812 = LINE('',#1813,#1814);
#1813 = CARTESIAN_POINT('',(102.55822753906,3.134521484375,-2.4));
#1814 = VECTOR('',#1815,1.);
#1815 = DIRECTION('',(0.,0.,1.));
#1816 = PCURVE('',#715,#1817);
#1817 = DEFINITIONAL_REPRESENTATION('',(#1818),#1822);
#1818 = LINE('',#1819,#1820);
#1819 = CARTESIAN_POINT('',(0.,-0.));
#1820 = VECTOR('',#1821,1.);
#1821 = DIRECTION('',(0.,-1.));
#1822 = ( GEOMETRIC_REPRESENTATION_CONTEXT(2) 
PARAMETRIC_REPRESENTATION_CONTEXT() REPRESENTATION_CONTEXT('2D SPACE',''
  ) );
#1823 = PCURVE('',#965,#1824);
#1824 = DEFINITIONAL_REPRESENTATION('',(#1825),#1829);
#1825 = LINE('',#1826,#1827);
#1826 = CARTESIAN_POINT('',(0.772705078125,0.));
#1827 = VECTOR('',#1828,1.);
#1828 = DIRECTION('',(0.,-1.));
#1829 = ( GEOMETRIC_REPRESENTATION_CONTEXT(2) 
PARAMETRIC_REPRESENTATION_CONTEXT() REPRESENTATION_CONTEXT('2D SPACE',''
  ) );
#1830 = ORIENTED_EDGE('',*,*,#1831,.T.);
#1831 = EDGE_CURVE('',#1809,#1832,#1834,.T.);
#1832 = VERTEX_POINT('',#1833);
#1833 = CARTESIAN_POINT('',(102.08825683593,3.134521484375,-2.1));
#1834 = SURFACE_CURVE('',#1835,(#1839,#1846),.PCURVE_S1.);
#1835 = LINE('',#1836,#1837);
#1836 = CARTESIAN_POINT('',(102.55822753906,3.134521484375,-2.1));
#1837 = VECTOR('',#1838,1.);
#1838 = DIRECTION('',(-1.,0.,0.));
#1839 = PCURVE('',#715,#1840);
#1840 = DEFINITIONAL_REPRESENTATION('',(#1841),#1845);
#1841 = LINE('',#1842,#1843);
#1842 = CARTESIAN_POINT('',(0.,-0.3));
#1843 = VECTOR('',#1844,1.);
#1844 = DIRECTION('',(1.,0.));
#1845 = ( GEOMETRIC_REPRESENTATION_CONTEXT(2) 
PARAMETRIC_REPRESENTATION_CONTEXT() REPRESENTATION_CONTEXT('2D SPACE',''
  ) );
#1846 = PCURVE('',#1847,#1852);
#1847 = PLANE('',#1848);
#1848 = AXIS2_PLACEMENT_3D('',#1849,#1850,#1851);
#1849 = CARTESIAN_POINT('',(101.85876464843,3.134521484375,-2.1));
#1850 = DIRECTION('',(0.,0.,1.));
#1851 = DIRECTION('',(1.,0.,0.));
#1852 = DEFINITIONAL_REPRESENTATION('',(#1853),#1857);
#1853 = LINE('',#1854,#1855);
#1854 = CARTESIAN_POINT('',(0.699462890625,0.));
#1855 = VECTOR('',#1856,1.);
#1856 = DIRECTION('',(-1.,0.));
#1857 = ( GEOMETRIC_REPRESENTATION_CONTEXT(2) 
PARAMETRIC_REPRESENTATION_CONTEXT() REPRESENTATION_CONTEXT('2D SPACE',''
  ) );
#1858 = ORIENTED_EDGE('',*,*,#1859,.F.);
#1859 = EDGE_CURVE('',#700,#1832,#1860,.T.);
#1860 = SURFACE_CURVE('',#1861,(#1865,#1872),.PCURVE_S1.);
#1861 = LINE('',#1862,#1863);
#1862 = CARTESIAN_POINT('',(102.08825683593,3.134521484375,-2.4));
#1863 = VECTOR('',#1864,1.);
#1864 = DIRECTION('',(0.,0.,1.));
#1865 = PCURVE('',#715,#1866);
#1866 = DEFINITIONAL_REPRESENTATION('',(#1867),#1871);
#1867 = LINE('',#1868,#1869);
#1868 = CARTESIAN_POINT('',(0.469970703125,0.));
#1869 = VECTOR('',#1870,1.);
#1870 = DIRECTION('',(0.,-1.));
#1871 = ( GEOMETRIC_REPRESENTATION_CONTEXT(2) 
PARAMETRIC_REPRESENTATION_CONTEXT() REPRESENTATION_CONTEXT('2D SPACE',''
  ) );
#1872 = PCURVE('',#743,#1873);
#1873 = DEFINITIONAL_REPRESENTATION('',(#1874),#1878);
#1874 = LINE('',#1875,#1876);
#1875 = CARTESIAN_POINT('',(0.,0.));
#1876 = VECTOR('',#1877,1.);
#1877 = DIRECTION('',(0.,-1.));
#1878 = ( GEOMETRIC_REPRESENTATION_CONTEXT(2) 
PARAMETRIC_REPRESENTATION_CONTEXT() REPRESENTATION_CONTEXT('2D SPACE',''
  ) );
#1879 = ORIENTED_EDGE('',*,*,#697,.F.);
#1880 = ADVANCED_FACE('',(#1881),#965,.T.);
#1881 = FACE_BOUND('',#1882,.T.);
#1882 = EDGE_LOOP('',(#1883,#1906,#1927,#1928));
#1883 = ORIENTED_EDGE('',*,*,#1884,.T.);
#1884 = EDGE_CURVE('',#924,#1885,#1887,.T.);
#1885 = VERTEX_POINT('',#1886);
#1886 = CARTESIAN_POINT('',(102.55822753906,3.9072265625,-2.1));
#1887 = SURFACE_CURVE('',#1888,(#1892,#1899),.PCURVE_S1.);
#1888 = LINE('',#1889,#1890);
#1889 = CARTESIAN_POINT('',(102.55822753906,3.9072265625,-2.4));
#1890 = VECTOR('',#1891,1.);
#1891 = DIRECTION('',(0.,0.,1.));
#1892 = PCURVE('',#965,#1893);
#1893 = DEFINITIONAL_REPRESENTATION('',(#1894),#1898);
#1894 = LINE('',#1895,#1896);
#1895 = CARTESIAN_POINT('',(0.,0.));
#1896 = VECTOR('',#1897,1.);
#1897 = DIRECTION('',(0.,-1.));
#1898 = ( GEOMETRIC_REPRESENTATION_CONTEXT(2) 
PARAMETRIC_REPRESENTATION_CONTEXT() REPRESENTATION_CONTEXT('2D SPACE',''
  ) );
#1899 = PCURVE('',#939,#1900);
#1900 = DEFINITIONAL_REPRESENTATION('',(#1901),#1905);
#1901 = LINE('',#1902,#1903);
#1902 = CARTESIAN_POINT('',(0.750732421875,0.));
#1903 = VECTOR('',#1904,1.);
#1904 = DIRECTION('',(0.,-1.));
#1905 = ( GEOMETRIC_REPRESENTATION_CONTEXT(2) 
PARAMETRIC_REPRESENTATION_CONTEXT() REPRESENTATION_CONTEXT('2D SPACE',''
  ) );
#1906 = ORIENTED_EDGE('',*,*,#1907,.T.);
#1907 = EDGE_CURVE('',#1885,#1809,#1908,.T.);
#1908 = SURFACE_CURVE('',#1909,(#1913,#1920),.PCURVE_S1.);
#1909 = LINE('',#1910,#1911);
#1910 = CARTESIAN_POINT('',(102.55822753906,3.9072265625,-2.1));
#1911 = VECTOR('',#1912,1.);
#1912 = DIRECTION('',(0.,-1.,0.));
#1913 = PCURVE('',#965,#1914);
#1914 = DEFINITIONAL_REPRESENTATION('',(#1915),#1919);
#1915 = LINE('',#1916,#1917);
#1916 = CARTESIAN_POINT('',(0.,-0.3));
#1917 = VECTOR('',#1918,1.);
#1918 = DIRECTION('',(1.,0.));
#1919 = ( GEOMETRIC_REPRESENTATION_CONTEXT(2) 
PARAMETRIC_REPRESENTATION_CONTEXT() REPRESENTATION_CONTEXT('2D SPACE',''
  ) );
#1920 = PCURVE('',#1847,#1921);
#1921 = DEFINITIONAL_REPRESENTATION('',(#1922),#1926);
#1922 = LINE('',#1923,#1924);
#1923 = CARTESIAN_POINT('',(0.699462890625,0.772705078125));
#1924 = VECTOR('',#1925,1.);
#1925 = DIRECTION('',(0.,-1.));
#1926 = ( GEOMETRIC_REPRESENTATION_CONTEXT(2) 
PARAMETRIC_REPRESENTATION_CONTEXT() REPRESENTATION_CONTEXT('2D SPACE',''
  ) );
#1927 = ORIENTED_EDGE('',*,*,#1808,.F.);
#1928 = ORIENTED_EDGE('',*,*,#951,.F.);
#1929 = ADVANCED_FACE('',(#1930),#939,.T.);
#1930 = FACE_BOUND('',#1931,.T.);
#1931 = EDGE_LOOP('',(#1932,#1955,#1976,#1977));
#1932 = ORIENTED_EDGE('',*,*,#1933,.T.);
#1933 = EDGE_CURVE('',#896,#1934,#1936,.T.);
#1934 = VERTEX_POINT('',#1935);
#1935 = CARTESIAN_POINT('',(103.30895996093,3.9072265625,-2.1));
#1936 = SURFACE_CURVE('',#1937,(#1941,#1948),.PCURVE_S1.);
#1937 = LINE('',#1938,#1939);
#1938 = CARTESIAN_POINT('',(103.30895996093,3.9072265625,-2.4));
#1939 = VECTOR('',#1940,1.);
#1940 = DIRECTION('',(0.,0.,1.));
#1941 = PCURVE('',#939,#1942);
#1942 = DEFINITIONAL_REPRESENTATION('',(#1943),#1947);
#1943 = LINE('',#1944,#1945);
#1944 = CARTESIAN_POINT('',(0.,-0.));
#1945 = VECTOR('',#1946,1.);
#1946 = DIRECTION('',(0.,-1.));
#1947 = ( GEOMETRIC_REPRESENTATION_CONTEXT(2) 
PARAMETRIC_REPRESENTATION_CONTEXT() REPRESENTATION_CONTEXT('2D SPACE',''
  ) );
#1948 = PCURVE('',#911,#1949);
#1949 = DEFINITIONAL_REPRESENTATION('',(#1950),#1954);
#1950 = LINE('',#1951,#1952);
#1951 = CARTESIAN_POINT('',(0.355224609375,0.));
#1952 = VECTOR('',#1953,1.);
#1953 = DIRECTION('',(0.,-1.));
#1954 = ( GEOMETRIC_REPRESENTATION_CONTEXT(2) 
PARAMETRIC_REPRESENTATION_CONTEXT() REPRESENTATION_CONTEXT('2D SPACE',''
  ) );
#1955 = ORIENTED_EDGE('',*,*,#1956,.T.);
#1956 = EDGE_CURVE('',#1934,#1885,#1957,.T.);
#1957 = SURFACE_CURVE('',#1958,(#1962,#1969),.PCURVE_S1.);
#1958 = LINE('',#1959,#1960);
#1959 = CARTESIAN_POINT('',(103.30895996093,3.9072265625,-2.1));
#1960 = VECTOR('',#1961,1.);
#1961 = DIRECTION('',(-1.,0.,0.));
#1962 = PCURVE('',#939,#1963);
#1963 = DEFINITIONAL_REPRESENTATION('',(#1964),#1968);
#1964 = LINE('',#1965,#1966);
#1965 = CARTESIAN_POINT('',(0.,-0.3));
#1966 = VECTOR('',#1967,1.);
#1967 = DIRECTION('',(1.,0.));
#1968 = ( GEOMETRIC_REPRESENTATION_CONTEXT(2) 
PARAMETRIC_REPRESENTATION_CONTEXT() REPRESENTATION_CONTEXT('2D SPACE',''
  ) );
#1969 = PCURVE('',#1847,#1970);
#1970 = DEFINITIONAL_REPRESENTATION('',(#1971),#1975);
#1971 = LINE('',#1972,#1973);
#1972 = CARTESIAN_POINT('',(1.4501953125,0.772705078125));
#1973 = VECTOR('',#1974,1.);
#1974 = DIRECTION('',(-1.,0.));
#1975 = ( GEOMETRIC_REPRESENTATION_CONTEXT(2) 
PARAMETRIC_REPRESENTATION_CONTEXT() REPRESENTATION_CONTEXT('2D SPACE',''
  ) );
#1976 = ORIENTED_EDGE('',*,*,#1884,.F.);
#1977 = ORIENTED_EDGE('',*,*,#923,.F.);
#1978 = ADVANCED_FACE('',(#1979),#911,.T.);
#1979 = FACE_BOUND('',#1980,.T.);
#1980 = EDGE_LOOP('',(#1981,#2004,#2025,#2026));
#1981 = ORIENTED_EDGE('',*,*,#1982,.T.);
#1982 = EDGE_CURVE('',#868,#1983,#1985,.T.);
#1983 = VERTEX_POINT('',#1984);
#1984 = CARTESIAN_POINT('',(103.30895996093,4.262451171875,-2.1));
#1985 = SURFACE_CURVE('',#1986,(#1990,#1997),.PCURVE_S1.);
#1986 = LINE('',#1987,#1988);
#1987 = CARTESIAN_POINT('',(103.30895996093,4.262451171875,-2.4));
#1988 = VECTOR('',#1989,1.);
#1989 = DIRECTION('',(0.,0.,1.));
#1990 = PCURVE('',#911,#1991);
#1991 = DEFINITIONAL_REPRESENTATION('',(#1992),#1996);
#1992 = LINE('',#1993,#1994);
#1993 = CARTESIAN_POINT('',(0.,0.));
#1994 = VECTOR('',#1995,1.);
#1995 = DIRECTION('',(0.,-1.));
#1996 = ( GEOMETRIC_REPRESENTATION_CONTEXT(2) 
PARAMETRIC_REPRESENTATION_CONTEXT() REPRESENTATION_CONTEXT('2D SPACE',''
  ) );
#1997 = PCURVE('',#883,#1998);
#1998 = DEFINITIONAL_REPRESENTATION('',(#1999),#2003);
#1999 = LINE('',#2000,#2001);
#2000 = CARTESIAN_POINT('',(0.750732421875,0.));
#2001 = VECTOR('',#2002,1.);
#2002 = DIRECTION('',(0.,-1.));
#2003 = ( GEOMETRIC_REPRESENTATION_CONTEXT(2) 
PARAMETRIC_REPRESENTATION_CONTEXT() REPRESENTATION_CONTEXT('2D SPACE',''
  ) );
#2004 = ORIENTED_EDGE('',*,*,#2005,.T.);
#2005 = EDGE_CURVE('',#1983,#1934,#2006,.T.);
#2006 = SURFACE_CURVE('',#2007,(#2011,#2018),.PCURVE_S1.);
#2007 = LINE('',#2008,#2009);
#2008 = CARTESIAN_POINT('',(103.30895996093,4.262451171875,-2.1));
#2009 = VECTOR('',#2010,1.);
#2010 = DIRECTION('',(0.,-1.,0.));
#2011 = PCURVE('',#911,#2012);
#2012 = DEFINITIONAL_REPRESENTATION('',(#2013),#2017);
#2013 = LINE('',#2014,#2015);
#2014 = CARTESIAN_POINT('',(0.,-0.3));
#2015 = VECTOR('',#2016,1.);
#2016 = DIRECTION('',(1.,0.));
#2017 = ( GEOMETRIC_REPRESENTATION_CONTEXT(2) 
PARAMETRIC_REPRESENTATION_CONTEXT() REPRESENTATION_CONTEXT('2D SPACE',''
  ) );
#2018 = PCURVE('',#1847,#2019);
#2019 = DEFINITIONAL_REPRESENTATION('',(#2020),#2024);
#2020 = LINE('',#2021,#2022);
#2021 = CARTESIAN_POINT('',(1.4501953125,1.1279296875));
#2022 = VECTOR('',#2023,1.);
#2023 = DIRECTION('',(0.,-1.));
#2024 = ( GEOMETRIC_REPRESENTATION_CONTEXT(2) 
PARAMETRIC_REPRESENTATION_CONTEXT() REPRESENTATION_CONTEXT('2D SPACE',''
  ) );
#2025 = ORIENTED_EDGE('',*,*,#1933,.F.);
#2026 = ORIENTED_EDGE('',*,*,#895,.F.);
#2027 = ADVANCED_FACE('',(#2028),#883,.T.);
#2028 = FACE_BOUND('',#2029,.T.);
#2029 = EDGE_LOOP('',(#2030,#2053,#2074,#2075));
#2030 = ORIENTED_EDGE('',*,*,#2031,.T.);
#2031 = EDGE_CURVE('',#840,#2032,#2034,.T.);
#2032 = VERTEX_POINT('',#2033);
#2033 = CARTESIAN_POINT('',(102.55822753906,4.262451171875,-2.1));
#2034 = SURFACE_CURVE('',#2035,(#2039,#2046),.PCURVE_S1.);
#2035 = LINE('',#2036,#2037);
#2036 = CARTESIAN_POINT('',(102.55822753906,4.262451171875,-2.4));
#2037 = VECTOR('',#2038,1.);
#2038 = DIRECTION('',(0.,0.,1.));
#2039 = PCURVE('',#883,#2040);
#2040 = DEFINITIONAL_REPRESENTATION('',(#2041),#2045);
#2041 = LINE('',#2042,#2043);
#2042 = CARTESIAN_POINT('',(0.,0.));
#2043 = VECTOR('',#2044,1.);
#2044 = DIRECTION('',(0.,-1.));
#2045 = ( GEOMETRIC_REPRESENTATION_CONTEXT(2) 
PARAMETRIC_REPRESENTATION_CONTEXT() REPRESENTATION_CONTEXT('2D SPACE',''
  ) );
#2046 = PCURVE('',#855,#2047);
#2047 = DEFINITIONAL_REPRESENTATION('',(#2048),#2052);
#2048 = LINE('',#2049,#2050);
#2049 = CARTESIAN_POINT('',(0.33935546875,0.));
#2050 = VECTOR('',#2051,1.);
#2051 = DIRECTION('',(0.,-1.));
#2052 = ( GEOMETRIC_REPRESENTATION_CONTEXT(2) 
PARAMETRIC_REPRESENTATION_CONTEXT() REPRESENTATION_CONTEXT('2D SPACE',''
  ) );
#2053 = ORIENTED_EDGE('',*,*,#2054,.T.);
#2054 = EDGE_CURVE('',#2032,#1983,#2055,.T.);
#2055 = SURFACE_CURVE('',#2056,(#2060,#2067),.PCURVE_S1.);
#2056 = LINE('',#2057,#2058);
#2057 = CARTESIAN_POINT('',(102.55822753906,4.262451171875,-2.1));
#2058 = VECTOR('',#2059,1.);
#2059 = DIRECTION('',(1.,0.,0.));
#2060 = PCURVE('',#883,#2061);
#2061 = DEFINITIONAL_REPRESENTATION('',(#2062),#2066);
#2062 = LINE('',#2063,#2064);
#2063 = CARTESIAN_POINT('',(0.,-0.3));
#2064 = VECTOR('',#2065,1.);
#2065 = DIRECTION('',(1.,0.));
#2066 = ( GEOMETRIC_REPRESENTATION_CONTEXT(2) 
PARAMETRIC_REPRESENTATION_CONTEXT() REPRESENTATION_CONTEXT('2D SPACE',''
  ) );
#2067 = PCURVE('',#1847,#2068);
#2068 = DEFINITIONAL_REPRESENTATION('',(#2069),#2073);
#2069 = LINE('',#2070,#2071);
#2070 = CARTESIAN_POINT('',(0.699462890625,1.1279296875));
#2071 = VECTOR('',#2072,1.);
#2072 = DIRECTION('',(1.,0.));
#2073 = ( GEOMETRIC_REPRESENTATION_CONTEXT(2) 
PARAMETRIC_REPRESENTATION_CONTEXT() REPRESENTATION_CONTEXT('2D SPACE',''
  ) );
#2074 = ORIENTED_EDGE('',*,*,#1982,.F.);
#2075 = ORIENTED_EDGE('',*,*,#867,.F.);
#2076 = ADVANCED_FACE('',(#2077),#855,.T.);
#2077 = FACE_BOUND('',#2078,.T.);
#2078 = EDGE_LOOP('',(#2079,#2102,#2123,#2124));
#2079 = ORIENTED_EDGE('',*,*,#2080,.T.);
#2080 = EDGE_CURVE('',#812,#2081,#2083,.T.);
#2081 = VERTEX_POINT('',#2082);
#2082 = CARTESIAN_POINT('',(102.55822753906,4.601806640625,-2.1));
#2083 = SURFACE_CURVE('',#2084,(#2088,#2095),.PCURVE_S1.);
#2084 = LINE('',#2085,#2086);
#2085 = CARTESIAN_POINT('',(102.55822753906,4.601806640625,-2.4));
#2086 = VECTOR('',#2087,1.);
#2087 = DIRECTION('',(0.,0.,1.));
#2088 = PCURVE('',#855,#2089);
#2089 = DEFINITIONAL_REPRESENTATION('',(#2090),#2094);
#2090 = LINE('',#2091,#2092);
#2091 = CARTESIAN_POINT('',(0.,0.));
#2092 = VECTOR('',#2093,1.);
#2093 = DIRECTION('',(0.,-1.));
#2094 = ( GEOMETRIC_REPRESENTATION_CONTEXT(2) 
PARAMETRIC_REPRESENTATION_CONTEXT() REPRESENTATION_CONTEXT('2D SPACE',''
  ) );
#2095 = PCURVE('',#827,#2096);
#2096 = DEFINITIONAL_REPRESENTATION('',(#2097),#2101);
#2097 = LINE('',#2098,#2099);
#2098 = CARTESIAN_POINT('',(0.79833984375,0.));
#2099 = VECTOR('',#2100,1.);
#2100 = DIRECTION('',(0.,-1.));
#2101 = ( GEOMETRIC_REPRESENTATION_CONTEXT(2) 
PARAMETRIC_REPRESENTATION_CONTEXT() REPRESENTATION_CONTEXT('2D SPACE',''
  ) );
#2102 = ORIENTED_EDGE('',*,*,#2103,.T.);
#2103 = EDGE_CURVE('',#2081,#2032,#2104,.T.);
#2104 = SURFACE_CURVE('',#2105,(#2109,#2116),.PCURVE_S1.);
#2105 = LINE('',#2106,#2107);
#2106 = CARTESIAN_POINT('',(102.55822753906,4.601806640625,-2.1));
#2107 = VECTOR('',#2108,1.);
#2108 = DIRECTION('',(0.,-1.,0.));
#2109 = PCURVE('',#855,#2110);
#2110 = DEFINITIONAL_REPRESENTATION('',(#2111),#2115);
#2111 = LINE('',#2112,#2113);
#2112 = CARTESIAN_POINT('',(0.,-0.3));
#2113 = VECTOR('',#2114,1.);
#2114 = DIRECTION('',(1.,0.));
#2115 = ( GEOMETRIC_REPRESENTATION_CONTEXT(2) 
PARAMETRIC_REPRESENTATION_CONTEXT() REPRESENTATION_CONTEXT('2D SPACE',''
  ) );
#2116 = PCURVE('',#1847,#2117);
#2117 = DEFINITIONAL_REPRESENTATION('',(#2118),#2122);
#2118 = LINE('',#2119,#2120);
#2119 = CARTESIAN_POINT('',(0.699462890625,1.46728515625));
#2120 = VECTOR('',#2121,1.);
#2121 = DIRECTION('',(0.,-1.));
#2122 = ( GEOMETRIC_REPRESENTATION_CONTEXT(2) 
PARAMETRIC_REPRESENTATION_CONTEXT() REPRESENTATION_CONTEXT('2D SPACE',''
  ) );
#2123 = ORIENTED_EDGE('',*,*,#2031,.F.);
#2124 = ORIENTED_EDGE('',*,*,#839,.F.);
#2125 = ADVANCED_FACE('',(#2126),#827,.T.);
#2126 = FACE_BOUND('',#2127,.T.);
#2127 = EDGE_LOOP('',(#2128,#2151,#2172,#2173));
#2128 = ORIENTED_EDGE('',*,*,#2129,.T.);
#2129 = EDGE_CURVE('',#784,#2130,#2132,.T.);
#2130 = VERTEX_POINT('',#2131);
#2131 = CARTESIAN_POINT('',(103.35656738281,4.601806640625,-2.1));
#2132 = SURFACE_CURVE('',#2133,(#2137,#2144),.PCURVE_S1.);
#2133 = LINE('',#2134,#2135);
#2134 = CARTESIAN_POINT('',(103.35656738281,4.601806640625,-2.4));
#2135 = VECTOR('',#2136,1.);
#2136 = DIRECTION('',(0.,0.,1.));
#2137 = PCURVE('',#827,#2138);
#2138 = DEFINITIONAL_REPRESENTATION('',(#2139),#2143);
#2139 = LINE('',#2140,#2141);
#2140 = CARTESIAN_POINT('',(0.,-0.));
#2141 = VECTOR('',#2142,1.);
#2142 = DIRECTION('',(0.,-1.));
#2143 = ( GEOMETRIC_REPRESENTATION_CONTEXT(2) 
PARAMETRIC_REPRESENTATION_CONTEXT() REPRESENTATION_CONTEXT('2D SPACE',''
  ) );
#2144 = PCURVE('',#799,#2145);
#2145 = DEFINITIONAL_REPRESENTATION('',(#2146),#2150);
#2146 = LINE('',#2147,#2148);
#2147 = CARTESIAN_POINT('',(0.355224609375,0.));
#2148 = VECTOR('',#2149,1.);
#2149 = DIRECTION('',(0.,-1.));
#2150 = ( GEOMETRIC_REPRESENTATION_CONTEXT(2) 
PARAMETRIC_REPRESENTATION_CONTEXT() REPRESENTATION_CONTEXT('2D SPACE',''
  ) );
#2151 = ORIENTED_EDGE('',*,*,#2152,.T.);
#2152 = EDGE_CURVE('',#2130,#2081,#2153,.T.);
#2153 = SURFACE_CURVE('',#2154,(#2158,#2165),.PCURVE_S1.);
#2154 = LINE('',#2155,#2156);
#2155 = CARTESIAN_POINT('',(103.35656738281,4.601806640625,-2.1));
#2156 = VECTOR('',#2157,1.);
#2157 = DIRECTION('',(-1.,0.,0.));
#2158 = PCURVE('',#827,#2159);
#2159 = DEFINITIONAL_REPRESENTATION('',(#2160),#2164);
#2160 = LINE('',#2161,#2162);
#2161 = CARTESIAN_POINT('',(0.,-0.3));
#2162 = VECTOR('',#2163,1.);
#2163 = DIRECTION('',(1.,0.));
#2164 = ( GEOMETRIC_REPRESENTATION_CONTEXT(2) 
PARAMETRIC_REPRESENTATION_CONTEXT() REPRESENTATION_CONTEXT('2D SPACE',''
  ) );
#2165 = PCURVE('',#1847,#2166);
#2166 = DEFINITIONAL_REPRESENTATION('',(#2167),#2171);
#2167 = LINE('',#2168,#2169);
#2168 = CARTESIAN_POINT('',(1.497802734375,1.46728515625));
#2169 = VECTOR('',#2170,1.);
#2170 = DIRECTION('',(-1.,0.));
#2171 = ( GEOMETRIC_REPRESENTATION_CONTEXT(2) 
PARAMETRIC_REPRESENTATION_CONTEXT() REPRESENTATION_CONTEXT('2D SPACE',''
  ) );
#2172 = ORIENTED_EDGE('',*,*,#2080,.F.);
#2173 = ORIENTED_EDGE('',*,*,#811,.F.);
#2174 = ADVANCED_FACE('',(#2175),#799,.T.);
#2175 = FACE_BOUND('',#2176,.T.);
#2176 = EDGE_LOOP('',(#2177,#2200,#2221,#2222));
#2177 = ORIENTED_EDGE('',*,*,#2178,.T.);
#2178 = EDGE_CURVE('',#756,#2179,#2181,.T.);
#2179 = VERTEX_POINT('',#2180);
#2180 = CARTESIAN_POINT('',(103.35656738281,4.95703125,-2.1));
#2181 = SURFACE_CURVE('',#2182,(#2186,#2193),.PCURVE_S1.);
#2182 = LINE('',#2183,#2184);
#2183 = CARTESIAN_POINT('',(103.35656738281,4.95703125,-2.4));
#2184 = VECTOR('',#2185,1.);
#2185 = DIRECTION('',(0.,0.,1.));
#2186 = PCURVE('',#799,#2187);
#2187 = DEFINITIONAL_REPRESENTATION('',(#2188),#2192);
#2188 = LINE('',#2189,#2190);
#2189 = CARTESIAN_POINT('',(0.,0.));
#2190 = VECTOR('',#2191,1.);
#2191 = DIRECTION('',(0.,-1.));
#2192 = ( GEOMETRIC_REPRESENTATION_CONTEXT(2) 
PARAMETRIC_REPRESENTATION_CONTEXT() REPRESENTATION_CONTEXT('2D SPACE',''
  ) );
#2193 = PCURVE('',#771,#2194);
#2194 = DEFINITIONAL_REPRESENTATION('',(#2195),#2199);
#2195 = LINE('',#2196,#2197);
#2196 = CARTESIAN_POINT('',(1.268310546875,0.));
#2197 = VECTOR('',#2198,1.);
#2198 = DIRECTION('',(0.,-1.));
#2199 = ( GEOMETRIC_REPRESENTATION_CONTEXT(2) 
PARAMETRIC_REPRESENTATION_CONTEXT() REPRESENTATION_CONTEXT('2D SPACE',''
  ) );
#2200 = ORIENTED_EDGE('',*,*,#2201,.T.);
#2201 = EDGE_CURVE('',#2179,#2130,#2202,.T.);
#2202 = SURFACE_CURVE('',#2203,(#2207,#2214),.PCURVE_S1.);
#2203 = LINE('',#2204,#2205);
#2204 = CARTESIAN_POINT('',(103.35656738281,4.95703125,-2.1));
#2205 = VECTOR('',#2206,1.);
#2206 = DIRECTION('',(0.,-1.,0.));
#2207 = PCURVE('',#799,#2208);
#2208 = DEFINITIONAL_REPRESENTATION('',(#2209),#2213);
#2209 = LINE('',#2210,#2211);
#2210 = CARTESIAN_POINT('',(0.,-0.3));
#2211 = VECTOR('',#2212,1.);
#2212 = DIRECTION('',(1.,0.));
#2213 = ( GEOMETRIC_REPRESENTATION_CONTEXT(2) 
PARAMETRIC_REPRESENTATION_CONTEXT() REPRESENTATION_CONTEXT('2D SPACE',''
  ) );
#2214 = PCURVE('',#1847,#2215);
#2215 = DEFINITIONAL_REPRESENTATION('',(#2216),#2220);
#2216 = LINE('',#2217,#2218);
#2217 = CARTESIAN_POINT('',(1.497802734375,1.822509765625));
#2218 = VECTOR('',#2219,1.);
#2219 = DIRECTION('',(0.,-1.));
#2220 = ( GEOMETRIC_REPRESENTATION_CONTEXT(2) 
PARAMETRIC_REPRESENTATION_CONTEXT() REPRESENTATION_CONTEXT('2D SPACE',''
  ) );
#2221 = ORIENTED_EDGE('',*,*,#2129,.F.);
#2222 = ORIENTED_EDGE('',*,*,#783,.F.);
#2223 = ADVANCED_FACE('',(#2224),#771,.T.);
#2224 = FACE_BOUND('',#2225,.T.);
#2225 = EDGE_LOOP('',(#2226,#2249,#2270,#2271));
#2226 = ORIENTED_EDGE('',*,*,#2227,.T.);
#2227 = EDGE_CURVE('',#728,#2228,#2230,.T.);
#2228 = VERTEX_POINT('',#2229);
#2229 = CARTESIAN_POINT('',(102.08825683593,4.95703125,-2.1));
#2230 = SURFACE_CURVE('',#2231,(#2235,#2242),.PCURVE_S1.);
#2231 = LINE('',#2232,#2233);
#2232 = CARTESIAN_POINT('',(102.08825683593,4.95703125,-2.4));
#2233 = VECTOR('',#2234,1.);
#2234 = DIRECTION('',(0.,0.,1.));
#2235 = PCURVE('',#771,#2236);
#2236 = DEFINITIONAL_REPRESENTATION('',(#2237),#2241);
#2237 = LINE('',#2238,#2239);
#2238 = CARTESIAN_POINT('',(0.,0.));
#2239 = VECTOR('',#2240,1.);
#2240 = DIRECTION('',(0.,-1.));
#2241 = ( GEOMETRIC_REPRESENTATION_CONTEXT(2) 
PARAMETRIC_REPRESENTATION_CONTEXT() REPRESENTATION_CONTEXT('2D SPACE',''
  ) );
#2242 = PCURVE('',#743,#2243);
#2243 = DEFINITIONAL_REPRESENTATION('',(#2244),#2248);
#2244 = LINE('',#2245,#2246);
#2245 = CARTESIAN_POINT('',(1.822509765625,0.));
#2246 = VECTOR('',#2247,1.);
#2247 = DIRECTION('',(0.,-1.));
#2248 = ( GEOMETRIC_REPRESENTATION_CONTEXT(2) 
PARAMETRIC_REPRESENTATION_CONTEXT() REPRESENTATION_CONTEXT('2D SPACE',''
  ) );
#2249 = ORIENTED_EDGE('',*,*,#2250,.T.);
#2250 = EDGE_CURVE('',#2228,#2179,#2251,.T.);
#2251 = SURFACE_CURVE('',#2252,(#2256,#2263),.PCURVE_S1.);
#2252 = LINE('',#2253,#2254);
#2253 = CARTESIAN_POINT('',(102.08825683593,4.95703125,-2.1));
#2254 = VECTOR('',#2255,1.);
#2255 = DIRECTION('',(1.,0.,0.));
#2256 = PCURVE('',#771,#2257);
#2257 = DEFINITIONAL_REPRESENTATION('',(#2258),#2262);
#2258 = LINE('',#2259,#2260);
#2259 = CARTESIAN_POINT('',(0.,-0.3));
#2260 = VECTOR('',#2261,1.);
#2261 = DIRECTION('',(1.,0.));
#2262 = ( GEOMETRIC_REPRESENTATION_CONTEXT(2) 
PARAMETRIC_REPRESENTATION_CONTEXT() REPRESENTATION_CONTEXT('2D SPACE',''
  ) );
#2263 = PCURVE('',#1847,#2264);
#2264 = DEFINITIONAL_REPRESENTATION('',(#2265),#2269);
#2265 = LINE('',#2266,#2267);
#2266 = CARTESIAN_POINT('',(0.2294921875,1.822509765625));
#2267 = VECTOR('',#2268,1.);
#2268 = DIRECTION('',(1.,0.));
#2269 = ( GEOMETRIC_REPRESENTATION_CONTEXT(2) 
PARAMETRIC_REPRESENTATION_CONTEXT() REPRESENTATION_CONTEXT('2D SPACE',''
  ) );
#2270 = ORIENTED_EDGE('',*,*,#2178,.F.);
#2271 = ORIENTED_EDGE('',*,*,#755,.F.);
#2272 = ADVANCED_FACE('',(#2273),#743,.T.);
#2273 = FACE_BOUND('',#2274,.T.);
#2274 = EDGE_LOOP('',(#2275,#2276,#2297,#2298));
#2275 = ORIENTED_EDGE('',*,*,#1859,.T.);
#2276 = ORIENTED_EDGE('',*,*,#2277,.T.);
#2277 = EDGE_CURVE('',#1832,#2228,#2278,.T.);
#2278 = SURFACE_CURVE('',#2279,(#2283,#2290),.PCURVE_S1.);
#2279 = LINE('',#2280,#2281);
#2280 = CARTESIAN_POINT('',(102.08825683593,3.134521484375,-2.1));
#2281 = VECTOR('',#2282,1.);
#2282 = DIRECTION('',(0.,1.,0.));
#2283 = PCURVE('',#743,#2284);
#2284 = DEFINITIONAL_REPRESENTATION('',(#2285),#2289);
#2285 = LINE('',#2286,#2287);
#2286 = CARTESIAN_POINT('',(0.,-0.3));
#2287 = VECTOR('',#2288,1.);
#2288 = DIRECTION('',(1.,0.));
#2289 = ( GEOMETRIC_REPRESENTATION_CONTEXT(2) 
PARAMETRIC_REPRESENTATION_CONTEXT() REPRESENTATION_CONTEXT('2D SPACE',''
  ) );
#2290 = PCURVE('',#1847,#2291);
#2291 = DEFINITIONAL_REPRESENTATION('',(#2292),#2296);
#2292 = LINE('',#2293,#2294);
#2293 = CARTESIAN_POINT('',(0.2294921875,0.));
#2294 = VECTOR('',#2295,1.);
#2295 = DIRECTION('',(0.,1.));
#2296 = ( GEOMETRIC_REPRESENTATION_CONTEXT(2) 
PARAMETRIC_REPRESENTATION_CONTEXT() REPRESENTATION_CONTEXT('2D SPACE',''
  ) );
#2297 = ORIENTED_EDGE('',*,*,#2227,.F.);
#2298 = ORIENTED_EDGE('',*,*,#727,.F.);
#2299 = ADVANCED_FACE('',(#2300),#1102,.T.);
#2300 = FACE_BOUND('',#2301,.F.);
#2301 = EDGE_LOOP('',(#2302,#2303,#2304,#2305,#2306,#2307));
#2302 = ORIENTED_EDGE('',*,*,#1336,.T.);
#2303 = ORIENTED_EDGE('',*,*,#1309,.T.);
#2304 = ORIENTED_EDGE('',*,*,#1260,.T.);
#2305 = ORIENTED_EDGE('',*,*,#1211,.T.);
#2306 = ORIENTED_EDGE('',*,*,#1162,.T.);
#2307 = ORIENTED_EDGE('',*,*,#1086,.T.);
#2308 = ADVANCED_FACE('',(#2309,#2320),#1401,.T.);
#2309 = FACE_BOUND('',#2310,.F.);
#2310 = EDGE_LOOP('',(#2311,#2312,#2313,#2314,#2315,#2316,#2317,#2318,
    #2319));
#2311 = ORIENTED_EDGE('',*,*,#1782,.T.);
#2312 = ORIENTED_EDGE('',*,*,#1755,.T.);
#2313 = ORIENTED_EDGE('',*,*,#1706,.T.);
#2314 = ORIENTED_EDGE('',*,*,#1657,.T.);
#2315 = ORIENTED_EDGE('',*,*,#1608,.T.);
#2316 = ORIENTED_EDGE('',*,*,#1559,.T.);
#2317 = ORIENTED_EDGE('',*,*,#1510,.T.);
#2318 = ORIENTED_EDGE('',*,*,#1461,.T.);
#2319 = ORIENTED_EDGE('',*,*,#1385,.T.);
#2320 = FACE_BOUND('',#2321,.F.);
#2321 = EDGE_LOOP('',(#2322,#2352,#2380,#2408,#2438,#2468,#2498));
#2322 = ORIENTED_EDGE('',*,*,#2323,.T.);
#2323 = EDGE_CURVE('',#2324,#2326,#2328,.T.);
#2324 = VERTEX_POINT('',#2325);
#2325 = CARTESIAN_POINT('',(100.98596191406,4.616455078125,-2.1));
#2326 = VERTEX_POINT('',#2327);
#2327 = CARTESIAN_POINT('',(100.72595214843,4.616455078125,-2.1));
#2328 = SURFACE_CURVE('',#2329,(#2333,#2340),.PCURVE_S1.);
#2329 = LINE('',#2330,#2331);
#2330 = CARTESIAN_POINT('',(100.98596191406,4.616455078125,-2.1));
#2331 = VECTOR('',#2332,1.);
#2332 = DIRECTION('',(-1.,0.,0.));
#2333 = PCURVE('',#1401,#2334);
#2334 = DEFINITIONAL_REPRESENTATION('',(#2335),#2339);
#2335 = LINE('',#2336,#2337);
#2336 = CARTESIAN_POINT('',(0.95947265625,1.48193359375));
#2337 = VECTOR('',#2338,1.);
#2338 = DIRECTION('',(-1.,0.));
#2339 = ( GEOMETRIC_REPRESENTATION_CONTEXT(2) 
PARAMETRIC_REPRESENTATION_CONTEXT() REPRESENTATION_CONTEXT('2D SPACE',''
  ) );
#2340 = PCURVE('',#2341,#2346);
#2341 = PLANE('',#2342);
#2342 = AXIS2_PLACEMENT_3D('',#2343,#2344,#2345);
#2343 = CARTESIAN_POINT('',(100.98596191406,4.616455078125,-2.4));
#2344 = DIRECTION('',(0.,-1.,0.));
#2345 = DIRECTION('',(-1.,0.,0.));
#2346 = DEFINITIONAL_REPRESENTATION('',(#2347),#2351);
#2347 = LINE('',#2348,#2349);
#2348 = CARTESIAN_POINT('',(0.,-0.3));
#2349 = VECTOR('',#2350,1.);
#2350 = DIRECTION('',(1.,0.));
#2351 = ( GEOMETRIC_REPRESENTATION_CONTEXT(2) 
PARAMETRIC_REPRESENTATION_CONTEXT() REPRESENTATION_CONTEXT('2D SPACE',''
  ) );
#2352 = ORIENTED_EDGE('',*,*,#2353,.T.);
#2353 = EDGE_CURVE('',#2326,#2354,#2356,.T.);
#2354 = VERTEX_POINT('',#2355);
#2355 = CARTESIAN_POINT('',(100.72595214843,4.107421875,-2.1));
#2356 = SURFACE_CURVE('',#2357,(#2361,#2368),.PCURVE_S1.);
#2357 = LINE('',#2358,#2359);
#2358 = CARTESIAN_POINT('',(100.72595214843,4.616455078125,-2.1));
#2359 = VECTOR('',#2360,1.);
#2360 = DIRECTION('',(0.,-1.,0.));
#2361 = PCURVE('',#1401,#2362);
#2362 = DEFINITIONAL_REPRESENTATION('',(#2363),#2367);
#2363 = LINE('',#2364,#2365);
#2364 = CARTESIAN_POINT('',(0.699462890625,1.48193359375));
#2365 = VECTOR('',#2366,1.);
#2366 = DIRECTION('',(0.,-1.));
#2367 = ( GEOMETRIC_REPRESENTATION_CONTEXT(2) 
PARAMETRIC_REPRESENTATION_CONTEXT() REPRESENTATION_CONTEXT('2D SPACE',''
  ) );
#2368 = PCURVE('',#2369,#2374);
#2369 = PLANE('',#2370);
#2370 = AXIS2_PLACEMENT_3D('',#2371,#2372,#2373);
#2371 = CARTESIAN_POINT('',(100.72595214843,4.616455078125,-2.4));
#2372 = DIRECTION('',(1.,0.,0.));
#2373 = DIRECTION('',(0.,-1.,0.));
#2374 = DEFINITIONAL_REPRESENTATION('',(#2375),#2379);
#2375 = LINE('',#2376,#2377);
#2376 = CARTESIAN_POINT('',(0.,-0.3));
#2377 = VECTOR('',#2378,1.);
#2378 = DIRECTION('',(1.,0.));
#2379 = ( GEOMETRIC_REPRESENTATION_CONTEXT(2) 
PARAMETRIC_REPRESENTATION_CONTEXT() REPRESENTATION_CONTEXT('2D SPACE',''
  ) );
#2380 = ORIENTED_EDGE('',*,*,#2381,.T.);
#2381 = EDGE_CURVE('',#2354,#2382,#2384,.T.);
#2382 = VERTEX_POINT('',#2383);
#2383 = CARTESIAN_POINT('',(100.98596191406,4.107421875,-2.1));
#2384 = SURFACE_CURVE('',#2385,(#2389,#2396),.PCURVE_S1.);
#2385 = LINE('',#2386,#2387);
#2386 = CARTESIAN_POINT('',(100.72595214843,4.107421875,-2.1));
#2387 = VECTOR('',#2388,1.);
#2388 = DIRECTION('',(1.,0.,0.));
#2389 = PCURVE('',#1401,#2390);
#2390 = DEFINITIONAL_REPRESENTATION('',(#2391),#2395);
#2391 = LINE('',#2392,#2393);
#2392 = CARTESIAN_POINT('',(0.699462890625,0.972900390625));
#2393 = VECTOR('',#2394,1.);
#2394 = DIRECTION('',(1.,0.));
#2395 = ( GEOMETRIC_REPRESENTATION_CONTEXT(2) 
PARAMETRIC_REPRESENTATION_CONTEXT() REPRESENTATION_CONTEXT('2D SPACE',''
  ) );
#2396 = PCURVE('',#2397,#2402);
#2397 = PLANE('',#2398);
#2398 = AXIS2_PLACEMENT_3D('',#2399,#2400,#2401);
#2399 = CARTESIAN_POINT('',(100.72595214843,4.107421875,-2.4));
#2400 = DIRECTION('',(0.,1.,0.));
#2401 = DIRECTION('',(1.,0.,0.));
#2402 = DEFINITIONAL_REPRESENTATION('',(#2403),#2407);
#2403 = LINE('',#2404,#2405);
#2404 = CARTESIAN_POINT('',(0.,-0.3));
#2405 = VECTOR('',#2406,1.);
#2406 = DIRECTION('',(1.,0.));
#2407 = ( GEOMETRIC_REPRESENTATION_CONTEXT(2) 
PARAMETRIC_REPRESENTATION_CONTEXT() REPRESENTATION_CONTEXT('2D SPACE',''
  ) );
#2408 = ORIENTED_EDGE('',*,*,#2409,.T.);
#2409 = EDGE_CURVE('',#2382,#2410,#2412,.T.);
#2410 = VERTEX_POINT('',#2411);
#2411 = CARTESIAN_POINT('',(101.19714355468,4.173950195312,-2.1));
#2412 = SURFACE_CURVE('',#2413,(#2417,#2424),.PCURVE_S1.);
#2413 = B_SPLINE_CURVE_WITH_KNOTS('',2,(#2414,#2415,#2416),
  .UNSPECIFIED.,.F.,.F.,(3,3),(0.,1.),.PIECEWISE_BEZIER_KNOTS.);
#2414 = CARTESIAN_POINT('',(100.98596191406,4.107421875,-2.1));
#2415 = CARTESIAN_POINT('',(101.12268066406,4.107421875,-2.1));
#2416 = CARTESIAN_POINT('',(101.19714355468,4.173950195312,-2.1));
#2417 = PCURVE('',#1401,#2418);
#2418 = DEFINITIONAL_REPRESENTATION('',(#2419),#2423);
#2419 = B_SPLINE_CURVE_WITH_KNOTS('',2,(#2420,#2421,#2422),
  .UNSPECIFIED.,.F.,.F.,(3,3),(0.,1.),.PIECEWISE_BEZIER_KNOTS.);
#2420 = CARTESIAN_POINT('',(0.95947265625,0.972900390625));
#2421 = CARTESIAN_POINT('',(1.09619140625,0.972900390625));
#2422 = CARTESIAN_POINT('',(1.170654296875,1.039428710938));
#2423 = ( GEOMETRIC_REPRESENTATION_CONTEXT(2) 
PARAMETRIC_REPRESENTATION_CONTEXT() REPRESENTATION_CONTEXT('2D SPACE',''
  ) );
#2424 = PCURVE('',#2425,#2432);
#2425 = SURFACE_OF_LINEAR_EXTRUSION('',#2426,#2430);
#2426 = B_SPLINE_CURVE_WITH_KNOTS('',2,(#2427,#2428,#2429),
  .UNSPECIFIED.,.F.,.F.,(3,3),(0.,1.),.PIECEWISE_BEZIER_KNOTS.);
#2427 = CARTESIAN_POINT('',(100.98596191406,4.107421875,-2.4));
#2428 = CARTESIAN_POINT('',(101.12268066406,4.107421875,-2.4));
#2429 = CARTESIAN_POINT('',(101.19714355468,4.173950195312,-2.4));
#2430 = VECTOR('',#2431,1.);
#2431 = DIRECTION('',(-0.,-0.,-1.));
#2432 = DEFINITIONAL_REPRESENTATION('',(#2433),#2437);
#2433 = LINE('',#2434,#2435);
#2434 = CARTESIAN_POINT('',(0.,-0.3));
#2435 = VECTOR('',#2436,1.);
#2436 = DIRECTION('',(1.,0.));
#2437 = ( GEOMETRIC_REPRESENTATION_CONTEXT(2) 
PARAMETRIC_REPRESENTATION_CONTEXT() REPRESENTATION_CONTEXT('2D SPACE',''
  ) );
#2438 = ORIENTED_EDGE('',*,*,#2439,.T.);
#2439 = EDGE_CURVE('',#2410,#2440,#2442,.T.);
#2440 = VERTEX_POINT('',#2441);
#2441 = CARTESIAN_POINT('',(101.27160644531,4.362548828125,-2.1));
#2442 = SURFACE_CURVE('',#2443,(#2447,#2454),.PCURVE_S1.);
#2443 = B_SPLINE_CURVE_WITH_KNOTS('',2,(#2444,#2445,#2446),
  .UNSPECIFIED.,.F.,.F.,(3,3),(0.,1.),.PIECEWISE_BEZIER_KNOTS.);
#2444 = CARTESIAN_POINT('',(101.19714355468,4.173950195312,-2.1));
#2445 = CARTESIAN_POINT('',(101.27160644531,4.240478515625,-2.1));
#2446 = CARTESIAN_POINT('',(101.27160644531,4.362548828125,-2.1));
#2447 = PCURVE('',#1401,#2448);
#2448 = DEFINITIONAL_REPRESENTATION('',(#2449),#2453);
#2449 = B_SPLINE_CURVE_WITH_KNOTS('',2,(#2450,#2451,#2452),
  .UNSPECIFIED.,.F.,.F.,(3,3),(0.,1.),.PIECEWISE_BEZIER_KNOTS.);
#2450 = CARTESIAN_POINT('',(1.170654296875,1.039428710938));
#2451 = CARTESIAN_POINT('',(1.2451171875,1.10595703125));
#2452 = CARTESIAN_POINT('',(1.2451171875,1.22802734375));
#2453 = ( GEOMETRIC_REPRESENTATION_CONTEXT(2) 
PARAMETRIC_REPRESENTATION_CONTEXT() REPRESENTATION_CONTEXT('2D SPACE',''
  ) );
#2454 = PCURVE('',#2455,#2462);
#2455 = SURFACE_OF_LINEAR_EXTRUSION('',#2456,#2460);
#2456 = B_SPLINE_CURVE_WITH_KNOTS('',2,(#2457,#2458,#2459),
  .UNSPECIFIED.,.F.,.F.,(3,3),(0.,1.),.PIECEWISE_BEZIER_KNOTS.);
#2457 = CARTESIAN_POINT('',(101.19714355468,4.173950195312,-2.4));
#2458 = CARTESIAN_POINT('',(101.27160644531,4.240478515625,-2.4));
#2459 = CARTESIAN_POINT('',(101.27160644531,4.362548828125,-2.4));
#2460 = VECTOR('',#2461,1.);
#2461 = DIRECTION('',(-0.,-0.,-1.));
#2462 = DEFINITIONAL_REPRESENTATION('',(#2463),#2467);
#2463 = LINE('',#2464,#2465);
#2464 = CARTESIAN_POINT('',(0.,-0.3));
#2465 = VECTOR('',#2466,1.);
#2466 = DIRECTION('',(1.,0.));
#2467 = ( GEOMETRIC_REPRESENTATION_CONTEXT(2) 
PARAMETRIC_REPRESENTATION_CONTEXT() REPRESENTATION_CONTEXT('2D SPACE',''
  ) );
#2468 = ORIENTED_EDGE('',*,*,#2469,.T.);
#2469 = EDGE_CURVE('',#2440,#2470,#2472,.T.);
#2470 = VERTEX_POINT('',#2471);
#2471 = CARTESIAN_POINT('',(101.19714355468,4.550537109375,-2.1));
#2472 = SURFACE_CURVE('',#2473,(#2477,#2484),.PCURVE_S1.);
#2473 = B_SPLINE_CURVE_WITH_KNOTS('',2,(#2474,#2475,#2476),
  .UNSPECIFIED.,.F.,.F.,(3,3),(0.,1.),.PIECEWISE_BEZIER_KNOTS.);
#2474 = CARTESIAN_POINT('',(101.27160644531,4.362548828125,-2.1));
#2475 = CARTESIAN_POINT('',(101.27160644531,4.484619140625,-2.1));
#2476 = CARTESIAN_POINT('',(101.19714355468,4.550537109375,-2.1));
#2477 = PCURVE('',#1401,#2478);
#2478 = DEFINITIONAL_REPRESENTATION('',(#2479),#2483);
#2479 = B_SPLINE_CURVE_WITH_KNOTS('',2,(#2480,#2481,#2482),
  .UNSPECIFIED.,.F.,.F.,(3,3),(0.,1.),.PIECEWISE_BEZIER_KNOTS.);
#2480 = CARTESIAN_POINT('',(1.2451171875,1.22802734375));
#2481 = CARTESIAN_POINT('',(1.2451171875,1.35009765625));
#2482 = CARTESIAN_POINT('',(1.170654296875,1.416015625));
#2483 = ( GEOMETRIC_REPRESENTATION_CONTEXT(2) 
PARAMETRIC_REPRESENTATION_CONTEXT() REPRESENTATION_CONTEXT('2D SPACE',''
  ) );
#2484 = PCURVE('',#2485,#2492);
#2485 = SURFACE_OF_LINEAR_EXTRUSION('',#2486,#2490);
#2486 = B_SPLINE_CURVE_WITH_KNOTS('',2,(#2487,#2488,#2489),
  .UNSPECIFIED.,.F.,.F.,(3,3),(0.,1.),.PIECEWISE_BEZIER_KNOTS.);
#2487 = CARTESIAN_POINT('',(101.27160644531,4.362548828125,-2.4));
#2488 = CARTESIAN_POINT('',(101.27160644531,4.484619140625,-2.4));
#2489 = CARTESIAN_POINT('',(101.19714355468,4.550537109375,-2.4));
#2490 = VECTOR('',#2491,1.);
#2491 = DIRECTION('',(-0.,-0.,-1.));
#2492 = DEFINITIONAL_REPRESENTATION('',(#2493),#2497);
#2493 = LINE('',#2494,#2495);
#2494 = CARTESIAN_POINT('',(0.,-0.3));
#2495 = VECTOR('',#2496,1.);
#2496 = DIRECTION('',(1.,0.));
#2497 = ( GEOMETRIC_REPRESENTATION_CONTEXT(2) 
PARAMETRIC_REPRESENTATION_CONTEXT() REPRESENTATION_CONTEXT('2D SPACE',''
  ) );
#2498 = ORIENTED_EDGE('',*,*,#2499,.T.);
#2499 = EDGE_CURVE('',#2470,#2324,#2500,.T.);
#2500 = SURFACE_CURVE('',#2501,(#2505,#2512),.PCURVE_S1.);
#2501 = B_SPLINE_CURVE_WITH_KNOTS('',2,(#2502,#2503,#2504),
  .UNSPECIFIED.,.F.,.F.,(3,3),(0.,1.),.PIECEWISE_BEZIER_KNOTS.);
#2502 = CARTESIAN_POINT('',(101.19714355468,4.550537109375,-2.1));
#2503 = CARTESIAN_POINT('',(101.12268066406,4.616455078125,-2.1));
#2504 = CARTESIAN_POINT('',(100.98596191406,4.616455078125,-2.1));
#2505 = PCURVE('',#1401,#2506);
#2506 = DEFINITIONAL_REPRESENTATION('',(#2507),#2511);
#2507 = B_SPLINE_CURVE_WITH_KNOTS('',2,(#2508,#2509,#2510),
  .UNSPECIFIED.,.F.,.F.,(3,3),(0.,1.),.PIECEWISE_BEZIER_KNOTS.);
#2508 = CARTESIAN_POINT('',(1.170654296875,1.416015625));
#2509 = CARTESIAN_POINT('',(1.09619140625,1.48193359375));
#2510 = CARTESIAN_POINT('',(0.95947265625,1.48193359375));
#2511 = ( GEOMETRIC_REPRESENTATION_CONTEXT(2) 
PARAMETRIC_REPRESENTATION_CONTEXT() REPRESENTATION_CONTEXT('2D SPACE',''
  ) );
#2512 = PCURVE('',#2513,#2520);
#2513 = SURFACE_OF_LINEAR_EXTRUSION('',#2514,#2518);
#2514 = B_SPLINE_CURVE_WITH_KNOTS('',2,(#2515,#2516,#2517),
  .UNSPECIFIED.,.F.,.F.,(3,3),(0.,1.),.PIECEWISE_BEZIER_KNOTS.);
#2515 = CARTESIAN_POINT('',(101.19714355468,4.550537109375,-2.4));
#2516 = CARTESIAN_POINT('',(101.12268066406,4.616455078125,-2.4));
#2517 = CARTESIAN_POINT('',(100.98596191406,4.616455078125,-2.4));
#2518 = VECTOR('',#2519,1.);
#2519 = DIRECTION('',(-0.,-0.,-1.));
#2520 = DEFINITIONAL_REPRESENTATION('',(#2521),#2525);
#2521 = LINE('',#2522,#2523);
#2522 = CARTESIAN_POINT('',(0.,-0.3));
#2523 = VECTOR('',#2524,1.);
#2524 = DIRECTION('',(1.,0.));
#2525 = ( GEOMETRIC_REPRESENTATION_CONTEXT(2) 
PARAMETRIC_REPRESENTATION_CONTEXT() REPRESENTATION_CONTEXT('2D SPACE',''
  ) );
#2526 = ADVANCED_FACE('',(#2527),#1847,.T.);
#2527 = FACE_BOUND('',#2528,.F.);
#2528 = EDGE_LOOP('',(#2529,#2530,#2531,#2532,#2533,#2534,#2535,#2536,
    #2537,#2538));
#2529 = ORIENTED_EDGE('',*,*,#2277,.T.);
#2530 = ORIENTED_EDGE('',*,*,#2250,.T.);
#2531 = ORIENTED_EDGE('',*,*,#2201,.T.);
#2532 = ORIENTED_EDGE('',*,*,#2152,.T.);
#2533 = ORIENTED_EDGE('',*,*,#2103,.T.);
#2534 = ORIENTED_EDGE('',*,*,#2054,.T.);
#2535 = ORIENTED_EDGE('',*,*,#2005,.T.);
#2536 = ORIENTED_EDGE('',*,*,#1956,.T.);
#2537 = ORIENTED_EDGE('',*,*,#1907,.T.);
#2538 = ORIENTED_EDGE('',*,*,#1831,.T.);
#2539 = ADVANCED_FACE('',(#2540),#2341,.T.);
#2540 = FACE_BOUND('',#2541,.T.);
#2541 = EDGE_LOOP('',(#2542,#2565,#2566,#2589));
#2542 = ORIENTED_EDGE('',*,*,#2543,.T.);
#2543 = EDGE_CURVE('',#2544,#2324,#2546,.T.);
#2544 = VERTEX_POINT('',#2545);
#2545 = CARTESIAN_POINT('',(100.98596191406,4.616455078125,-2.4));
#2546 = SURFACE_CURVE('',#2547,(#2551,#2558),.PCURVE_S1.);
#2547 = LINE('',#2548,#2549);
#2548 = CARTESIAN_POINT('',(100.98596191406,4.616455078125,-2.4));
#2549 = VECTOR('',#2550,1.);
#2550 = DIRECTION('',(0.,0.,1.));
#2551 = PCURVE('',#2341,#2552);
#2552 = DEFINITIONAL_REPRESENTATION('',(#2553),#2557);
#2553 = LINE('',#2554,#2555);
#2554 = CARTESIAN_POINT('',(0.,-0.));
#2555 = VECTOR('',#2556,1.);
#2556 = DIRECTION('',(0.,-1.));
#2557 = ( GEOMETRIC_REPRESENTATION_CONTEXT(2) 
PARAMETRIC_REPRESENTATION_CONTEXT() REPRESENTATION_CONTEXT('2D SPACE',''
  ) );
#2558 = PCURVE('',#2513,#2559);
#2559 = DEFINITIONAL_REPRESENTATION('',(#2560),#2564);
#2560 = LINE('',#2561,#2562);
#2561 = CARTESIAN_POINT('',(1.,0.));
#2562 = VECTOR('',#2563,1.);
#2563 = DIRECTION('',(0.,-1.));
#2564 = ( GEOMETRIC_REPRESENTATION_CONTEXT(2) 
PARAMETRIC_REPRESENTATION_CONTEXT() REPRESENTATION_CONTEXT('2D SPACE',''
  ) );
#2565 = ORIENTED_EDGE('',*,*,#2323,.T.);
#2566 = ORIENTED_EDGE('',*,*,#2567,.F.);
#2567 = EDGE_CURVE('',#2568,#2326,#2570,.T.);
#2568 = VERTEX_POINT('',#2569);
#2569 = CARTESIAN_POINT('',(100.72595214843,4.616455078125,-2.4));
#2570 = SURFACE_CURVE('',#2571,(#2575,#2582),.PCURVE_S1.);
#2571 = LINE('',#2572,#2573);
#2572 = CARTESIAN_POINT('',(100.72595214843,4.616455078125,-2.4));
#2573 = VECTOR('',#2574,1.);
#2574 = DIRECTION('',(0.,0.,1.));
#2575 = PCURVE('',#2341,#2576);
#2576 = DEFINITIONAL_REPRESENTATION('',(#2577),#2581);
#2577 = LINE('',#2578,#2579);
#2578 = CARTESIAN_POINT('',(0.260009765625,0.));
#2579 = VECTOR('',#2580,1.);
#2580 = DIRECTION('',(0.,-1.));
#2581 = ( GEOMETRIC_REPRESENTATION_CONTEXT(2) 
PARAMETRIC_REPRESENTATION_CONTEXT() REPRESENTATION_CONTEXT('2D SPACE',''
  ) );
#2582 = PCURVE('',#2369,#2583);
#2583 = DEFINITIONAL_REPRESENTATION('',(#2584),#2588);
#2584 = LINE('',#2585,#2586);
#2585 = CARTESIAN_POINT('',(0.,0.));
#2586 = VECTOR('',#2587,1.);
#2587 = DIRECTION('',(0.,-1.));
#2588 = ( GEOMETRIC_REPRESENTATION_CONTEXT(2) 
PARAMETRIC_REPRESENTATION_CONTEXT() REPRESENTATION_CONTEXT('2D SPACE',''
  ) );
#2589 = ORIENTED_EDGE('',*,*,#2590,.F.);
#2590 = EDGE_CURVE('',#2544,#2568,#2591,.T.);
#2591 = SURFACE_CURVE('',#2592,(#2596,#2603),.PCURVE_S1.);
#2592 = LINE('',#2593,#2594);
#2593 = CARTESIAN_POINT('',(100.98596191406,4.616455078125,-2.4));
#2594 = VECTOR('',#2595,1.);
#2595 = DIRECTION('',(-1.,0.,0.));
#2596 = PCURVE('',#2341,#2597);
#2597 = DEFINITIONAL_REPRESENTATION('',(#2598),#2602);
#2598 = LINE('',#2599,#2600);
#2599 = CARTESIAN_POINT('',(0.,-0.));
#2600 = VECTOR('',#2601,1.);
#2601 = DIRECTION('',(1.,0.));
#2602 = ( GEOMETRIC_REPRESENTATION_CONTEXT(2) 
PARAMETRIC_REPRESENTATION_CONTEXT() REPRESENTATION_CONTEXT('2D SPACE',''
  ) );
#2603 = PCURVE('',#2604,#2609);
#2604 = PLANE('',#2605);
#2605 = AXIS2_PLACEMENT_3D('',#2606,#2607,#2608);
#2606 = CARTESIAN_POINT('',(95.,-4.,-2.4));
#2607 = DIRECTION('',(0.,0.,1.));
#2608 = DIRECTION('',(1.,0.,0.));
#2609 = DEFINITIONAL_REPRESENTATION('',(#2610),#2614);
#2610 = LINE('',#2611,#2612);
#2611 = CARTESIAN_POINT('',(5.985961914062,8.616455078125));
#2612 = VECTOR('',#2613,1.);
#2613 = DIRECTION('',(-1.,0.));
#2614 = ( GEOMETRIC_REPRESENTATION_CONTEXT(2) 
PARAMETRIC_REPRESENTATION_CONTEXT() REPRESENTATION_CONTEXT('2D SPACE',''
  ) );
#2615 = ADVANCED_FACE('',(#2616),#2369,.T.);
#2616 = FACE_BOUND('',#2617,.T.);
#2617 = EDGE_LOOP('',(#2618,#2619,#2620,#2643));
#2618 = ORIENTED_EDGE('',*,*,#2567,.T.);
#2619 = ORIENTED_EDGE('',*,*,#2353,.T.);
#2620 = ORIENTED_EDGE('',*,*,#2621,.F.);
#2621 = EDGE_CURVE('',#2622,#2354,#2624,.T.);
#2622 = VERTEX_POINT('',#2623);
#2623 = CARTESIAN_POINT('',(100.72595214843,4.107421875,-2.4));
#2624 = SURFACE_CURVE('',#2625,(#2629,#2636),.PCURVE_S1.);
#2625 = LINE('',#2626,#2627);
#2626 = CARTESIAN_POINT('',(100.72595214843,4.107421875,-2.4));
#2627 = VECTOR('',#2628,1.);
#2628 = DIRECTION('',(0.,0.,1.));
#2629 = PCURVE('',#2369,#2630);
#2630 = DEFINITIONAL_REPRESENTATION('',(#2631),#2635);
#2631 = LINE('',#2632,#2633);
#2632 = CARTESIAN_POINT('',(0.509033203125,0.));
#2633 = VECTOR('',#2634,1.);
#2634 = DIRECTION('',(0.,-1.));
#2635 = ( GEOMETRIC_REPRESENTATION_CONTEXT(2) 
PARAMETRIC_REPRESENTATION_CONTEXT() REPRESENTATION_CONTEXT('2D SPACE',''
  ) );
#2636 = PCURVE('',#2397,#2637);
#2637 = DEFINITIONAL_REPRESENTATION('',(#2638),#2642);
#2638 = LINE('',#2639,#2640);
#2639 = CARTESIAN_POINT('',(0.,0.));
#2640 = VECTOR('',#2641,1.);
#2641 = DIRECTION('',(0.,-1.));
#2642 = ( GEOMETRIC_REPRESENTATION_CONTEXT(2) 
PARAMETRIC_REPRESENTATION_CONTEXT() REPRESENTATION_CONTEXT('2D SPACE',''
  ) );
#2643 = ORIENTED_EDGE('',*,*,#2644,.F.);
#2644 = EDGE_CURVE('',#2568,#2622,#2645,.T.);
#2645 = SURFACE_CURVE('',#2646,(#2650,#2657),.PCURVE_S1.);
#2646 = LINE('',#2647,#2648);
#2647 = CARTESIAN_POINT('',(100.72595214843,4.616455078125,-2.4));
#2648 = VECTOR('',#2649,1.);
#2649 = DIRECTION('',(0.,-1.,0.));
#2650 = PCURVE('',#2369,#2651);
#2651 = DEFINITIONAL_REPRESENTATION('',(#2652),#2656);
#2652 = LINE('',#2653,#2654);
#2653 = CARTESIAN_POINT('',(0.,0.));
#2654 = VECTOR('',#2655,1.);
#2655 = DIRECTION('',(1.,0.));
#2656 = ( GEOMETRIC_REPRESENTATION_CONTEXT(2) 
PARAMETRIC_REPRESENTATION_CONTEXT() REPRESENTATION_CONTEXT('2D SPACE',''
  ) );
#2657 = PCURVE('',#2604,#2658);
#2658 = DEFINITIONAL_REPRESENTATION('',(#2659),#2663);
#2659 = LINE('',#2660,#2661);
#2660 = CARTESIAN_POINT('',(5.725952148438,8.616455078125));
#2661 = VECTOR('',#2662,1.);
#2662 = DIRECTION('',(0.,-1.));
#2663 = ( GEOMETRIC_REPRESENTATION_CONTEXT(2) 
PARAMETRIC_REPRESENTATION_CONTEXT() REPRESENTATION_CONTEXT('2D SPACE',''
  ) );
#2664 = ADVANCED_FACE('',(#2665),#2397,.T.);
#2665 = FACE_BOUND('',#2666,.T.);
#2666 = EDGE_LOOP('',(#2667,#2668,#2669,#2692));
#2667 = ORIENTED_EDGE('',*,*,#2621,.T.);
#2668 = ORIENTED_EDGE('',*,*,#2381,.T.);
#2669 = ORIENTED_EDGE('',*,*,#2670,.F.);
#2670 = EDGE_CURVE('',#2671,#2382,#2673,.T.);
#2671 = VERTEX_POINT('',#2672);
#2672 = CARTESIAN_POINT('',(100.98596191406,4.107421875,-2.4));
#2673 = SURFACE_CURVE('',#2674,(#2678,#2685),.PCURVE_S1.);
#2674 = LINE('',#2675,#2676);
#2675 = CARTESIAN_POINT('',(100.98596191406,4.107421875,-2.4));
#2676 = VECTOR('',#2677,1.);
#2677 = DIRECTION('',(0.,0.,1.));
#2678 = PCURVE('',#2397,#2679);
#2679 = DEFINITIONAL_REPRESENTATION('',(#2680),#2684);
#2680 = LINE('',#2681,#2682);
#2681 = CARTESIAN_POINT('',(0.260009765625,0.));
#2682 = VECTOR('',#2683,1.);
#2683 = DIRECTION('',(0.,-1.));
#2684 = ( GEOMETRIC_REPRESENTATION_CONTEXT(2) 
PARAMETRIC_REPRESENTATION_CONTEXT() REPRESENTATION_CONTEXT('2D SPACE',''
  ) );
#2685 = PCURVE('',#2425,#2686);
#2686 = DEFINITIONAL_REPRESENTATION('',(#2687),#2691);
#2687 = LINE('',#2688,#2689);
#2688 = CARTESIAN_POINT('',(0.,0.));
#2689 = VECTOR('',#2690,1.);
#2690 = DIRECTION('',(0.,-1.));
#2691 = ( GEOMETRIC_REPRESENTATION_CONTEXT(2) 
PARAMETRIC_REPRESENTATION_CONTEXT() REPRESENTATION_CONTEXT('2D SPACE',''
  ) );
#2692 = ORIENTED_EDGE('',*,*,#2693,.F.);
#2693 = EDGE_CURVE('',#2622,#2671,#2694,.T.);
#2694 = SURFACE_CURVE('',#2695,(#2699,#2706),.PCURVE_S1.);
#2695 = LINE('',#2696,#2697);
#2696 = CARTESIAN_POINT('',(100.72595214843,4.107421875,-2.4));
#2697 = VECTOR('',#2698,1.);
#2698 = DIRECTION('',(1.,0.,0.));
#2699 = PCURVE('',#2397,#2700);
#2700 = DEFINITIONAL_REPRESENTATION('',(#2701),#2705);
#2701 = LINE('',#2702,#2703);
#2702 = CARTESIAN_POINT('',(0.,0.));
#2703 = VECTOR('',#2704,1.);
#2704 = DIRECTION('',(1.,0.));
#2705 = ( GEOMETRIC_REPRESENTATION_CONTEXT(2) 
PARAMETRIC_REPRESENTATION_CONTEXT() REPRESENTATION_CONTEXT('2D SPACE',''
  ) );
#2706 = PCURVE('',#2604,#2707);
#2707 = DEFINITIONAL_REPRESENTATION('',(#2708),#2712);
#2708 = LINE('',#2709,#2710);
#2709 = CARTESIAN_POINT('',(5.725952148438,8.107421875));
#2710 = VECTOR('',#2711,1.);
#2711 = DIRECTION('',(1.,0.));
#2712 = ( GEOMETRIC_REPRESENTATION_CONTEXT(2) 
PARAMETRIC_REPRESENTATION_CONTEXT() REPRESENTATION_CONTEXT('2D SPACE',''
  ) );
#2713 = ADVANCED_FACE('',(#2714),#2425,.T.);
#2714 = FACE_BOUND('',#2715,.T.);
#2715 = EDGE_LOOP('',(#2716,#2717,#2718,#2741));
#2716 = ORIENTED_EDGE('',*,*,#2670,.T.);
#2717 = ORIENTED_EDGE('',*,*,#2409,.T.);
#2718 = ORIENTED_EDGE('',*,*,#2719,.F.);
#2719 = EDGE_CURVE('',#2720,#2410,#2722,.T.);
#2720 = VERTEX_POINT('',#2721);
#2721 = CARTESIAN_POINT('',(101.19714355468,4.173950195312,-2.4));
#2722 = SURFACE_CURVE('',#2723,(#2727,#2734),.PCURVE_S1.);
#2723 = LINE('',#2724,#2725);
#2724 = CARTESIAN_POINT('',(101.19714355468,4.173950195312,-2.4));
#2725 = VECTOR('',#2726,1.);
#2726 = DIRECTION('',(0.,0.,1.));
#2727 = PCURVE('',#2425,#2728);
#2728 = DEFINITIONAL_REPRESENTATION('',(#2729),#2733);
#2729 = LINE('',#2730,#2731);
#2730 = CARTESIAN_POINT('',(1.,0.));
#2731 = VECTOR('',#2732,1.);
#2732 = DIRECTION('',(0.,-1.));
#2733 = ( GEOMETRIC_REPRESENTATION_CONTEXT(2) 
PARAMETRIC_REPRESENTATION_CONTEXT() REPRESENTATION_CONTEXT('2D SPACE',''
  ) );
#2734 = PCURVE('',#2455,#2735);
#2735 = DEFINITIONAL_REPRESENTATION('',(#2736),#2740);
#2736 = LINE('',#2737,#2738);
#2737 = CARTESIAN_POINT('',(0.,0.));
#2738 = VECTOR('',#2739,1.);
#2739 = DIRECTION('',(0.,-1.));
#2740 = ( GEOMETRIC_REPRESENTATION_CONTEXT(2) 
PARAMETRIC_REPRESENTATION_CONTEXT() REPRESENTATION_CONTEXT('2D SPACE',''
  ) );
#2741 = ORIENTED_EDGE('',*,*,#2742,.F.);
#2742 = EDGE_CURVE('',#2671,#2720,#2743,.T.);
#2743 = SURFACE_CURVE('',#2744,(#2748,#2755),.PCURVE_S1.);
#2744 = B_SPLINE_CURVE_WITH_KNOTS('',2,(#2745,#2746,#2747),
  .UNSPECIFIED.,.F.,.F.,(3,3),(0.,1.),.PIECEWISE_BEZIER_KNOTS.);
#2745 = CARTESIAN_POINT('',(100.98596191406,4.107421875,-2.4));
#2746 = CARTESIAN_POINT('',(101.12268066406,4.107421875,-2.4));
#2747 = CARTESIAN_POINT('',(101.19714355468,4.173950195312,-2.4));
#2748 = PCURVE('',#2425,#2749);
#2749 = DEFINITIONAL_REPRESENTATION('',(#2750),#2754);
#2750 = LINE('',#2751,#2752);
#2751 = CARTESIAN_POINT('',(0.,0.));
#2752 = VECTOR('',#2753,1.);
#2753 = DIRECTION('',(1.,0.));
#2754 = ( GEOMETRIC_REPRESENTATION_CONTEXT(2) 
PARAMETRIC_REPRESENTATION_CONTEXT() REPRESENTATION_CONTEXT('2D SPACE',''
  ) );
#2755 = PCURVE('',#2604,#2756);
#2756 = DEFINITIONAL_REPRESENTATION('',(#2757),#2761);
#2757 = B_SPLINE_CURVE_WITH_KNOTS('',2,(#2758,#2759,#2760),
  .UNSPECIFIED.,.F.,.F.,(3,3),(0.,1.),.PIECEWISE_BEZIER_KNOTS.);
#2758 = CARTESIAN_POINT('',(5.985961914062,8.107421875));
#2759 = CARTESIAN_POINT('',(6.122680664062,8.107421875));
#2760 = CARTESIAN_POINT('',(6.197143554688,8.173950195312));
#2761 = ( GEOMETRIC_REPRESENTATION_CONTEXT(2) 
PARAMETRIC_REPRESENTATION_CONTEXT() REPRESENTATION_CONTEXT('2D SPACE',''
  ) );
#2762 = ADVANCED_FACE('',(#2763),#2455,.T.);
#2763 = FACE_BOUND('',#2764,.T.);
#2764 = EDGE_LOOP('',(#2765,#2766,#2767,#2790));
#2765 = ORIENTED_EDGE('',*,*,#2719,.T.);
#2766 = ORIENTED_EDGE('',*,*,#2439,.T.);
#2767 = ORIENTED_EDGE('',*,*,#2768,.F.);
#2768 = EDGE_CURVE('',#2769,#2440,#2771,.T.);
#2769 = VERTEX_POINT('',#2770);
#2770 = CARTESIAN_POINT('',(101.27160644531,4.362548828125,-2.4));
#2771 = SURFACE_CURVE('',#2772,(#2776,#2783),.PCURVE_S1.);
#2772 = LINE('',#2773,#2774);
#2773 = CARTESIAN_POINT('',(101.27160644531,4.362548828125,-2.4));
#2774 = VECTOR('',#2775,1.);
#2775 = DIRECTION('',(0.,0.,1.));
#2776 = PCURVE('',#2455,#2777);
#2777 = DEFINITIONAL_REPRESENTATION('',(#2778),#2782);
#2778 = LINE('',#2779,#2780);
#2779 = CARTESIAN_POINT('',(1.,0.));
#2780 = VECTOR('',#2781,1.);
#2781 = DIRECTION('',(0.,-1.));
#2782 = ( GEOMETRIC_REPRESENTATION_CONTEXT(2) 
PARAMETRIC_REPRESENTATION_CONTEXT() REPRESENTATION_CONTEXT('2D SPACE',''
  ) );
#2783 = PCURVE('',#2485,#2784);
#2784 = DEFINITIONAL_REPRESENTATION('',(#2785),#2789);
#2785 = LINE('',#2786,#2787);
#2786 = CARTESIAN_POINT('',(0.,0.));
#2787 = VECTOR('',#2788,1.);
#2788 = DIRECTION('',(0.,-1.));
#2789 = ( GEOMETRIC_REPRESENTATION_CONTEXT(2) 
PARAMETRIC_REPRESENTATION_CONTEXT() REPRESENTATION_CONTEXT('2D SPACE',''
  ) );
#2790 = ORIENTED_EDGE('',*,*,#2791,.F.);
#2791 = EDGE_CURVE('',#2720,#2769,#2792,.T.);
#2792 = SURFACE_CURVE('',#2793,(#2797,#2804),.PCURVE_S1.);
#2793 = B_SPLINE_CURVE_WITH_KNOTS('',2,(#2794,#2795,#2796),
  .UNSPECIFIED.,.F.,.F.,(3,3),(0.,1.),.PIECEWISE_BEZIER_KNOTS.);
#2794 = CARTESIAN_POINT('',(101.19714355468,4.173950195312,-2.4));
#2795 = CARTESIAN_POINT('',(101.27160644531,4.240478515625,-2.4));
#2796 = CARTESIAN_POINT('',(101.27160644531,4.362548828125,-2.4));
#2797 = PCURVE('',#2455,#2798);
#2798 = DEFINITIONAL_REPRESENTATION('',(#2799),#2803);
#2799 = LINE('',#2800,#2801);
#2800 = CARTESIAN_POINT('',(0.,0.));
#2801 = VECTOR('',#2802,1.);
#2802 = DIRECTION('',(1.,0.));
#2803 = ( GEOMETRIC_REPRESENTATION_CONTEXT(2) 
PARAMETRIC_REPRESENTATION_CONTEXT() REPRESENTATION_CONTEXT('2D SPACE',''
  ) );
#2804 = PCURVE('',#2604,#2805);
#2805 = DEFINITIONAL_REPRESENTATION('',(#2806),#2810);
#2806 = B_SPLINE_CURVE_WITH_KNOTS('',2,(#2807,#2808,#2809),
  .UNSPECIFIED.,.F.,.F.,(3,3),(0.,1.),.PIECEWISE_BEZIER_KNOTS.);
#2807 = CARTESIAN_POINT('',(6.197143554688,8.173950195312));
#2808 = CARTESIAN_POINT('',(6.271606445312,8.240478515625));
#2809 = CARTESIAN_POINT('',(6.271606445312,8.362548828125));
#2810 = ( GEOMETRIC_REPRESENTATION_CONTEXT(2) 
PARAMETRIC_REPRESENTATION_CONTEXT() REPRESENTATION_CONTEXT('2D SPACE',''
  ) );
#2811 = ADVANCED_FACE('',(#2812),#2485,.T.);
#2812 = FACE_BOUND('',#2813,.T.);
#2813 = EDGE_LOOP('',(#2814,#2815,#2816,#2839));
#2814 = ORIENTED_EDGE('',*,*,#2768,.T.);
#2815 = ORIENTED_EDGE('',*,*,#2469,.T.);
#2816 = ORIENTED_EDGE('',*,*,#2817,.F.);
#2817 = EDGE_CURVE('',#2818,#2470,#2820,.T.);
#2818 = VERTEX_POINT('',#2819);
#2819 = CARTESIAN_POINT('',(101.19714355468,4.550537109375,-2.4));
#2820 = SURFACE_CURVE('',#2821,(#2825,#2832),.PCURVE_S1.);
#2821 = LINE('',#2822,#2823);
#2822 = CARTESIAN_POINT('',(101.19714355468,4.550537109375,-2.4));
#2823 = VECTOR('',#2824,1.);
#2824 = DIRECTION('',(0.,0.,1.));
#2825 = PCURVE('',#2485,#2826);
#2826 = DEFINITIONAL_REPRESENTATION('',(#2827),#2831);
#2827 = LINE('',#2828,#2829);
#2828 = CARTESIAN_POINT('',(1.,0.));
#2829 = VECTOR('',#2830,1.);
#2830 = DIRECTION('',(0.,-1.));
#2831 = ( GEOMETRIC_REPRESENTATION_CONTEXT(2) 
PARAMETRIC_REPRESENTATION_CONTEXT() REPRESENTATION_CONTEXT('2D SPACE',''
  ) );
#2832 = PCURVE('',#2513,#2833);
#2833 = DEFINITIONAL_REPRESENTATION('',(#2834),#2838);
#2834 = LINE('',#2835,#2836);
#2835 = CARTESIAN_POINT('',(0.,0.));
#2836 = VECTOR('',#2837,1.);
#2837 = DIRECTION('',(0.,-1.));
#2838 = ( GEOMETRIC_REPRESENTATION_CONTEXT(2) 
PARAMETRIC_REPRESENTATION_CONTEXT() REPRESENTATION_CONTEXT('2D SPACE',''
  ) );
#2839 = ORIENTED_EDGE('',*,*,#2840,.F.);
#2840 = EDGE_CURVE('',#2769,#2818,#2841,.T.);
#2841 = SURFACE_CURVE('',#2842,(#2846,#2853),.PCURVE_S1.);
#2842 = B_SPLINE_CURVE_WITH_KNOTS('',2,(#2843,#2844,#2845),
  .UNSPECIFIED.,.F.,.F.,(3,3),(0.,1.),.PIECEWISE_BEZIER_KNOTS.);
#2843 = CARTESIAN_POINT('',(101.27160644531,4.362548828125,-2.4));
#2844 = CARTESIAN_POINT('',(101.27160644531,4.484619140625,-2.4));
#2845 = CARTESIAN_POINT('',(101.19714355468,4.550537109375,-2.4));
#2846 = PCURVE('',#2485,#2847);
#2847 = DEFINITIONAL_REPRESENTATION('',(#2848),#2852);
#2848 = LINE('',#2849,#2850);
#2849 = CARTESIAN_POINT('',(0.,0.));
#2850 = VECTOR('',#2851,1.);
#2851 = DIRECTION('',(1.,0.));
#2852 = ( GEOMETRIC_REPRESENTATION_CONTEXT(2) 
PARAMETRIC_REPRESENTATION_CONTEXT() REPRESENTATION_CONTEXT('2D SPACE',''
  ) );
#2853 = PCURVE('',#2604,#2854);
#2854 = DEFINITIONAL_REPRESENTATION('',(#2855),#2859);
#2855 = B_SPLINE_CURVE_WITH_KNOTS('',2,(#2856,#2857,#2858),
  .UNSPECIFIED.,.F.,.F.,(3,3),(0.,1.),.PIECEWISE_BEZIER_KNOTS.);
#2856 = CARTESIAN_POINT('',(6.271606445312,8.362548828125));
#2857 = CARTESIAN_POINT('',(6.271606445312,8.484619140625));
#2858 = CARTESIAN_POINT('',(6.197143554688,8.550537109375));
#2859 = ( GEOMETRIC_REPRESENTATION_CONTEXT(2) 
PARAMETRIC_REPRESENTATION_CONTEXT() REPRESENTATION_CONTEXT('2D SPACE',''
  ) );
#2860 = ADVANCED_FACE('',(#2861),#2513,.T.);
#2861 = FACE_BOUND('',#2862,.T.);
#2862 = EDGE_LOOP('',(#2863,#2864,#2865,#2866));
#2863 = ORIENTED_EDGE('',*,*,#2817,.T.);
#2864 = ORIENTED_EDGE('',*,*,#2499,.T.);
#2865 = ORIENTED_EDGE('',*,*,#2543,.F.);
#2866 = ORIENTED_EDGE('',*,*,#2867,.F.);
#2867 = EDGE_CURVE('',#2818,#2544,#2868,.T.);
#2868 = SURFACE_CURVE('',#2869,(#2873,#2880),.PCURVE_S1.);
#2869 = B_SPLINE_CURVE_WITH_KNOTS('',2,(#2870,#2871,#2872),
  .UNSPECIFIED.,.F.,.F.,(3,3),(0.,1.),.PIECEWISE_BEZIER_KNOTS.);
#2870 = CARTESIAN_POINT('',(101.19714355468,4.550537109375,-2.4));
#2871 = CARTESIAN_POINT('',(101.12268066406,4.616455078125,-2.4));
#2872 = CARTESIAN_POINT('',(100.98596191406,4.616455078125,-2.4));
#2873 = PCURVE('',#2513,#2874);
#2874 = DEFINITIONAL_REPRESENTATION('',(#2875),#2879);
#2875 = LINE('',#2876,#2877);
#2876 = CARTESIAN_POINT('',(0.,0.));
#2877 = VECTOR('',#2878,1.);
#2878 = DIRECTION('',(1.,0.));
#2879 = ( GEOMETRIC_REPRESENTATION_CONTEXT(2) 
PARAMETRIC_REPRESENTATION_CONTEXT() REPRESENTATION_CONTEXT('2D SPACE',''
  ) );
#2880 = PCURVE('',#2604,#2881);
#2881 = DEFINITIONAL_REPRESENTATION('',(#2882),#2886);
#2882 = B_SPLINE_CURVE_WITH_KNOTS('',2,(#2883,#2884,#2885),
  .UNSPECIFIED.,.F.,.F.,(3,3),(0.,1.),.PIECEWISE_BEZIER_KNOTS.);
#2883 = CARTESIAN_POINT('',(6.197143554688,8.550537109375));
#2884 = CARTESIAN_POINT('',(6.122680664062,8.616455078125));
#2885 = CARTESIAN_POINT('',(5.985961914062,8.616455078125));
#2886 = ( GEOMETRIC_REPRESENTATION_CONTEXT(2) 
PARAMETRIC_REPRESENTATION_CONTEXT() REPRESENTATION_CONTEXT('2D SPACE',''
  ) );
#2887 = ADVANCED_FACE('',(#2888),#2604,.T.);
#2888 = FACE_BOUND('',#2889,.T.);
#2889 = EDGE_LOOP('',(#2890,#2891,#2892,#2893,#2894,#2895,#2896));
#2890 = ORIENTED_EDGE('',*,*,#2867,.T.);
#2891 = ORIENTED_EDGE('',*,*,#2590,.T.);
#2892 = ORIENTED_EDGE('',*,*,#2644,.T.);
#2893 = ORIENTED_EDGE('',*,*,#2693,.T.);
#2894 = ORIENTED_EDGE('',*,*,#2742,.T.);
#2895 = ORIENTED_EDGE('',*,*,#2791,.T.);
#2896 = ORIENTED_EDGE('',*,*,#2840,.T.);
#2897 = ( GEOMETRIC_REPRESENTATION_CONTEXT(3) 
GLOBAL_UNCERTAINTY_ASSIGNED_CONTEXT((#2901)) 
GLOBAL_UNIT_ASSIGNED_CONTEXT((#2898,#2899,#2900)) REPRESENTATION_CONTEXT
('Context #1','3D Context with UNIT and UNCERTAINTY') );
#2898 = ( LENGTH_UNIT() NAMED_UNIT(*) SI_UNIT(.MILLI.,.METRE.) );
#2899 = ( NAMED_UNIT(*) PLANE_ANGLE_UNIT() SI_UNIT($,.RADIAN.) );
#2900 = ( NAMED_UNIT(*) SI_UNIT($,.STERADIAN.) SOLID_ANGLE_UNIT() );
#2901 = UNCERTAINTY_MEASURE_WITH_UNIT(LENGTH_MEASURE(1.E-07),#2898,
  'distance_accuracy_value','confusion accuracy');
#2902 = PRODUCT_RELATED_PRODUCT_CATEGORY('part',$,(#7));
ENDSEC;
END-ISO-10303-21;
